time,open,high,low,close,GGI Mean,GGI Upper Inner,GGI Lower Inner,Shapes,Shapes
1674792000,22762,23099.5,22753.5,23077.5,21353.64495967486,23567.545032435206,19347.71536179523,0,0
1674806400,23077.5,23083,22903,22970,21407.293641910113,23626.79013480465,19396.29625760648,0,0
1674820800,22970,23148,22838,22931.5,21460.198804129657,23684.684104979773,19444.63901952309,0,0
1674835200,22931.5,23299.5,22919.5,23261.5,21512.510225390146,23741.79203505602,19492.551173651267,0,0
1674849600,23261.5,23515.5,22941.5,23066,21564.216540039008,23799.17039749459,19539.14473567724,0,0
1674864000,23066,23193,23039.5,23112,21615.240959890285,23854.36950099619,19586.29180010845,0,0
1674878400,23112,23125.5,22942,22982.5,21665.474743716048,23907.4942148689,19633.709482554896,0,0
1674892800,22982.5,23019,22901,22979.5,21714.85712498142,23958.15797313638,19681.605759803213,0,0
1674907200,22979.5,23045,22874,23012,21763.3856936538,24006.718061084477,19729.683817902867,0,0
1674921600,23012,23058.5,22968,23036.5,21811.0895931981,24052.797860301205,19778.30737220344,0,0
1674936000,23036.5,23043.5,22933,23022,21857.9376550853,24096.542523964414,19827.30252933367,0,0
1674950400,23022,23514,22962,23191.5,21904.124393829552,24140.6995187684,19874.76233185958,0,0
1674964800,23191.5,23267.5,23151,23202,21949.61935374763,24182.748551625387,19922.70600448477,0,0
1674979200,23202,23646.5,23152.5,23428.5,21994.59244714411,24225.04314464492,19969.504038753676,0,0
1674993600,23428.5,23664.5,23342.5,23523.5,22039.114965856166,24266.66445271285,20016.042560143647,0,0
1675008000,23523.5,23966,23475,23895.5,22083.406545089634,24308.78739545676,20061.75119729967,0,0
1675022400,23895.5,23908,23611.5,23737.5,22127.41271297483,24350.2465229931,20107.492255077854,0,0
1675036800,23737.5,23799.5,23564.5,23694.5,22171.045408212707,24390.627470108342,20153.448495552224,0,0
1675051200,23694.5,23764,23597.5,23646.5,22214.26467095545,24429.536879000923,20199.873510309488,0,0
1675065600,23646.5,23672.5,23011,23076.5,22256.666706983302,24469.396641190506,20244.030540249492,0,0
1675080000,23076.5,23300.5,22953,23179.5,22298.143589625877,24508.25869295508,20287.333089335152,0,0
1675094400,23179.5,23250.5,22590,22787.5,22338.44204217828,24547.680617655144,20328.0301973973,0,0
1675108800,22787.5,22841,22480.5,22830.5,22377.420719365877,24585.724052636044,20367.46841294738,0,0
1675123200,22830.5,22914,22723,22830.5,22415.19529242331,24621.514781294067,20406.582798033218,0,0
1675137600,22830.5,22986.5,22734.5,22970.5,22451.849042423248,24655.54008887886,20445.12201341453,0,0
1675152000,22970.5,22994,22801,22855.5,22487.379397925248,24687.478214768238,20483.348999321035,0,0
1675166400,22855.5,23214,22848,23115,22521.964056324505,24718.56235436407,20520.564977955517,0,0
1675180800,23115,23224.5,23076,23160,22555.697673706134,24747.62792079183,20557.909597476846,0,0
1675195200,23160,23375,22801.5,23130,22588.534590096046,24777.143799706835,20593.249127205807,0,0
1675209600,23130,23179.5,22973,23130,22620.472637411927,24804.925605323333,20628.394153703484,0,0
1675224000,23130,23164.5,23009,23072.5,22651.506648935738,24830.707840445266,20663.55726803071,0,0
1675238400,23072.5,23102.5,22910,23079.5,22681.595321777884,24854.71344093715,20698.479085804287,0,0
1675252800,23079.5,23142,22940.5,22979.5,22710.73914163041,24877.032826915303,20733.08645559796,0,0
1675267200,22979.5,23497.5,22755,23381,22739.129917715047,24901.056923750253,20764.902911472473,0,0
1675281600,23381,23866,23315,23729.5,22767.171043424274,24925.952225757683,20795.357089102363,0,0
1675296000,23729.5,24280,23692,23855.5,22795.133498764477,24952.1259497161,20824.602772270253,0,0
1675310400,23855.5,23927,23655,23779.5,22822.851401329935,24977.578853263894,20854.004671438466,0,0
1675324800,23779.5,23863.5,23751.5,23824.5,22850.333201894315,25001.433619145537,20884.311491551918,0,0
1675339200,23824.5,23949.5,23510,23849,22877.522598778312,25025.557943003423,20913.860999608114,0,0
1675353600,23849,24159.5,23728.5,23810.5,22904.526929331936,25049.979875438363,20942.82536214258,0,0
1675368000,23810.5,23950,23360,23495.5,22931.051388114578,25075.30233839137,20970.16062531291,0,0
1675382400,23495.5,23599.5,23410.5,23538,22957.01011476447,25099.083804185066,20997.751054224587,0,0
1675396800,23538,23571,23444.5,23449,22982.375694976137,25120.97510677821,21025.839575889408,0,0
1675411200,23449,23543,23314,23543,23007.12831774545,25141.608122940634,21053.862220778774,0,0
1675425600,23543,23700,23218,23603.5,23031.30823089208,25162.522446608724,21080.60350276398,0,0
1675440000,23603.5,23723,23306,23315,23054.860185550788,25183.242842058004,21106.359554600473,0,0
1675454400,23315,23475,23203,23433.5,23077.714106833762,25202.849131751147,21131.773063141343,0,0
1675468800,23433.5,23460,23335.5,23348,23099.887364367958,25220.51658794119,21157.56806114041,0,0
1675483200,23348,23371.5,23260.5,23337,23121.331519154784,25236.171892375,21183.71888963819,0,0
1675497600,23337,23378,23300,23364.5,23142.07986622113,25249.716142777666,21210.371534721027,0,0
1675512000,23364.5,23587.5,23347,23415,23162.239353718636,25262.274781589724,21236.778418304883,0,0
1675526400,23415,23471.5,23358,23424.5,23181.78494970687,25273.10635167787,21263.51806448116,0,0
1675540800,23424.5,23450,23260.5,23323.5,23200.653403110915,25282.643384941457,21290.11235636382,0,0
1675555200,23323.5,23368,23224.5,23348,23218.8250228866,25290.631923865025,21316.74040673932,0,0
1675569600,23348,23434.5,23332.5,23382,23236.378324690173,25296.957101233787,21343.645225290667,0,0
1675584000,23382,23422,23345,23363,23253.316350137567,25301.53112428096,21370.909081493057,0,0
1675598400,23363,23375,22983.5,23104,23269.433886590952,25306.05119097542,21396.72244065972,0,0
1675612800,23104,23160,22760,22901,23284.5413168126,25310.361333012803,21420.866229483265,0,0
1675627200,22901,23040,22800,22934,23298.651105706052,25313.498634745276,21444.176926232314,0,0
1675641600,22934,23098,22815.5,22893,23311.802231543254,25315.77323477814,21466.463545976992,0,0
1675656000,22893,22922.5,22612.5,22879.5,23323.893776992703,25317.25989378056,21487.47625939089,0,0
1675670400,22879.5,22934,22731,22881.5,23335.002212315914,25317.391720072217,21507.83675780782,0,0
1675684800,22881.5,23064.5,22737,23049.5,23345.258292289574,25317.076145472518,21527.015268355874,0,0
1675699200,23049.5,23165,22917.5,23029.5,23354.773564268988,25315.938301154656,21545.535533770828,0,0
1675713600,23029.5,23030,22628.5,22763.5,23363.34404082759,25314.706712966126,21562.4005033601,0,0
1675728000,22763.5,22897.5,22749.5,22875,23371.034587625065,25311.903136254685,21578.988144657826,0,0
1675742400,22875,22984,22859,22903.5,23377.949105678767,25307.537942442985,21595.482959688856,0,0
1675756800,22903.5,23062,22862,22977.5,23384.164904638503,25302.18443453086,21611.53989301659,0,0
1675771200,22977.5,23039,22872,22902,23389.676865176156,25295.663757462895,21627.302967922886,0,0
1675785600,22902,23363,22760,23088.5,23394.640228377633,25290.754952816325,21640.682234923865,0,0
1675800000,23088.5,23312.5,23025,23244.5,23399.19434019647,25285.64410058324,21653.484229719634,0,0
1675814400,23244.5,23462.5,23225,23260.5,23403.470913066485,25280.16767441104,21666.092481386575,0,0
1675828800,23260.5,23290,23181,23238,23407.40043247125,25273.51453689111,21679.074123477767,0,0
1675843200,23238,23241.5,23128,23157,23410.934807271078,25265.70718475464,21692.32250427583,0,0
1675857600,23157,23198.5,22858.5,22879.5,23413.89503843286,25257.944093209335,21704.47756348224,0,0
1675872000,22879.5,23041,22669,22876,23416.18780925352,25250.31307127166,21715.289231089868,0,0
1675886400,22876,22985,22759,22959,23417.878261696984,25241.98456801149,21725.59058508535,0,0
1675900800,22959,23011,22430,22518.5,23418.744847574442,25234.87309669427,21733.321508465953,0,0
1675915200,22518.5,22733,22355,22671,23418.75565422526,25227.658963000933,21739.55646049643,0,0
1675929600,22671,22760,22654,22674.5,23418.05751551951,25218.822391945836,21745.877316433485,0,0
1675944000,22674.5,22847.5,22532.5,22599.5,23416.645760465482,25209.660885009038,21751.157271504468,0,0
1675958400,22599.5,22616.5,21866,22034.5,23414.06134201148,25202.37481079282,21752.643258551332,0,0
1675972800,22034.5,22082,21698,21802,23410.03820218937,25194.337005870642,21752.105979223306,0,0
1675987200,21802,21939.5,21767.5,21817,23404.623493541658,25184.250442478762,21750.752603321365,0,0
1676001600,21817,21931.3,21620,21910,23397.862267425822,25173.067463977415,21747.844575113566,0,0
1676016000,21910,21928.5,21705.6,21729.5,23389.787040117128,25160.257051116394,21743.90097329138,0,0
1676030400,21729.5,21900,21500.7,21650.4,23380.3559680112,25146.901107366582,21737.90889211327,0,0
1676044800,21650.4,21794,21548.5,21770.1,23369.660120137814,25132.099433475265,21730.81542894562,0,0
1676059200,21770.1,21789.5,21431.1,21624.2,23357.673728033948,25116.545708048725,21721.972771536537,0,0
1676073600,21624.2,21715,21602.5,21669.7,23344.51603539761,25098.797047384807,21712.850536146292,0,0
1676088000,21669.7,21706,21632.6,21685,23330.265463567546,25078.73955215626,21703.693898513087,0,0
1676102400,21685,21702.9,21648.4,21689,23314.991327328706,25056.386875541695,21694.621147633476,0,0
1676116800,21689,21776,21658.9,21728.7,23298.797798168904,25032.302208329387,21685.339779068927,0,0
1676131200,21728.7,21728.7,21604.5,21653.7,23281.68175579393,25006.57031219083,21675.771551679853,0,0
1676145600,21653.7,21890,21637,21847.1,23263.835697352642,24980.232555666116,21665.372816181436,0,0
1676160000,21847.1,21869.5,21753.3,21772.9,23245.318183792617,24952.50224952552,21654.935126838212,0,0
1676174400,21772.9,21807.3,21760,21793.2,23226.166370910978,24923.03430108996,21644.82854584219,0,0
1676188800,21793.2,21946.2,21791.1,21875.2,23206.514695782556,24892.694703669207,21634.553058098212,0,0
1676203200,21875.2,21990,21755,21933.6,23186.42832356734,24862.07023785489,21623.720521284755,0,0
1676217600,21933.6,22079,21900,21983.2,23166.043720393798,24830.95928450552,21612.760727696714,0,0
1676232000,21983.2,22015.5,21625.3,21776.9,23145.209867922782,24800.52411901804,21600.379784691453,0,0
1676246400,21776.9,21867.1,21617,21801.4,23123.923223120215,24769.861448613374,21587.356325672623,0,0
1676260800,21801.4,21887,21774,21860.8,23102.306629541403,24738.253447253715,21574.545379419356,0,0
1676275200,21860.8,21867,21413,21596.6,23080.176590716186,24707.651651429478,21559.90212966371,0,0
1676289600,21596.6,21694,21553.8,21559.1,23057.55519484735,24676.080601700945,21545.19026521517,0,0
1676304000,21559.1,21673,21327.5,21607.2,23034.41953443103,24644.822051459025,21529.247895574317,1,0
1676318400,21607.2,21843,21559.7,21768,23011.009507167404,24613.69817917359,21512.677805847987,0,0
1676332800,21768,21810.8,21678.1,21693.4,22987.365427099576,24581.81487705469,21496.336699380685,0,0
1676347200,21693.4,21785,21680.5,21761.9,22963.537377434903,24549.085212021626,21480.395066885038,0,0
1676361600,21761.9,21878.9,21666,21802.9,22939.598821568215,24516.285012199798,21464.31214324004,0,0
1676376000,21802.9,22310.7,21514.2,22030.4,22915.750220337555,24487.151410019793,21445.189739220725,0,0
1676390400,22030.4,22245,21910.4,22199,22892.178345603646,24458.91775790184,21425.797927531818,0,0
1676404800,22199,22286.5,22107.2,22184.1,22868.96837186301,24430.715171097323,21407.057089020138,0,0
1676419200,22184.1,22186.2,22032,22090.5,22846.037643223866,24402.32993162103,21389.000044592452,0,0
1676433600,22090.5,22159.9,22067,22100.5,22823.4025788656,24373.44066557978,21371.9397447483,0,0
1676448000,22100.5,22490.7,22080.2,22427.3,22801.293798382394,24346.208134869594,21354.413631892505,0,0
1676462400,22427.3,22914.1,22427.3,22802.2,22780.081995497727,24321.381984075935,21336.45761007178,0,0
1676476800,22802.2,23360,22723.4,23308.2,22760.145856096755,24300.11003301634,21317.773404604486,0,0
1676491200,23308.2,24428.9,23284,24330.3,22742.269959431604,24285.80329565921,21296.83900553169,0,0
1676505600,24330.3,24939.9,24286.4,24740.9,22726.95618057158,24275.96444475523,21276.78751585964,0,0
1676520000,24740.9,24760.1,24450,24626.2,22714.064620190682,24268.53230148057,21259.164961480692,0,0
1676534400,24626.2,24673.3,24519.6,24585,22703.481491609004,24262.555492758904,21244.591155851933,0,0
1676548800,24585,25121.9,24301,25100.5,22695.33407074386,24261.748276734532,21230.052455724886,0,0
1676563200,25100.5,25296.1,24547.9,24874.2,22689.57916319669,24265.527860246013,21215.98201234226,0,0
1676577600,24874.2,24879.1,23505,23515.5,22685.274627611187,24276.307802111594,21198.51540543481,0,0
1676592000,23515.5,23915.5,23340,23841.1,22682.114931805176,24289.257348012274,21181.311985305383,0,0
1676606400,23841.1,23882.2,23612,23640,22680.06451025152,24302.58051754258,21165.872727707516,0,0
1676620800,23640,23869.3,23529.9,23789.4,22679.09359149491,24316.653858798876,21151.811804306843,0,0
1676635200,23789.4,24290,23685.2,24128.4,22679.435656107715,24333.16550938075,21138.09654075787,0,0
1676649600,24128.4,24567.7,23908.2,24526.8,22681.304687582084,24352.55292336416,21124.749587850027,0,0
1676664000,24526.8,25043.9,24049.6,24578,22684.83258306727,24376.64676230912,21110.435505734175,0,0
1676678400,24578,24794.9,24511.5,24612,22690.01788897788,24401.484716176168,21098.58960593664,0,0
1676692800,24612,24678.8,24427.4,24515.5,22696.696593128378,24426.75292561337,21089.17373542353,0,0
1676707200,24515.5,24610.3,24442.2,24526.1,22704.785857753363,24451.94935776732,21082.46231430554,0,0
1676721600,24526.1,24741,24495.1,24675,22714.316994680812,24477.574942967814,21078.07647354668,0,0
1676736000,24675,24886.6,24562.3,24607,22725.262978631115,24504.049289048897,21075.6014794152,0,0
1676750400,24607,24672,24502.2,24637.9,22737.481556990468,24530.412100613103,21075.59650583938,0,0
1676764800,24637.9,24774.1,24627.8,24678,22750.98739794236,24556.598896086605,21078.139923677263,0,0
1676779200,24678,24855.5,24560.5,24576.4,22765.688074548932,24583.36411042031,21082.409680779787,0,0
1676793600,24576.4,24722.5,24564,24676.2,22781.511247050177,24609.91749569812,21088.947364012733,0,0
1676808000,24676.2,25071.5,24663.7,24924.9,22798.602080427336,24637.793729145375,21096.704621193185,0,0
1676822400,24924.9,25197.5,24270.9,24519.2,22816.69295376358,24669.50776947933,21103.03465358978,0,0
1676836800,24519.2,24583.9,24168.8,24266.9,22835.435511445245,24701.83485768289,21110.055912918884,0,0
1676851200,24266.9,24471.8,23816.7,24416.9,22854.690368036307,24735.969317301187,21116.49093344691,0,0
1676865600,24416.9,24550.9,24406.5,24501.1,22874.64610682292,24769.21169822625,21124.99343488834,0,0
1676880000,24501.1,24988,24371,24895.2,22895.49357020117,24804.386121251595,21133.505310740285,0,0
1676894400,24895.2,25149.6,24723.9,24951,22917.346233741035,24840.503114616044,21143.08055572901,0,0
1676908800,24951,24960.9,24638,24884.2,22940.04164831601,24876.838290010397,21154.035118594376,0,0
1676923200,24884.2,24904.3,24652.5,24853.5,22963.502905365876,24912.941628857843,21166.6078434481,0,0
1676937600,24853.5,25113.3,24791.3,24933.2,22987.804405245723,24949.29729001026,21180.522450442822,0,0
1676952000,24933.2,25050,24860,25001.1,23012.911504363467,24985.17135093047,21196.33635764286,0,0
1676966400,25001.1,25295,24534.3,24575.7,23038.617825094378,25023.486641808253,21211.189267444195,0,0
1676980800,24575.7,24789,24360,24559,23064.666037222265,25062.11376140647,21226.414678070632,0,0
1676995200,24559,24759,24280,24609.7,23091.000483728392,25101.268109749606,21241.7277489039,0,0
1677009600,24609.7,24640.1,24152,24455.5,23117.463580378582,25140.825339495263,21256.94424003581,0,0
1677024000,24455.5,24476,23855,24198.9,23143.805847414114,25181.269347143476,21271.19732205086,0,0
1677038400,24198.9,24220,23931.9,24055.8,23169.908332676474,25220.548520286324,21286.002233964737,0,0
1677052800,24055.8,24219.4,23860.5,24160,23195.76663893222,25259.088186065495,21300.990202196594,0,0
1677067200,24160,24234.3,23632.3,23720.1,23221.16318476914,25298.05876239674,21314.774572947972,0,0
1677081600,23720.1,23981.7,23570.3,23790.1,23246.016378300646,25336.249189850132,21328.227134610774,0,0
1677096000,23790.1,24220.7,23737.1,24180.2,23270.574439841905,25374.320050430302,21341.24712244418,0,0
1677110400,24180.2,24602.9,24121.7,24460,23295.150523000255,25412.537708167925,21354.185249858758,0,0
1677124800,24460,24532,24317.5,24381.4,23319.73545080399,25449.3681063477,21368.312927182054,0,0
1677139200,24381.4,24500,23634,23780.2,23343.897329830594,25488.13387464533,21380.048662085697,0,0
1677153600,23780.2,24229.3,23590.5,23947.3,23367.58477857848,25527.394858273175,21390.510916435527,0,0
1677168000,23947.3,24062.4,23726,23970.8,23390.79264393718,25565.346689835715,21401.20324396749,0,0
1677182400,23970.8,24079.6,23750.5,23936.4,23413.521220333296,25601.96481173955,21412.14473053367,0,0
1677196800,23936.4,24130,23895.2,23949.9,23435.834604668926,25636.788237512923,21423.835877137168,0,0
1677211200,23949.9,23978.8,23770,23836.5,23457.606056031684,25669.57837443811,21436.241525023455,0,0
1677225600,23836.5,23970,23762,23887.2,23478.848207229206,25700.393631922583,21449.333462869297,0,0
1677240000,23887.2,24030,23321.1,23345,23499.268685761548,25731.915256126216,21460.339165159603,0,0
1677254400,23345,23346.3,22800,23177.9,23518.43727400303,25762.726093723286,21469.65696871551,0,0
1677268800,23177.9,23326.7,22964.4,23185.1,23536.43733010398,25791.762046430908,21478.32634298712,0,0
1677283200,23185.1,23212.8,23045.1,23074.3,23553.253077293968,25817.84335124482,21487.29942217695,0,0
1677297600,23074.3,23122.8,23014.4,23115,23568.891541183028,25840.680477286955,21496.827413980343,0,0
1677312000,23115,23150,22906,22983,23583.31677372269,25861.13228977795,21506.128340311952,0,0
1677326400,22983,23085.8,22860,23004,23596.53635317597,25879.138363453236,21515.265309337672,0,0
1677340800,23004,23078,22910.1,22985.5,23608.596139311336,25894.43810905624,21524.53779154122,0,0
1677355200,22985.5,23188,22712.3,23154.8,23619.56036599328,25909.039997138963,21532.393015889647,0,0
1677369600,23154.8,23248.7,23060.1,23212.1,23629.618145001274,25921.364518767226,21540.488475223527,0,0
1677384000,23212.1,23223.3,23089.1,23141,23638.77606115958,25931.142159495525,21549.05982284439,0,0
1677398400,23141,23288,23110,23243.4,23647.12522728945,25938.80245900169,21557.9162684533,0,0
1677412800,23243.4,23320,23117,23244.7,23654.705240359996,25944.592922067728,21566.92462622459,0,0
1677427200,23244.7,23544,23135.3,23492.5,23661.701681673065,25949.993563963068,21575.193269026233,0,0
1677441600,23492.5,23685.7,23313.7,23548.3,23668.254805788518,25954.9139164772,21583.053111037407,0,0
1677456000,23548.3,23637.2,23423.2,23538.9,23674.39398341314,25958.443050720143,21591.31537229539,0,0
1677470400,23538.9,23540.4,23342,23415,23680.03307960503,25960.44155863611,21599.939484259234,0,0
1677484800,23415,23443.7,23330,23422.9,23685.155289953404,25960.432249624464,21609.292777369792,0,0
1677499200,23422.9,23889,23379.6,23550,23689.97958792289,25961.065857945818,21617.569014580116,0,0
1677513600,23550,23600,23137,23270,23694.250500863098,25961.780743293355,21624.768822634815,0,0
1677528000,23270,23575,23083.8,23484.1,23698.032062787734,25962.795614580642,21630.826355753616,0,0
1677542400,23484.1,23544.1,23341,23451.9,23701.4049115762,25962.426585711455,21637.291604000293,0,0
1677556800,23451.9,23453,23210,23223,23704.23621906498,25960.81878923446,21643.801734105524,0,0
1677571200,23223,23418.1,23197.5,23385.4,23706.584238477055,25957.93566077032,21650.49423037714,0,0
1677585600,23385.4,23570.8,23303.9,23512.7,23708.593555150648,25954.243551934338,21657.244883233685,0,0
1677600000,23512.7,23592.9,23202,23252.5,23710.16605179657,25950.40642133516,21663.32060763318,0,0
1677614400,23252.5,23345.8,23010,23129.9,23711.13483949987,25945.92147380016,21668.83592647363,0,0
1677628800,23129.9,23485,23015,23429.7,23711.67093493837,25941.78419681576,21673.27174804785,0,0
1677643200,23429.7,23838,23413.7,23707.9,23712.127233450065,25938.033068362012,21677.240384936842,0,0
1677657600,23707.9,24028.4,23659.4,23733.8,23712.655301093153,25934.469067510847,21681.18498839309,0,0
1677672000,23733.8,23886,23554.7,23698.5,23713.160828948865,25930.776788994608,21685.196748068454,0,0
1677686400,23698.5,23737.9,23317.2,23350.1,23713.40690497878,25927.25450174931,21688.592866751667,0,0
1677700800,23350.1,23674.4,23286.2,23630,23713.464756569407,25923.775046761093,21691.60971913758,0,0
1677715200,23630,23788.2,23422,23495.1,23713.379668944784,25920.23770353312,21694.414293387246,0,0
1677729600,23495.1,23539.5,23333.3,23388.4,23713.013713658172,25915.55003260614,21697.668723089548,0,0
1677744000,23388.4,23476.8,23337.2,23412.4,23712.368122418266,25909.357830985347,21701.67264047911,0,0
1677758400,23412.4,23428.1,23186.4,23355,23711.37181084254,25902.258851822753,21705.796253845012,0,0
1677772800,23355,23502.4,23223.1,23464.6,23710.113069641844,25894.60066127327,21709.910460830346,0,0
1677787200,23464.6,23567,23380.5,23462.5,23708.676146901,25885.932570730387,21714.547973218818,0,0
1677801600,23462.5,23469.9,21905,22320,23706.170327606786,25883.867429607035,21711.69023059845,0,0
1677816000,22320,22403.1,22253.1,22352.7,23702.411778139834,25879.14952914153,21708.763012782758,0,0
1677830400,22352.7,22468,22270.7,22335.1,23697.481303115597,25872.218286973686,21705.54584390842,0,0
1677844800,22335.1,22495,22140,22330,23691.398205418194,25864.128634152334,21701.189197866355,0,0
1677859200,22330,22438.1,22184,22351.5,23684.22229528092,25854.311635738835,21696.280049354784,0,0
1677873600,22351.5,22370.3,22141,22345.8,23675.969241064326,25842.65872982694,21690.938434939344,0,0
1677888000,22345.8,22377.8,22313.1,22341.2,23666.754735134004,25828.29446918278,21686.111731507997,0,0
1677902400,22341.2,22394.8,22262.5,22349.2,23656.621956149113,25811.768407031643,21681.418861006834,0,0
1677916800,22349.2,22364.5,22315.6,22336.8,23645.62544453729,25792.677795980333,21677.299545473514,0,0
1677931200,22336.8,22385,22296.2,22304.5,23633.80409623625,25771.39576589953,21673.513578117887,0,0
1677945600,22304.5,22333.7,22206.2,22233.9,23621.134360101474,25748.20891215772,21669.77867709126,0,0
1677960000,22233.9,22369,22152,22336.6,23607.695509999718,25723.818763418945,21665.65129456646,0,0
1677974400,22336.6,22672.9,22173,22371,23593.657588769667,25700.18136851014,21659.795720281276,0,0
1677988800,22371,22462.3,22355.5,22364.9,23579.04997804931,25674.8402676968,21654.335219637233,0,0
1678003200,22364.9,22440.4,22309.1,22381.7,23563.895493615433,25648.033702068205,21649.112648711736,0,0
1678017600,22381.7,22488.6,22381.6,22422.8,23548.288676896696,25619.764190597274,21644.301465271743,0,0
1678032000,22422.8,22442.6,22354.9,22393.8,23532.23120009468,25589.97310793647,21639.95651417721,0,0
1678046400,22393.8,22569.2,22306.7,22419,23515.794474438222,25559.8753522812,21635.18335447066,0,0
1678060800,22419,22498.9,22234.4,22372.9,23498.94840926305,25529.464192332198,21629.93207303819,0,0
1678075200,22372.9,22420,22302.7,22379,23481.72689802897,25497.876669192792,21624.996671970846,0,0
1678089600,22379,22435,22343.4,22372.1,23464.180682183745,25465.059259794987,21620.51811736477,0,0
1678104000,22372.1,22594.7,22352.7,22538.9,23446.454969442686,25432.14385295431,21615.80454296793,0,0
1678118400,22538.9,22570,22333.7,22386.6,23428.509864564367,25399.064007874746,21610.838663338538,0,0
1678132800,22386.6,22435,22310,22398.5,23410.32394953879,25365.1308364847,21606.167575294145,0,0
1678147200,22398.5,22541.2,22371.7,22445.9,23391.998680812732,25330.76621731867,21601.620637477332,0,0
1678161600,22445.9,22468.6,22400,22403.9,23373.529815014812,25295.380546020446,21597.69429123436,0,0
1678176000,22403.9,22422.3,22316,22340.4,23354.877340613,25259.21963758523,21594.10715853862,0,0
1678190400,22340.4,22485.7,21919,22314.1,23335.94712581584,25225.05903084551,21588.311353125882,0,0
1678204800,22314.1,22383,22032.3,22120.1,23316.7088727672,25191.446657427008,21581.48835398839,0,0
1678219200,22120.1,22218.9,21933.8,22188.9,23297.130359171802,25157.92884944638,21573.965258439315,0,0
1678233600,22188.9,22280,22071.2,22139.5,23277.297247556548,25124.1147700863,21566.235153336802,0,0
1678248000,22139.5,22152.3,21821.7,21961.4,23257.05282810059,25090.612292616453,21557.48532323511,0,0
1678262400,21961.4,22139,21935.5,22062.1,23236.504649448427,25056.728841594217,21548.50905468335,0,0
1678276800,22062.1,22227,21865,22128.1,23215.715584132646,25023.51969232994,21538.51483364832,0,0
1678291200,22128.1,22214,21935.2,21994,23194.691582846965,24990.446912900974,21527.975049764314,0,0
1678305600,21994,22130,21559,21702,23173.208750571655,24959.08516301881,21515.11564988068,0,0
1678320000,21702,21805.7,21626.6,21764.6,23151.243419765404,24926.903275899727,21502.07211657281,0,0
1678334400,21764.6,21764.6,21664.6,21682.9,23128.810926145794,24893.451451163284,21489.261780627967,0,0
1678348800,21682.9,21704.7,21528.8,21674.9,23105.885589753478,24859.22348577026,21476.211804941464,0,0
1678363200,21674.9,21837.5,21555,21637.7,23082.555125440867,24824.991565069915,21462.418213615852,0,0
1678377600,21637.7,21669.9,20753.5,20849.9,23058.25225915471,24794.18134236067,21443.8617635839,0,0
1678392000,20849.9,20863.3,20016,20355.6,23032.31872352123,24765.64631845094,21420.305327813792,0,0
1678406400,20355.6,20358.1,19755,20040.1,23004.461187805726,24737.360738879164,21392.954572939536,0,0
1678420800,20040.1,20050,19764.5,19939,22974.650458569824,24707.08168294951,21363.695254131297,0,0
1678435200,19939,19969.7,19535,19751.3,22942.82399755263,24675.75710514098,21331.591599797826,0,0
1678449600,19751.3,20294,19638.3,19995,22909.35920107435,24645.17963597152,21295.79685586092,0,0
1678464000,19995,20297.2,19805.2,20013,22874.4377941005,24614.31476233649,21257.545028099143,0,0
1678478400,20013,20233.9,19833,20141.4,22838.199574947146,24582.642693237813,21217.546312406565,0,0
1678492800,20141.4,20671.2,20125.3,20382.8,22801.09742457019,24551.50900775161,21175.48227282475,0,0
1678507200,20382.8,20420,19815.2,19850.1,22762.81497135087,24520.930725980877,21130.753608424806,0,0
1678521600,19850.1,20200,19760,20080,22723.432497204103,24489.830398316502,21084.441013135274,0,0
1678536000,20080,20198.4,20022.3,20051.9,22683.12901758415,24456.601797339674,21038.259783267873,0,0
1678550400,20051.9,20332.2,19973.8,20218.7,22642.08260725308,24422.669946396218,20991.312822016847,0,0
1678564800,20218.7,20526.8,20210.9,20450.1,22600.6101089142,24388.059635645517,20944.166322629007,0,0
1678579200,20450.1,20492.7,20300.1,20364.9,22558.765048187917,24352.028569965663,20897.55598952397,0,0
1678593600,20364.9,20431.6,20260.9,20333.5,22516.562655969523,24314.492656354425,20851.580207975323,0,0
1678608000,20333.5,20486.6,20325.2,20436.4,22474.143555400944,24275.584906169228,20806.383471337507,0,0
1678622400,20436.4,20448,20275.8,20351.1,22431.501571268233,24235.417022487156,20761.85700765677,0,0
1678636800,20351.1,21348.6,20330.7,20766.9,22389.172324774936,24199.893999076725,20713.935251435094,0,0
1678651200,20766.9,22139,20747.6,21978.9,22348.004987283595,24171.815706082994,20661.804350343733,0,0
1678665600,21978.9,22588,21851.4,22218.8,22308.57318651146,24147.35241088409,20609.813827607002,0,0
1678680000,22218.8,22511,22210.5,22454.6,22271.000330500578,24123.970443624054,20560.357461897343,0,0
1678694400,22454.6,22535,21804,22097.1,22234.99805199997,24103.93115222355,20510.975377841438,0,0
1678708800,22097.1,24560,21946.4,23999.9,22201.802479039136,24098.843166661165,20454.095240562587,0,0
1678723200,23999.9,24450,23755,24316.5,22171.917022068177,24097.80564624393,20399.94477713369,0,0
1678737600,24316.5,24347,23922,24112.2,22145.17430744002,24099.13542518367,20349.640617995898,0,0
1678752000,24112.2,24510.8,23982.5,24368.5,22121.595451232766,24103.42721978553,20302.713835910534,0,0
1678766400,24368.5,24850.9,24139.1,24241.4,22101.165111121165,24111.615202412413,20258.348317543157,0,0
1678780800,24241.4,24840,24120,24743.2,22083.89556429609,24123.721608379925,20216.550796429496,0,0
1678795200,24743.2,26500,24401.4,25921.8,22070.542886476018,24147.465369829115,20172.25641877893,0,0
1678809600,25921.8,26025,24241.4,25057.4,22060.523568094657,24180.38716290783,20126.50570148833,0,0
1678824000,25057.4,25188.8,23966,24684.7,22053.274594976043,24218.848846547797,20081.33926773075,0,0
1678838400,24684.7,25099.1,24316.1,24737.4,22048.77011475014,24260.329503136203,20038.815363585767,0,0
1678852800,24737.4,24941.6,24622,24892.4,22046.980530612727,24302.301915750173,20000.95925901563,0,0
1678867200,24892.4,24941.4,24262.5,24778.1,22047.65303857785,24346.49396120319,19965.87292133821,0,0
1678881600,24778.1,25211,24373,24471.2,22050.70125624998,24393.62299220617,19932.80891681147,0,0
1678896000,24471.2,24526,23868.1,24384,22055.649602371093,24442.251452484037,19902.081456294596,0,0
1678910400,24384,24647,24220.3,24284.9,22062.52118321368,24491.1129942036,19874.75379640584,0,0
1678924800,24284.9,24443.3,24123.2,24273.7,22071.1365326474,24539.48614017821,19851.07043644171,0,0
1678939200,24273.7,24688,24183,24614.7,22081.60170348803,24588.550581371488,19830.251164169626,0,0
1678953600,24614.7,25068.7,24375,24821.2,22094.05387200003,24639.472359904536,19811.59374553793,0,0
1678968000,24821.2,25031,24489.9,24880.5,22108.43735930799,24691.35187656426,19795.71652916957,0,0
1678982400,24880.5,25175,24593.3,24949.1,22124.748854591984,24744.412336337886,19782.426239313743,0,0
1678996800,24949.1,25106.8,24615,24989.2,22142.89156648237,24798.07890528286,19772.0012424246,0,0
1679011200,24989.2,25888,24878.6,25770.4,22163.289901176242,24855.546416698933,19762.648183568625,0,0
1679025600,25770.4,26219.2,25643.9,26050.4,22186.21459878657,24914.684802469106,19756.54607417025,0,0
1679040000,26050.4,26976.5,25907.9,26914.4,22212.054818578876,24978.41907596417,19752.06588387775,0,0
1679054400,26914.4,26933,26100,26409,22240.573656111967,25045.200860406294,19750.01595355212,0,0
1679068800,26409,26859.7,26237,26828.3,22271.76881260582,25113.929511919665,19751.257397084468,0,0
1679083200,26828.3,27766,26568.3,27382.2,22305.983659177546,25187.82494106194,19753.86553494596,0,0
1679097600,27382.2,27720,27039.3,27289.4,22343.156817229945,25264.115464880844,19759.910346090695,0,0
1679112000,27289.4,27602.4,27207.1,27350,22383.169567799385,25341.2557272748,19770.380966623816,0,0
1679126400,27350,27517.5,27046,27443.2,22425.83696390674,25419.497391433822,19784.74065742958,0,0
1679140800,27443.2,27640,27042,27220,22470.992405824927,25499.336762327064,19802.299346414857,0,0
1679155200,27220,27497,26555,27324.4,22518.362106867713,25582.287569442422,19821.395197734764,0,0
1679169600,27324.4,27448.9,26793,26898.2,22567.757976193232,25666.62036009889,19843.03710136269,0,0
1679184000,26898.2,27237.8,26898.2,27190.2,22619.11117435882,25750.653484400245,19868.396374016145,0,0
1679198400,27190.2,27276.9,26816.2,26964.9,22672.23198335044,25834.870185456006,19896.755796212088,0,0
1679212800,26964.9,27197.5,26868,27154.9,22727.052835545786,25918.564037083932,19928.531914447936,0,0
1679227200,27154.9,27766,27087.6,27546,22783.78071239692,26003.807211323456,19962.487005539155,0,0
1679241600,27546,28375,27466.7,28244.9,22842.7438079111,26092.08499616398,19998.054764522414,0,0
1679256000,28244.9,28417.1,27715.5,27962.1,22903.81248892749,26182.156605059863,20035.95939177034,0,0
1679270400,27962.1,28044,27123,27270.1,22966.417173750535,26274.57314997471,20074.781606842247,0,0
1679284800,27270.1,28254.4,27140.4,28171.1,23030.75139038981,26370.499045339977,20113.973144534546,0,0
1679299200,28171.1,28480,27900.7,28177.4,23096.96157175751,26467.22479733478,20155.858346771704,0,0
1679313600,28177.4,28245,27569,27684,23164.64264184581,26564.847232103624,20199.651969989092,0,0
1679328000,27684,28042,27441.4,27769.9,23233.619146900433,26662.808741100434,20245.46865653808,0,0
1679342400,27769.9,28189.5,27564.2,27703.6,23303.841817353477,26761.19247618326,20293.15561821654,0,0
1679356800,27703.6,27935.4,27657.1,27769.7,23375.181513259296,26858.069570605,20343.945768009682,0,0
1679371200,27769.7,27949.7,27292.2,27488.9,23447.36648187037,26955.220484733414,20396.0117946917,0,0
1679385600,27488.9,28172.5,27368.9,28030.7,23520.53558011456,27053.569635615055,20448.894597892413,0,0
1679400000,28030.7,28238.7,27707.9,28026,23594.70136188099,27151.65814373869,20503.71765176076,0,0
1679414400,28026,28471,27913,28108.5,23669.907402383167,27249.69519636077,20560.395718195683,0,0
1679428800,28108.5,28197,27886,28090,23745.967209591265,27346.213800377907,20619.70855765017,0,0
1679443200,28090,28276.4,27927.5,28145,23822.834925942727,27441.435148624798,20681.40608663311,0,0
1679457600,28145,28289.3,28011,28087.6,23900.42834503073,27534.95822750274,20745.64523963528,0,0
1679472000,28087.6,28199,27964.4,28114.7,23978.626738253493,27626.497686003153,20812.429674855015,0,0
1679486400,28114.7,28736,28091,28579.9,24057.65214108812,27718.548798947853,20880.26435798006,0,0
1679500800,28579.9,28897,26617.9,26642.6,24136.505740350065,27818.913849141685,20941.540439470682,0,1
1679515200,26642.6,27418.2,26583.4,27233.8,24214.862675212287,27919.1965539538,21002.02178978361,0,0
1679529600,27233.8,27411.1,27103.5,27344,24292.852561198746,28016.548458685247,21064.07527074213,0,0
1679544000,27344,27681,27235.6,27622.1,24370.6163047258,28111.96012186926,21127.197694412313,0,0
1679558400,27622.1,27737,27426,27574.1,24448.152174731185,28204.7276170686,21191.913386786156,0,0
1679572800,27574.1,28780,27264,28567.9,24525.93246345312,28302.027007806562,21253.64953669028,0,0
1679587200,28567.9,28629.1,27733,28359,24603.913226255154,28400.234007277733,21315.054865039772,0,0
1679601600,28359,28443,27937.3,28278,24682.0035512797,28497.07978893281,21377.674618505105,0,0
1679616000,28278,28353.2,28110.7,28208,24760.137043516952,28591.08776109849,21442.49954868405,0,0
1679630400,28208,28335.4,28075.2,28263.9,24838.24642666895,28682.374024150697,21509.324333908615,0,0
1679644800,28263.9,28290.3,27280.3,27562.3,24915.824084356354,28774.66330411151,21574.476241182932,0,0
1679659200,27562.3,28249.1,27531.8,27994.1,24993.007809949042,28866.39785579647,21639.36222692718,0,0
1679673600,27994.1,28041.7,27470.5,27813.7,25069.61525646843,28956.563856024157,21704.426403362904,0,0
1679688000,27813.7,27852.2,26956,27437.2,25145.28412021654,29046.676438952098,21767.90569534863,0,0
1679702400,27437.2,27656.6,27406.5,27567.4,25220.095990807986,29133.07173824286,21832.68717766636,0,0
1679716800,27567.4,27599.7,27357.2,27472.9,25293.95726551598,29215.695916109747,21898.649136643253,0,0
1679731200,27472.9,27518,27287.6,27443.8,25366.784172893156,29294.482867845796,21965.69716478703,0,0
1679745600,27443.8,27787.5,27350,27636.7,25438.706627384334,29370.866313752344,22032.982887233484,0,0
1679760000,27636.7,27724.4,27132,27175.6,25509.47280199677,29445.522226909652,22099.56398875213,0,0
1679774400,27175.6,27516.2,27141,27444.9,25579.083692332144,29517.21669121009,22166.36918663719,0,0
1679788800,27444.9,27642,27402.4,27515,25647.65773761088,29585.350178135952,22234.05649975229,0,0
1679803200,27515,27555.3,27446.7,27491.5,25715.152763370057,29649.208695889236,22303.093766382422,0,0
1679817600,27491.5,27940,27465,27848,25781.776982273834,29711.277466777847,22371.977277212332,0,0
1679832000,27848,28196.7,27680.4,27792.5,25847.628370000657,29771.92656526947,22440.599901688485,0,0
1679846400,27792.5,27939.9,27602.8,27813.4,25912.583615015326,29830.024811212996,22509.60211581053,0,0
1679860800,27813.4,28130,27657.8,27951.6,25976.733592569424,29886.523224448953,22578.427175072204,0,0
1679875200,27951.6,28010,27755,27875.6,26040.021884874655,29940.13837617158,22647.949426460094,0,0
1679889600,27875.6,27917.6,27642.4,27785.1,26102.335392439465,29990.9535446858,22717.91431787021,0,0
1679904000,27785.1,27986.9,27753,27875.7,26163.73703236461,30038.87917178926,22788.504577148396,0,0
1679918400,27875.7,27905.1,26474.3,26889.9,26223.485948680674,30090.353163417396,22853.544176300824,0,0
1679932800,26889.9,27294,26836.3,26957.9,26281.533974023525,30139.30696670704,22917.54846223723,0,0
1679947200,26957.9,27235.7,26862,27108.3,26337.92992301343,30185.33136682504,22980.9156043242,0,0
1679961600,27108.3,27174.1,26785,26959.1,26392.59509355894,30228.49460499418,23043.458990427804,0,0
1679976000,26959.1,27135,26865.5,26955,26445.557682358984,30268.15688459579,23105.718785503635,0,0
1679990400,26955,27144.7,26611,27044.1,26496.785548074724,30305.98239369669,23166.37142001001,0,0
1680004800,27044.1,27196,26820.3,26985.8,26546.362842378283,30341.10768221411,23226.224551198622,0,0
1680019200,26985.8,27497,26733.5,27399.9,26594.5064742657,30376.17488282248,23283.635195612314,0,0
1680033600,27399.9,27475.8,27074.3,27243.5,26641.279526037928,30409.003609009997,23340.382470611134,0,0
1680048000,27243.5,27465.6,27220,27354,26686.770018070914,30438.797955245896,23397.234511183095,0,0
1680062400,27354,28176.4,27335.7,28076.1,26731.469014213573,30469.713085861913,23451.859676008065,0,0
1680076800,28076.1,28644.5,28029.8,28349.9,26775.80710527373,30500.758883355044,23505.770754119814,0,0
1680091200,28349.9,28594.5,28222.3,28428.4,26819.82551570803,30530.55996594414,23560.099830968808,0,0
1680105600,28428.4,28446.8,28125,28409.9,26863.416671656225,30558.763040991395,23614.933441743327,0,0
1680120000,28409.9,28530,28183.2,28330,26906.576611815566,30585.56957051458,23670.112250105805,0,0
1680134400,28330,29197.2,28054.2,28473.8,26949.490905927247,30615.832415444896,23722.20523791045,0,0
1680148800,28473.8,28777.8,28431.1,28713.9,26992.190333766728,30644.84352402582,23774.90811604498,0,0
1680163200,28713.9,28740,28479,28631.5,27034.622706774855,30672.105035198725,23828.518585826867,0,0
1680177600,28631.5,28682.3,28126.5,28290.4,27076.530332567098,30699.13598926385,23881.404841713473,0,0
1680192000,28290.4,28290.4,27650,27968.6,27117.52707692957,30726.05582941411,23932.791076427286,0,0
1680206400,27968.6,28199.4,27770,28008.1,27157.632806648948,30751.6128385413,23983.68578367418,0,0
1680220800,28008.1,28370,27892,28152.2,27196.982230972022,30776.267412226778,24033.96853050315,0,0
1680235200,28152.2,28202.4,27486.6,27729.8,27235.257474425704,30801.132207206534,24082.207261352294,0,0
1680249600,27729.8,27989,27664.9,27916.4,27272.51381210268,30823.8863846255,24130.312458013825,0,0
1680264000,27916.4,28675.1,27855.7,28481.9,27309.208659249136,30847.997462551597,24176.378985370924,0,0
1680278400,28481.9,28529.4,28230.4,28454.7,27345.393355240158,30870.377766299225,24222.915035693008,0,0
1680292800,28454.7,28633.4,28323,28452.1,27381.11519485541,30891.206540132283,24269.866841877367,0,0
1680307200,28452.1,28838.6,28385.2,28522.6,27416.464411501318,30911.47311605571,24316.619204948136,0,0
1680321600,28522.6,28600,28322,28412.3,27451.295840522045,30930.021607449817,24363.82531146881,0,0
1680336000,28412.3,28473,28329.1,28354.6,27485.542947727237,30946.05761565286,24411.997176313693,0,0
1680350400,28354.6,28429.8,28182.5,28388.1,27519.14886559097,30960.230726906735,24460.526827676513,0,0
1680364800,28388.1,28420.3,28257.1,28357.8,27552.119282909844,30972.119725661345,24509.761802022833,0,0
1680379200,28357.8,28576,28357.8,28435.1,27584.553657811935,30982.24642610237,24559.471577233515,0,0
1680393600,28435.1,28525,28325.2,28459.9,27616.42531453041,30990.548953736543,24609.662393898354,0,0
1680408000,28459.9,28484.2,28363.6,28404.9,27647.70957711814,30996.61028738944,24660.6270096461,0,0
1680422400,28404.9,28446.6,28281,28339.2,27678.342951462248,31000.72280699136,24712.026016567237,0,0
1680436800,28339.2,28353.9,28016,28117.9,27708.140767808403,31003.7928610957,24762.811061483575,0,0
1680451200,28117.9,28229.9,27822.8,27927.7,27736.947992660054,31006.107440702064,24812.475587877554,0,0
1680465600,27927.7,28188.1,27840.1,28155.9,27764.843035067242,31007.41694173722,24861.358500465027,0,0
1680480000,28155.9,28166.4,27553.6,27740.1,27791.605385234758,31009.109914708988,24907.949051521755,0,0
1680494400,27740.1,27958,27564,27954.1,27817.26147987165,31009.8657249041,24953.350108127375,0,0
1680508800,27954.1,28550,27948.1,28240.8,27842.23616366343,31011.36640669908,24996.967383731633,0,0
1680523200,28240.8,28366.5,27923,28026.6,27866.399540841107,31012.498165228935,25039.46051790301,0,0
1680537600,28026.6,28235.2,27865.3,28064.1,27889.713951398124,31012.791070996613,25081.139666214985,0,0
1680552000,28064.1,28081.2,27175,27788.7,27911.831686904898,31015.168818669692,25119.01040013505,0,0
1680566400,27788.7,27955.8,27648.2,27834.8,27932.90897399132,31016.035746207504,25156.258205715083,0,0
1680580800,27834.8,28138,27756.7,28009.9,27953.1192820248,31016.055718103198,25192.65778656178,0,0
1680595200,28009.9,28438.4,27912,28269.2,27972.708689920502,31016.364544908087,25227.728746811223,0,0
1680609600,28269.2,28388.6,27920.7,28004.7,27991.586822307203,31016.494951011147,25261.685244200005,0,0
1680624000,28004.7,28239.7,27953.3,28173.7,28009.78240053874,31015.395934540367,25295.434299189972,0,0
1680638400,28173.7,28296.8,28056.6,28149.7,28027.35043481918,31012.890722869084,25329.22130399482,0,0
1680652800,28149.7,28797.1,28079.9,28534.8,28044.59010649125,31012.162064489006,25360.986847856726,0,0
1680667200,28534.8,28617.2,28439,28519,28061.55066757538,31010.009821566175,25393.433617078732,0,0
1680681600,28519,28600,28430.6,28545.3,28078.228031688817,31006.447213390442,25426.54706531624,0,0
1680696000,28545.3,28750,27832.4,28012.4,28094.305623212033,31005.634913753507,25456.340779537764,0,0
1680710400,28012.4,28298,27777.2,28219.2,28109.696852833564,31005.024260259306,25484.742425148896,0,0
1680724800,28219.2,28288.8,28104,28154.7,28124.49734766028,31002.682080266834,25513.513605392625,0,0
1680739200,28154.7,28165.7,27848.4,28120,28138.58478475886,30999.33978553624,25541.83279924219,0,0
1680753600,28120,28120.1,27890,27893,28151.901103685967,30994.440567657053,25570.054539997927,0,0
1680768000,27893,28020,27670,27929.1,28164.373993246638,30988.68535246616,25597.47060610108,0,0
1680782400,27929.1,28173.5,27726.3,28082.2,28176.145000995148,30982.82146277549,25623.72016605829,0,0
1680796800,28082.2,28155.6,27925,28000.1,28187.26458442136,30975.592386355067,25649.933497386995,0,0
1680811200,28000.1,28123.8,27867.9,28022.1,28197.728095965696,30967.195081743703,25675.94086823707,0,0
1680825600,28022.1,28094.1,27912.1,28023,28207.558397631383,30957.252884800746,25702.098106593865,0,0
1680840000,28023,28057.9,27755,27823.7,28216.645471016403,30946.43268816491,25727.652995090437,0,0
1680854400,27823.7,27948.8,27770,27826,28224.982355590375,30934.009517839513,25753.196607570822,0,0
1680868800,27826,28000,27775.2,27932.7,28232.646221371488,30920.399907321527,25778.525344117024,0,0
1680883200,27932.7,27941.7,27842.7,27882.9,28239.64525473526,30904.90212447657,25804.24169930285,0,0
1680897600,27882.9,27970,27830,27884.2,28246.0066964215,30887.86744537101,25830.106131650584,0,0
1680912000,27884.2,28065.9,27846,28011.7,28251.829664172634,30869.94230325754,25855.76194255467,0,0
1680926400,28011.7,28164.2,27964.4,28076.8,28257.2231029486,30851.159947411405,25881.382056651277,0,0
1680940800,28076.8,28111.4,27982.3,28005.1,28262.165721675192,30831.120667619583,25907.26493177137,0,0
1680955200,28005.1,28036.4,27931,28007.1,28266.631792022632,30809.71802174283,25933.456200472778,0,0
1680969600,28007.1,28008.2,27850.8,27904,28270.568707933897,30787.2713957281,25959.593651449995,0,0
1680984000,27904,27978.5,27870,27929.7,28274.000427652132,30763.56506648057,25985.905679504805,0,0
1680998400,27929.7,28074.7,27921,28009.8,28277.019388446708,30739.027181021684,26012.20333961183,0,0
1681012800,28009.8,28059,27822,27896.1,28279.56618021077,30714.136452490566,26037.973249808605,0,0
1681027200,27896.1,27922.9,27764,27920.4,28281.60336353508,30688.413420747864,26063.552971805173,0,0
1681041600,27920.4,27958.9,27777.8,27877.3,28283.153206043015,30662.055582185654,26088.816946155966,0,0
1681056000,27877.3,28273.9,27865,28127,28284.447354014508,30636.684484934078,26112.811342736248,0,0
1681070400,28127,28524.4,28071.5,28309.7,28285.702128518114,30612.74163710796,26135.55343678912,0,0
1681084800,28309.7,28406.6,28228,28264.1,28286.915807640613,30588.579722218667,26158.442568268136,0,0
1681099200,28264.1,28307.1,28177.2,28272.7,28288.04339000521,30563.901502972298,26181.650885015373,0,0
1681113600,28272.7,28360,28260.1,28293.5,28289.137927188876,30538.632958548966,26205.34212352448,0,0
1681128000,28293.5,28580,28136.6,28419.2,28290.27116222152,30514.900425948144,26227.824153457153,0,0
1681142400,28419.2,29289,28361,29151.3,28291.969416306216,30495.9576344795,26247.266704889887,0,0
1681156800,29151.3,29864,29055,29628.1,28294.75046254633,30481.412593481597,26264.954134998694,0,0
1681171200,29628.1,30467.8,29579.5,30103.3,28299.055121877584,30471.960518622323,26281.096035867165,0,0
1681185600,30103.3,30157.1,29768.2,30092.1,28304.773320329972,30464.60601794041,26298.065113445595,0,0
1681200000,30092.1,30138.7,29959.2,30047.1,28311.87768844699,30458.151782040415,26316.84364769047,0,0
1681214400,30047.1,30272.1,29960,30180,28320.38308152483,30453.374016305203,26336.78939663274,0,0
1681228800,30180,30560.5,30000.6,30113,28330.300849740346,30451.62664661191,26356.751169681695,0,1
1681243200,30113,30267.8,29892.3,30179,28341.46034404679,30451.68147790332,26377.471963774202,0,0
1681257600,30179,30344,29810,29916.5,28353.716918923757,30454.240388238395,26398.073071917668,0,0
1681272000,29916.5,30067,29835,29984.7,28366.956713856827,30457.484738059677,26419.917472708883,0,0
1681286400,29984.7,30045.7,29884.1,30006.5,28381.140905731674,30461.010603409937,26443.28415751333,0,0
1681300800,30006.5,30480,29630,29949.8,28396.254022477533,30468.61261738755,26464.849339707467,0,0
1681315200,29949.8,30079.1,29732,29780.8,28412.099997580342,30477.20849081857,26486.921415906334,0,0
1681329600,29780.8,29974.4,29751.7,29871,28428.634816107657,30486.065568096587,26510.055084096177,0,0
1681344000,29871,30220,29845,30061.5,28445.975890620255,30496.166740959725,26533.61490455583,0,0
1681358400,30061.5,30111,29976.7,30062.1,28464.080390767747,30506.135158528643,26558.719034114656,0,0
1681372800,30062.1,30370.8,30021.8,30153.1,28483.020006915463,30517.265238057516,26584.375185185705,0,0
1681387200,30153.1,30600,30128.8,30432,28502.928545811134,30530.350286980418,26610.14132006432,0,0
1681401600,30432,30552,30250.7,30316,28523.73447540977,30544.35584339468,26636.784635274093,0,0
1681416000,30316,30385.5,30180.8,30366.2,28545.324847418575,30558.64897053043,26664.64644528127,0,0
1681430400,30366.2,30949.8,30300.5,30694.7,28567.952449353008,30575.91782601435,26691.853104541096,0,0
1681444800,30694.7,31061.7,30663.4,30740.1,28591.7091579858,30594.816141868498,26719.749802847586,0,0
1681459200,30740.1,30822.7,30652.3,30791.3,28616.466985107392,30613.976256278103,26749.291756630486,0,0
1681473600,30791.3,30860,30070,30231.3,28641.828770505104,30636.389377010706,26777.122630988655,0,0
1681488000,30231.3,30344.5,29936,30310.3,28667.572509104513,30659.662470187686,26804.917189283526,0,0
1681502400,30310.3,30509.4,30261,30438.2,28693.846917031184,30683.0475200652,26833.607397035717,0,0
1681516800,30438.2,30583,30240.2,30364.8,28720.599674794885,30707.025432836228,26862.67504105947,0,0
1681531200,30364.8,30460,30335.9,30420.1,28747.794974450768,30730.364172251546,26893.131212525615,0,0
1681545600,30420.1,30451.9,30348.1,30377,28775.377693526545,30752.94456256073,26924.978182842253,0,0
1681560000,30377,30434.7,30280,30320.1,28803.26310591006,30775.01019619359,26957.845351124924,0,0
1681574400,30320.1,30349.3,30180,30329,28831.35905758199,30796.586941536672,26991.538597612463,0,0
1681588800,30329,30365.4,30235.3,30293.7,28859.642034950448,30817.470050337935,27026.194461292114,0,0
1681603200,30293.7,30315.8,30114,30249.9,28888.012305410706,30837.995934019513,27061.332284467517,0,0
1681617600,30249.9,30390,30245.5,30336.1,28916.529762326136,30857.93686646522,27097.265028246075,0,0
1681632000,30336.1,30350,30207.6,30218.6,28945.101951228862,30877.22381795926,27133.881332936693,0,0
1681646400,30218.6,30360,30154.9,30330.1,28973.72139037693,30896.235142525424,27170.835777713717,0,0
1681660800,30330.1,30565.4,30265,30306.8,29002.449571795434,30915.57804155768,27207.70997824617,0,0
1681675200,30306.8,30414.2,30170,30295.9,29031.176325755638,30934.832633221038,27244.66651718744,0,0
1681689600,30295.9,30308.3,29719,29965.9,29059.600030611007,30955.62803489664,27279.703483551275,0,0
1681704000,29965.9,29998.9,29828.7,29834.9,29087.603316224486,30975.43558578205,27314.827077698777,0,0
1681718400,29834.9,29926,29266,29564.1,29114.891791393715,30996.757031382578,27347.277754454666,0,0
1681732800,29564.1,29590.2,29219,29360.1,29141.282689460502,31017.688376323735,27378.38959770027,0,0
1681747200,29360.1,29580,29316.6,29463.5,29166.84902812853,31037.6736164625,27408.790128472294,0,0
1681761600,29463.5,29535.3,29369.7,29421.8,29191.590166789098,31056.16437426876,27438.962719163625,0,0
1681776000,29421.8,29509.3,29060,29435.7,29215.413988746113,31074.728877196787,27467.34872271616,0,0
1681790400,29435.7,29800,29430.9,29774.4,29238.65498442168,31093.201817622576,27494.72216828821,0,0
1681804800,29774.4,30387.8,29691.6,30386.9,29261.775343356716,31113.86046742682,27519.93752564041,0,0
1681819200,30386.9,30500,30092.9,30174.9,29284.852509817832,31135.055385729156,27544.59807111403,0,0
1681833600,30174.9,30278.3,29931.9,30223.2,29307.762307199268,31156.308236869223,27568.89310906375,0,0
1681848000,30223.2,30475.8,30153.8,30382.5,29330.670842011463,31177.63959434444,27593.116837442558,0,0
1681862400,30382.5,30416.2,30106,30203,29353.467318618783,31198.868535035064,27617.220882790985,0,0
1681876800,30203,30335,29957.8,30063.9,29376.01966082632,31220.238418395624,27640.741225242724,0,0
1681891200,30063.9,30063.9,28896.4,29308.9,29397.653585348507,31245.594601038807,27659.004328738927,0,0
1681905600,29308.9,29494.6,28824.2,29248.2,29418.16001919805,31271.69943248772,27674.48378632284,0,0
1681920000,29248.2,29366.6,29030,29214.9,29437.580924252474,31296.57377384077,27689.010846172445,0,0
1681934400,29214.9,29303.3,28555,28797.1,29455.631197931525,31322.341195541634,27700.17106486454,0,0
1681948800,28797.1,28988,28524.5,28844.7,29472.252949677135,31347.18458551864,27709.464355884244,0,0
1681963200,28844.7,29082.8,28806,28853.8,29487.61702856182,31370.142024593348,27718.062523958266,0,0
1681977600,28853.8,28943.3,28580,28603.1,29501.558685154203,31391.574661190876,27725.33631228106,0,0
1681992000,28603.1,28959.1,28307,28489.9,29514.001827749977,31413.11741535572,27729.69942367514,0,0
1682006400,28489.9,28650,27981.4,28100,29524.65540579727,31434.523213888668,27730.82546535746,0,0
1682020800,28100,28364.1,28001,28235.6,29533.541198105275,31453.90647127075,27730.420591695205,0,0
1682035200,28235.6,28368,28071.1,28315,29540.777688064714,31470.986339431875,27728.95444087996,0,0
1682049600,28315,28347.2,27800,28155.5,29546.276169586305,31487.207802423454,27724.98726998185,0,0
1682064000,28155.5,28240.9,27905.6,28054.5,29550.07154364547,31501.269499873226,27719.731366320964,0,0
1682078400,28054.5,28299.9,27963,28038,29552.26737274574,31513.290749734555,27713.27544958499,0,0
1682092800,28038,28089,27155,27273.2,29552.320650470447,31526.417671654177,27701.83612118586,0,0
1682107200,27273.2,27407.2,27058,27253.2,29550.046948172836,31536.715845138442,27688.5291076949,0,0
1682121600,27253.2,27364.7,27130,27312.7,29545.581143766893,31543.611143036534,27674.110017540635,0,0
1682136000,27312.7,27395.8,27213.3,27267.8,29539.047997505146,31546.939470577257,27658.954283432628,0,0
1682150400,27267.8,27312.7,27180,27278.8,29530.50830587123,31546.50307158406,27643.34667536071,0,0
1682164800,27278.8,27563.1,27216.2,27479.9,29520.228720283118,31543.97630653575,27626.317469597816,0,0
1682179200,27479.9,27774.6,27479.5,27606.9,29508.504286195624,31539.33662965556,27608.43816828036,0,0
1682193600,27606.9,27880.4,27552.3,27799.2,29495.538110057514,31533.014284112174,27589.711550037122,0,0
1682208000,27799.2,27800,27399.2,27556.3,29481.235124065013,31525.37226976254,27569.64190630797,0,0
1682222400,27556.3,27744.6,27520.1,27706,29465.743249643692,31515.465405235933,27549.332179929548,0,0
1682236800,27706,27756.7,27464.3,27630,29449.09020589552,31503.779836368092,27528.408288132327,0,0
1682251200,27630,27726.7,27302.2,27459.5,29431.220206602295,31491.096484059824,27506.083292081206,0,0
1682265600,27459.5,27678.3,27320,27446.8,29412.191062934144,31477.04819228205,27482.78611889198,0,0
1682280000,27446.8,27648,27386.7,27572.8,29392.130026292598,31461.16863458609,27459.161403584538,0,0
1682294400,27572.8,27989,27420.1,27778.5,29371.302310758107,31445.644533165625,27433.79607055233,0,0
1682308800,27778.5,27784.5,27333,27445.9,29349.550154325436,31429.541386124634,27407.2116954767,0,0
1682323200,27445.9,27540,27136,27536.1,29326.81668068399,31412.49922535182,27379.61632573067,1,0
1682337600,27536.1,27700,27203.7,27248.2,29303.148702471135,31395.115198345553,27350.577261917035,0,0
1682352000,27248.2,27569.9,26933,27370.3,29278.51662750273,31378.216719517688,27319.31975515179,0,0
1682366400,27370.3,27550,27288.3,27493.1,29253.146942439613,31359.623468472004,27288.165844730418,0,0
1682380800,27493.1,27584.4,27311,27336.9,29227.065002528525,31339.464491649316,27257.049299283426,0,0
1682395200,27336.9,27447,27227,27255.3,29200.225722669456,31317.395271710986,27226.184516853762,0,0
1682409600,27255.3,27430.8,27181.1,27376.3,29172.711230014713,31293.731901588508,27195.44869835823,0,0
1682424000,27376.3,27464,27201.5,27330,29144.582889608948,31268.65105491905,27164.801907105666,0,0
1682438400,27330,27768,27296.6,27596.2,29116.1245340687,31243.75609663859,27133.380034758487,0,0
1682452800,27596.2,28388,27596.1,28277.3,29087.91860149039,31221.526453978655,27100.116639528,0,0
1682467200,28277.3,28485,28239.2,28293.9,29060.23263169318,31198.82231665739,27068.237128849538,0,0
1682481600,28293.9,28596.7,28291.6,28357.6,29033.145480638894,31176.115580884456,27037.47791520181,0,0
1682496000,28357.6,29131.3,28352.1,28936.2,29007.039658918282,31156.59975545216,27005.78228620144,0,0
1682510400,28936.2,30062,28936.2,29802.5,28982.65660452533,31142.828047663676,26972.321928189558,0,0
1682524800,29802.5,29893.7,27640,27871.8,28958.851975976668,31140.15419509332,26930.34538341067,0,0
1682539200,27871.8,28735,27200,28401.9,28935.27142899559,31143.76322854356,26883.389991300115,0,0
1682553600,28401.9,29480,28368.8,28875,28912.707193012953,31151.445325084926,26834.85881651059,0,0
1682568000,28875,29277.3,28606,28877.4,28891.14724004737,31160.467027185285,26787.094946872327,0,0
1682582400,28877.4,29135.6,28757.8,28922.9,28870.58514322414,31169.072700336088,26741.593968022244,0,0
1682596800,28922.9,29594.6,28636,29134,28851.17131854032,31180.811179713735,26695.587925990756,0,0
1682611200,29134,29883.5,28995.2,29661,28833.244815212336,31195.47697527316,26649.889252629047,0,0
1682625600,29661,29795.9,29230,29458.2,28816.73866080462,31211.057961444294,26606.09672606832,0,0
1682640000,29458.2,29593.8,29321.6,29414.7,28801.556711197918,31225.77148731187,26565.546005017586,0,0
1682654400,29414.7,29558,29379.4,29464.6,28787.677028708415,31239.127741682474,26528.60078431218,0,0
1682668800,29464.6,29472.5,29112,29226.1,28774.86846419447,31252.024124816857,26494.061691005612,0,0
1682683200,29226.1,29471.9,28870,29138.9,28762.9912376796,31265.761610052672,26460.56332345456,0,0
1682697600,29138.9,29432.2,29087.6,29313,28752.126898016624,31278.915381118397,26429.458665266942,0,0
1682712000,29313,29422.2,29254.4,29296.1,28742.28514934252,31290.52104595134,26401.57236093729,0,0
1682726400,29296.1,29374.5,29175,29328,28733.400162249698,31300.78580825157,26376.599295035037,0,0
1682740800,29328,29427.9,29277,29333.1,28725.488800506726,31309.528771594556,26354.71497663212,0,0
1682755200,29333.1,29337.6,29224.6,29320,28718.46661215179,31316.53597134764,26335.937196497845,0,0
1682769600,29320,29381.7,29201,29261,28712.28903990678,31322.252874717746,26319.803534201557,0,0
1682784000,29261,29298,29010.1,29219.6,28706.825016486593,31327.24802117313,26305.591923369997,0,0
1682798400,29219.6,29254.3,29106.8,29211.9,28702.062797461596,31330.746900953953,26293.92817968045,0,0
1682812800,29211.9,29214.9,29074.8,29165.2,28697.93879786482,31332.72792337841,26284.71077462426,0,0
1682827200,29165.2,29284,29154.1,29245,28694.501205380966,31333.27248862119,26277.95739256477,0,0
1682841600,29245,29334,29148.6,29183.9,28691.718046969818,31332.75758901566,26273.291846339383,0,0
1682856000,29183.9,29955,29168.2,29645,28689.90925356505,31335.0418758371,26268.06424064523,0,0
1682870400,29645,29863.9,29167.1,29349.9,28688.912967272227,31339.360205952522,26262.620609829544,0,0
1682884800,29349.9,29483.5,29137.8,29217,28688.52422387355,31343.432727938973,26258.496613555162,0,0
1682899200,29217,29328.4,28354,28542.9,28688.20372424039,31350.43228957221,26252.04735046894,0,0
1682913600,28542.9,28699.1,28217,28619,28687.726256694612,31357.127831171983,26245.568223277107,0,0
1682928000,28619,28653.9,28463.9,28507.7,28687.128361709183,31361.81376978962,26240.552911959338,0,0
1682942400,28507.7,28608.8,28051.4,28162.8,28686.155115145528,31366.49498595021,26234.85651357553,0,0
1682956800,28162.8,28407.2,27789.1,27833.4,28684.563631010245,31371.27657548788,26227.947362026647,0,0
1682971200,27833.4,28167.2,27640.1,28051.2,28682.325948515772,31375.560702628078,26220.27474230898,0,0
1682985600,28051.2,28126.4,27900.3,28029.9,28679.537781091454,31377.600986493566,26213.47271549226,0,0
1683000000,28029.9,28150,27860,28046.4,28676.22584099381,31377.879908542636,26207.18579077112,0,0
1683014400,28046.4,28120.4,27926.8,28072.9,28672.437242096563,31375.912025156667,26201.904720500657,0,0
1683028800,28072.9,28768.6,27891.4,28520,28668.543053121553,31376.256506325288,26194.500310226504,0,0
1683043200,28520,28869,28408.6,28666,28664.798623156967,31376.55741774689,26187.407023862866,0,0
1683057600,28666,28796.5,28593.6,28655.1,28661.233709833006,31375.32476538519,26181.922383667246,0,0
1683072000,28655.1,28672.8,28322.2,28507.1,28657.668753155773,31373.32210051289,26177.080505993814,0,0
1683086400,28507.1,28670,28420,28635.7,28654.179453200657,31370.062938879135,26173.425336632863,0,0
1683100800,28635.7,28757.6,28511.6,28537.9,28650.79212984377,31365.605820594068,26170.95599436983,0,0
1683115200,28537.9,28561,28069.1,28297.6,28647.220741242378,31361.18447580263,26168.120557776354,0,0
1683129600,28297.6,28856.6,28188,28308.9,28643.615094800694,31357.98182191795,26164.20566726741,0,0
1683144000,28308.9,29262.8,28273.4,29014,28640.365106247562,31358.225681683376,26158.06524724038,0,0
1683158400,29014,29176,28943,29076.1,28637.66356731944,31357.519404984738,26153.71975069577,0,0
1683172800,29076.1,29229.1,29022.5,29042.8,28635.520574884285,31355.7827448876,26151.253989292192,0,0
1683187200,29042.8,29384.2,28970.3,29144,28633.97835978202,31354.33507498245,26149.64453073875,0,0
1683201600,29144,29226.9,28631.2,28856.3,28632.763418683022,31353.978565430418,26147.72282501298,0,0
1683216000,28856.3,28964.8,28653.1,28880.2,28631.793639106203,31352.934174923146,26146.822572288707,0,0
1683230400,28880.2,28911.8,28731.4,28818.9,28631.047776144726,31350.447421217697,26147.534220040874,0,0
1683244800,28818.9,29534.7,28804.3,29185,28630.854159149207,31350.13579721249,26147.44048270942,0,0
1683259200,29185,29255,29023,29054.9,28631.128556900858,31348.944505164967,26148.93532720776,0,0
1683273600,29054.9,29186,29007.7,29138.2,28631.850062682628,31346.601899476216,26152.20752287148,0,0
1683288000,29138.2,29436.5,28750,29346.1,28633.06202801353,31346.189981436048,26154.765270854485,0,0
1683302400,29346.1,29674,29292.3,29552.1,28635.051582270095,31346.159245821065,26158.425748078957,0,0
1683316800,29552.1,29642.4,29440,29495.2,28637.801655573046,31345.48061978591,26164.016867754246,0,0
1683331200,29495.2,29833,29339,29358.6,28641.262090655287,31345.83517307178,26170.044269559625,0,0
1683345600,29358.6,29424.2,29253.2,29356.4,28645.243338805503,31345.165748237756,26177.879310959233,0,0
1683360000,29356.4,29358.9,29128,29268.1,28649.63143396507,31343.771850164307,26187.06469743962,0,0
1683374400,29268.1,29268.1,28325,28567.4,28653.897480091404,31345.343203925528,26193.550839691077,0,0
1683388800,28567.4,28953,28529.4,28824.4,28658.089569163545,31346.748522615428,26200.041039716612,0,0
1683403200,28824.4,28869,28621,28833.3,28662.21215192452,31346.963910215953,26207.399472399815,0,0
1683417600,28833.3,29129.3,28723.7,28784.4,28666.36476755091,31347.06478869872,26214.90957847339,0,0
1683432000,28784.4,28932,28774.2,28888.5,28670.52849685138,31345.59188341047,26223.757629021096,0,0
1683446400,28888.5,28939.6,28678.4,28825.1,28674.65036789099,31343.171729600523,26233.323826135656,0,0
1683460800,28825.1,29081.7,28825,28930,28678.853990809945,31339.951487867067,26243.712168623133,0,0
1683475200,28930,29023.7,28764,28896.8,28683.08324512963,31335.936902686404,26254.816219536908,0,0
1683489600,28896.8,28944.7,28370,28413.9,28687.025916135775,31332.705651167846,26264.742824160556,0,0
1683504000,28413.9,28615,27992.3,28185.1,28690.386461770155,31330.224205957187,26272.977490190162,0,0
1683518400,28185.1,28250,27800,27959.3,28692.929773874257,31327.175029900016,26280.193417462684,0,0
1683532800,27959.3,27977.8,27555,27917.9,28694.503924537905,31323.24363767727,26286.375861946886,0,0
1683547200,27917.9,28076,27651.3,27872.2,28695.198706306503,31318.52890350729,26291.606203195646,0,0
1683561600,27872.2,27918.8,27267.4,27329.5,28694.690164938056,31314.091467539336,26294.39990348519,0,0
1683576000,27329.5,27691.7,27250,27653.4,28693.05778195848,31308.678264265392,26295.954046021918,0,0
1683590400,27653.4,27739.1,27531,27610.1,28690.447587111605,31300.99506536943,26297.623479053545,0,0
1683604800,27610.1,27658,27425.3,27654.1,28686.857105013314,31291.25292279643,26299.22721834907,0,0
1683619200,27654.1,27714,27503.1,27660,28682.37947974158,31279.466642810177,26300.92456544491,0,0
1683633600,27660,27810.6,27333.3,27381.9,28676.940426703106,31267.24540553238,26301.226781274778,0,0
1683648000,27381.9,27750,27333.3,27701.8,28670.674362352787,31254.346702280534,26300.583922686637,0,0
1683662400,27701.8,27768.3,27510,27618.3,28663.66109028967,31239.877188742597,26299.89427087295,0,0
1683676800,27618.3,27844,27608,27671.1,28656.01592338167,31223.863008290853,26299.348302388462,0,0
1683691200,27671.1,27707.2,27514,27528.3,28647.649703350922,31205.998184780714,26299.041250542494,0,0
1683705600,27528.3,27663.2,27463.2,27657.2,28638.61393703077,31186.439880375332,26298.9366974972,0,0
1683720000,27657.2,28293,27614.1,28138.6,28629.36530795717,31168.608771930547,26296.98886896112,0,0
1683734400,28138.6,28286.9,26700,27677.5,28619.464510506084,31157.579122962725,26288.10619835579,0,0
1683748800,27677.5,27970.4,26945.9,27577.3,28608.893117225736,31149.55859947738,26275.453078380968,0,0
1683763200,27577.3,27605.7,27355.5,27433.5,28597.65823627599,31139.63694215341,26263.18534535517,0,0
1683777600,27433.5,27544.9,27384,27434.9,28585.790130601155,31127.350735885015,26251.748962648784,0,0
1683792000,27434.9,27478.2,27251.3,27390.7,28573.247042753334,31113.137746042543,26240.69784379297,0,0
1683806400,27390.7,27618,26928.9,27166.1,28559.93445735331,31099.80273018312,26227.492929294025,0,0
1683820800,27166.1,27199.3,26650,26829.6,28545.549022460058,31086.119780201905,26212.611118890116,0,0
1683835200,26829.6,27057,26788.7,26955.1,28530.194684900973,31070.41031696259,26197.65881604633,0,0
1683849600,26955.1,27078.9,26510,26576.2,28513.712820518384,31054.43541653205,26180.859767882663,0,0
1683864000,26576.2,26691.7,26102.7,26299.2,28495.800478085388,31038.00100615649,26161.821591725136,0,0
1683878400,26299.2,26440.5,26221.6,26340,28476.50835448809,31018.761730521743,26142.614431488146,0,0
1683892800,26340,26597.9,26250.1,26306.7,28455.97127994151,30997.733777086487,26122.629070497314,0,0
1683907200,26306.7,26494.5,25764,26447,28434.110191019703,30977.326676727505,26099.689969775714,0,0
1683921600,26447,26884.5,26346.2,26779.3,28411.45819482825,30956.729712560867,26075.459657773314,0,0
1683936000,26779.3,26975.8,26675.9,26796,28388.22361620686,30934.62215181405,26051.43312010702,0,0
1683950400,26796,26857.7,26681.2,26763,28364.406726585315,30910.2743129589,26028.224816298738,0,0
1683964800,26763,26863.4,26735.1,26811,28340.094723467817,30883.55137240553,26006.107887344628,0,0
1683979200,26811,26896.5,26724,26809.2,28315.34158158149,30854.871353006347,25984.82941992621,0,0
1683993600,26809.2,27036.5,26752,26824.2,28290.25447593134,30825.11154761328,25963.847594735522,0,0
1684008000,26824.2,26930.5,26738.6,26767.1,28264.814152698025,30793.71618994371,25943.59557510811,0,0
1684022400,26767.1,26862.3,26534.3,26849.1,28238.99779518578,30761.576172599845,25923.28143402513,0,0
1684036800,26849.1,26885,26782.7,26844.5,28212.93897362415,30727.44950221768,25904.19766118217,0,0
1684051200,26844.5,26877,26781,26795.7,28186.655295993678,30691.40305934307,25886.32182240071,0,0
1684065600,26795.7,27198.6,26730.4,27064.4,28160.365314109495,30656.045612251797,25867.85603904417,0,0
1684080000,27064.4,27116.7,26807.6,26870.1,28134.02896270334,30620.331635600203,25849.608524617644,0,0
1684094400,26870.1,26949,26831.4,26903,28107.63758102532,30583.10124373099,25832.543406572,0,0
1684108800,26903,27279,26700.2,27210.9,28081.389965546965,30547.46717141142,25814.397572546335,0,0
1684123200,27210.9,27534.9,27163,27393.5,28055.604869544393,30512.421741377308,25796.607403620437,0,0
1684137600,27393.5,27474,27293,27325.2,28030.287165894846,30476.821962750037,25780.148585139188,0,0
1684152000,27325.2,27526.7,27206,27380,28005.447522044735,30441.5780191852,25764.271826372104,0,0
1684166400,27380,27648,27301.8,27404.5,27981.16824148611,30406.940269698833,25748.916833259056,0,0
1684180800,27404.5,27404.6,27111,27148.4,27957.220778658713,30372.3684326128,25734.12064985373,0,0
1684195200,27148.4,27288,26818,27121.1,27933.46926858284,30338.820208863184,25718.821628762984,0,0
1684209600,27121.1,27246,26974.3,27246,27910.00774560193,30305.163583313777,25704.15204056067,0,0
1684224000,27246,27273,26983.1,27044.1,27886.79147644139,30271.48681093865,25689.955161684058,0,0
1684238400,27044.1,27126,26882.2,27028.3,27863.745089781518,30237.4591406252,25676.37336250968,0,0
1684252800,27028.3,27147.5,26865.4,26918.7,27840.84906651462,30203.325138698252,25663.163680985854,0,0
1684267200,26918.7,27040.5,26884.6,27020.4,27818.124050625287,30168.368881340648,25650.97333368287,0,0
1684281600,27020.4,27226.5,26970.1,27050,27795.68457333475,30133.3717422864,25639.35053494607,0,0
1684296000,27050,27086.8,26736,26836.5,27773.345518356527,30098.741860534854,25627.606790216432,0,0
1684310400,26836.5,26897,26562.9,26625.9,27750.933492381864,30064.203020096615,25615.656905450425,0,0
1684324800,26625.9,26826.6,26501.4,26783.9,27728.482978248463,30029.74633636103,25603.5718604803,0,0
1684339200,26783.9,27453.2,26725.6,27375.9,27706.49557226635,29998.29764967134,25589.78198899314,0,0
1684353600,27375.9,27565.2,27255,27388.8,27685.185624532816,29967.46214176931,25576.723829293387,0,0
1684368000,27388.8,27474.6,27270.6,27347.3,27664.50561439218,29936.57618354308,25564.876430640572,0,0
1684382400,27347.3,27443.6,27131.7,27376.2,27644.401578779925,29906.266694714894,25553.605418221716,0,0
1684396800,27376.2,27425.1,27320.6,27391.5,27624.927683276914,29875.37343379153,25544.003029702995,0,0
1684411200,27391.5,27468.6,27000.5,27070.6,27605.88011107923,29845.901429350735,25533.978878514914,0,0
1684425600,27070.6,27096.1,26341.3,26724.9,27586.804775809705,29819.107546297048,25521.61551304182,0,0
1684440000,26724.9,27049,26675,26803.6,27567.842912038275,29792.718544621708,25509.117661906497,0,0
1684454400,26803.6,26915,26733.9,26827.5,27548.99132019558,29765.570043082094,25497.476502607766,0,0
1684468800,26827.5,26952.8,26806.1,26845.3,27530.305915266035,29737.561920358414,25486.882408784815,0,0
1684483200,26845.3,26923.9,26780.7,26846,27511.780072298097,29708.722918228104,25477.29987686868,0,0
1684497600,26846,27172.9,26602.7,26870,27493.456252765525,29681.701183671492,25466.536841849294,0,0
1684512000,26870,26969.5,26763.4,26828.9,27475.315934495404,29654.240514842462,25456.49366142087,0,0
1684526400,26828.9,26907.6,26798.3,26868.8,27457.3730680443,29625.816665267117,25447.64737849859,0,0
1684540800,26868.8,26892,26816.2,26855,27439.632749307762,29596.299083265643,25440.121526633957,0,0
1684555200,26855,26864.6,26823,26847.2,27422.094088319864,29565.554700181543,25434.031318345256,0,0
1684569600,26847.2,26900.9,26847.1,26866.1,27404.791401331106,29533.77181510498,25429.281314023105,0,0
1684584000,26866.1,26963,26861.3,26929.7,27387.777019952093,29501.363701042148,25425.615496822567,0,0
1684598400,26929.7,27134,26900.1,27047.8,27371.161845707695,29469.284749913484,25422.41887245411,0,0
1684612800,27047.8,27119.8,26942.2,27089.1,27354.96683551104,29437.24423433279,25419.981728424496,0,0
1684627200,27089.1,27282.1,27045,27168,27339.300694505564,29405.73598094962,25418.08043671536,0,0
1684641600,27168,27168,27039.3,27042.7,27324.075635765,29374.049722519976,25417.166390121973,0,0
1684656000,27042.7,27076.6,26734.3,26822.3,27309.085969196454,29343.274792042983,25415.914950133567,0,0
1684670400,26822.3,26967.7,26795,26886.8,27294.341243924806,29312.407768709567,25415.212213821196,0,0
1684684800,26886.8,26924.8,26816.2,26894.3,27279.840375075015,29281.10200443707,25415.358027741004,0,0
1684699200,26894.3,26916.6,26653.8,26734.3,27265.478595505745,29250.205882844057,25415.421895474847,0,0
1684713600,26734.3,26770.3,26510,26633.5,27251.135481666774,29219.587608001755,25415.293158921613,0,0
1684728000,26633.5,26900,26630.1,26831.8,27236.971374341538,29189.472187184634,25415.074479229665,0,0
1684742400,26831.8,26893.1,26760,26823.6,27223.02972863052,29159.099454648254,25415.508759402495,0,0
1684756800,26823.6,27099.3,26691.5,26860.4,27209.37120354041,29130.179257724354,25415.218860891076,0,0
1684771200,26860.4,26920.4,26763.3,26852.3,27195.959043084622,29101.168804442874,25415.480499883506,0,0
1684785600,26852.3,26959.4,26811,26834.7,27182.81792673361,29072.073276724055,25416.33626899046,0,0
1684800000,26834.7,27416.7,26787.6,27356.1,27170.257658677026,29046.034193129417,25415.617716704255,0,0
1684814400,27356.1,27495.6,27186.4,27281.5,27158.39384678446,29021.20763299134,25415.150384664907,0,0
1684828800,27281.5,27344.8,27235.1,27330.6,27147.1900769417,28996.40215222957,25415.909367119028,0,0
1684843200,27330.6,27376.5,27155.5,27306.2,27136.604766367498,28972.25679684294,25417.257737625845,0,0
1684857600,27306.2,27315,27077.6,27171.3,27126.532830006217,28948.769286977742,25419.000582812958,0,0
1684872000,27171.3,27243,27142.1,27209.9,27116.971272476436,28925.158949767963,25421.81815731081,0,0
1684886400,27209.9,27210,26654.7,26772.5,27107.597800370502,28903.76729981932,25423.047829175026,0,0
1684900800,26772.5,26812,26580,26667.2,27098.225070979115,28882.451563924827,25424.219975655535,0,0
1684915200,26667.2,26840.4,26654,26734,27088.917441287544,28861.019782957796,25425.624377077667,0,0
1684929600,26734,26734.1,26050,26307.5,27079.30810895599,28842.056136147414,25424.294446911743,0,0
1684944000,26307.5,26399,26147.9,26244.7,27069.320613601205,28822.812001783856,25422.50625777197,0,0
1684958400,26244.7,26492.8,26230.1,26311,27059.061786044364,28803.468153487072,25420.300806808365,0,0
1684972800,26311,26389.3,25851,26172.1,27048.347653687975,28785.485164141843,25416.04237770987,0,0
1684987200,26172.1,26286.6,26116.5,26120.3,27037.245961352695,28766.663259734694,25411.79915704358,0,0
1685001600,26120.3,26333.3,26120.3,26284.8,27025.85624890086,28747.388259394003,25407.41786334542,0,0
1685016000,26284.8,26510,26147.9,26216.5,27014.247581139556,28728.622289157564,25402.17783609226,0,0
1685030400,26216.5,26627.4,26200.2,26450,27002.574064320645,28710.877895332356,25395.914703731894,0,0
1685044800,26450,26538.9,26409.7,26456.6,26990.891981729488,28692.41936289353,25390.26914236213,0,0
1685059200,26456.6,26525.1,26330,26422.2,26979.171228182116,28673.640596170982,25384.836561589906,0,0
1685073600,26422.2,26525,26306.8,26489,26967.439343646365,28654.725900726196,25379.50588928214,0,0
1685088000,26489,26537.3,26414.2,26455.2,26955.73653148209,28635.171257853366,25374.799592141448,0,0
1685102400,26455.2,26929.9,26341.3,26737.7,26944.26950453196,28617.933118595636,25368.48681993417,0,0
1685116800,26737.7,26822.9,26592.3,26748,26933.089096076896,28600.895306912258,25362.53779726622,0,0
1685131200,26748,26788.9,26663.7,26695,26922.188442684,28583.45000673186,25357.4789037952,0,0
1685145600,26695,26772.3,26623,26737.3,26911.560911197514,28565.767942741353,25353.14688996917,0,0
1685160000,26737.3,26770.6,26692.1,26713,26901.218724327533,28547.482374218267,25349.89108208275,0,0
1685174400,26713,26724.6,26657.2,26686.8,26891.124622980366,28528.538534274674,25347.69114162217,0,0
1685188800,26686.8,26764.5,26530,26677.6,26881.24617305058,28509.918961537307,25345.613812196625,0,0
1685203200,26677.6,26843,26605.4,26715.5,26871.645601268123,28491.707300596514,25343.701930597705,0,0
1685217600,26715.5,26897.6,26712.3,26838.5,26862.411821832706,28473.696092662904,25342.30774035958,0,0
1685232000,26838.5,27234,26751.7,27167.7,26853.763750285412,28457.81900244813,25340.12277940579,0,0
1685246400,27167.7,27274.5,27116.8,27206.2,26845.82528110771,28442.28973129587,25338.970309087203,0,0
1685260800,27206.2,27347,27130,27140.8,26838.579182658184,28427.447942034752,25338.515578766215,0,0
1685275200,27140.8,27262,27088,27257.8,26831.998734823024,28413.0338560575,25338.939859534,0,0
1685289600,27257.8,27782,27192.3,27513.8,26826.3387924939,28401.64732797556,25338.40536428347,0,0
1685304000,27513.8,28280,27513.7,28049.9,26821.98630194641,28394.53462482899,25336.528972470653,0,0
1685318400,28049.9,28449,27902.6,27945,26819.027560396393,28390.421882694598,25334.609054320776,0,0
1685332800,27945,28032.3,27822,27899,26817.237049101514,28387.183901921562,25334.115755632305,0,0
1685347200,27899,27964.9,27728,27903.2,26816.516878636856,28384.88396650877,25334.807721980098,0,0
1685361600,27903.2,27937.1,27569,27622,26816.675824802725,28384.059247066765,25335.84418045756,0,0
1685376000,27622,27760,27510,27630.5,26817.604572519922,28383.92415741267,25337.719725417923,0,0
1685390400,27630.5,27822,27541.9,27722,26819.326681749542,28384.6745430398,25340.304063439627,0,0
1685404800,27722,27930,27571.7,27817.1,26821.878636688507,28386.7765246587,25343.24998036729,0,0
1685419200,27817.1,27834.8,27663.1,27720.3,26825.190864816977,28389.10466834371,25347.43076051517,0,0
1685433600,27720.3,28036.7,27702,28014.5,26829.39337677836,28392.71613926043,25352.14825645308,0,0
1685448000,28014.5,28025,27603.4,27663.2,26834.300699208416,28397.883948765033,25356.808109882146,0,0
1685462400,27663.2,27860,27529,27836.6,26839.85733611479,28404.02233300787,25361.828454340248,0,0
1685476800,27836.6,27852.9,27624,27681.2,26846.00911440488,28410.493386805243,25367.676497495468,0,0
1685491200,27681.2,27824,27559.9,27650.4,26852.686065886464,28417.433210955238,25374.098483851583,0,0
1685505600,27650.4,27666,26966,27150.2,26859.465427546707,28426.870613730116,25378.484070811766,0,0
1685520000,27150.2,27192,26981.5,27086.6,26866.17026005812,28435.769840439443,25383.209545322334,0,0
1685534400,27086.6,27212.5,26817,26899.7,26872.69150152939,28445.089460623367,25387.213126400355,0,0
1685548800,26899.7,27114,26837,26996,26879.03647922356,28454.136344153445,25391.12743795794,0,0
1685563200,26996,27296.8,26992.4,27199,26885.379603388028,28463.24202986705,25394.986124904524,0,0
1685577600,27199,27343.4,26584.6,26765.8,26891.460597165387,28474.731717798735,25396.22357870638,0,0
1685592000,26765.8,26872.9,26746,26791.1,26897.193395103164,28484.792024066224,25398.079505805956,0,0
1685606400,26791.1,26943.1,26777,26885,26902.650363959212,28493.764115773916,25400.385630509627,0,0
1685620800,26885,26974.8,26781.3,26888.3,26907.8507688425,28501.855588747178,25402.992824233992,0,0
1685635200,26888.3,27173.9,26639,26850.8,26912.80685519963,28511.05723380408,25404.149936836304,0,0
1685649600,26850.8,26946.3,26698.9,26809.5,26917.45695604631,28519.598672182776,25405.31854283459,0,0
1685664000,26809.5,27013.4,26480.7,26992.6,26921.820095477637,28529.15985810574,25405.03824361084,0,0
1685678400,26992.6,27216,26945.3,27031.8,26926.131546325614,28538.398621460994,25404.94894849552,0,0
1685692800,27031.8,27173.7,27031.7,27118.7,26930.431306104758,28546.63026981931,25405.73522961797,0,0
1685707200,27118.7,27265,26828.5,27088,26934.670126206875,28555.523930079995,25405.81838329971,0,0
1685721600,27088,27293.4,26998,27236,26938.95712450749,28564.348473834474,25406.05509069516,0,0
1685736000,27236,27291.9,27123.2,27238.1,26943.32621975162,28572.41787965012,25407.119230920493,0,0
1685750400,27238.1,27238.3,27083.7,27130.4,26947.705647558185,28579.61017167556,25408.983373297884,0,0
1685764800,27130.4,27209.3,27096.9,27159.9,26952.09514152122,28585.72070885415,25411.828511030384,0,0
1685779200,27159.9,27172.8,27108.6,27126,26956.471305952167,28590.495923642673,25415.835640252895,0,0
1685793600,27126,27324.9,27120,27286.9,26960.934019067307,28594.896198074537,25420.339285212962,0,0
1685808000,27286.9,27310,26917.4,27084.9,26965.34134186858,28599.866301969192,25424.23191794507,0,0
1685822400,27084.9,27110.8,26905.9,27059.1,26969.61560228406,28604.230672106325,25428.41211402534,0,0
1685836800,27059.1,27095.2,26946.4,27052,26973.764140365853,28607.695636045413,25433.15481109,0,0
1685851200,27052,27154.8,27017.8,27139.8,26977.858553442686,28610.301617230954,25438.55922480838,0,0
1685865600,27139.8,27241.8,27110.6,27189.9,26981.970778711966,28612.12559430614,25444.69283498968,0,0
1685880000,27189.9,27285,27151,27165.1,26986.114883794708,28613.234325120884,25451.523174435457,0,0
1685894400,27165.1,27215.7,27142.2,27203.9,26990.272973209445,28613.30123360392,25459.307516492634,0,0
1685908800,27203.9,27450,27030.1,27105.5,26994.44806089254,28614.345573423343,25466.255177578932,0,0
1685923200,27105.5,27116.5,26771.5,26834,26998.358080770595,28615.626196619287,25472.493037514803,0,0
1685937600,26834,26860.9,26730,26820,27001.910045523957,28615.799942603197,25479.041213909208,0,0
1685952000,26820,26834.8,26650,26766,27005.06401799017,28615.172938153548,25485.552164648398,0,0
1685966400,26766,26812.2,25965.6,25985,27007.346210106945,28617.15764702105,25488.092084802338,0,0
1685980800,25985,26071.8,25361.5,25626.5,27008.222218362032,28620.34488128608,25486.90696852449,0,0
1685995200,25626.5,25854.9,25501,25717.2,27007.756672681102,28622.543132865412,25484.07096828535,0,0
1686009600,25717.2,25777,25583.6,25719.1,27006.01061894737,28622.828169375673,25480.52223333479,0,0
1686024000,25719.1,25799.9,25687,25708.9,27003.08086082513,28620.83773104757,25476.76566382502,0,0
1686038400,25708.9,25780,25628,25674.8,26998.983869389922,28616.868965187812,25472.567626679673,0,0
1686052800,25674.8,26140,25324.2,26055,26993.921957964398,28615.157760590617,25464.53976487295,1,0
1686067200,26055,27213.9,26054.9,27070.2,26988.87330378091,28618.422038406065,25452.111972841212,0,0
1686081600,27070.2,27356.7,26876.8,27216.9,26984.200099292066,28622.827876671476,25439.382095159686,0,0
1686096000,27216.9,27397,26720.3,26900.5,26979.75169898479,28629.306336027093,25425.24059770443,0,0
1686110400,26900.5,26969.6,26746.5,26785.9,26975.356246416624,28635.00036320493,25411.90275506758,0,0
1686124800,26785.9,26979,26335.2,26884.5,26970.91741615733,28642.287032539407,25397.07759519248,0,0
1686139200,26884.5,26896.7,26232,26337.1,26966.202459394768,28650.972369235777,25380.502473342927,0,0
1686153600,26337.1,26548.2,26211,26465.1,26961.14888850297,28659.007949751453,25363.87688863909,0,0
1686168000,26465.1,26479.6,26115.4,26323.4,26955.6758568971,28666.47206243534,25346.97884411999,0,0
1686182400,26323.4,26457.3,26190.3,26327.8,26949.82594923388,28672.827495815654,25330.362650840445,0,0
1686196800,26327.8,26507.8,26280,26433.9,26943.702463352238,28677.967428153413,25314.315048735603,0,0
1686211200,26433.9,26489.8,26359.5,26422.4,26937.33984182825,28681.38297779403,25299.34760523731,0,0
1686225600,26422.4,26810.5,26285.4,26703.1,26930.927190033337,28685.631178724005,25283.558684698208,0,0
1686240000,26703.1,26718,26393,26529.9,26924.421428751586,28689.447659596477,25267.982774514447,0,0
1686254400,26529.9,26638.7,26471.6,26485.1,26917.818166490397,28691.909298721068,25253.423440751565,0,0
1686268800,26485.1,26585.7,26260,26466.4,26911.035529247427,28693.90941560783,25238.939133978452,0,0
1686283200,26466.4,26563.6,26404.8,26476.4,26904.131476285937,28694.53040547341,25225.44471943024,0,0
1686297600,26476.4,26678,26476,26597.9,26897.21828219627,28694.18725193632,25212.784211941507,0,0
1686312000,26597.9,26770,26440,26469.2,26890.279427378653,28693.64195619012,25200.25616777835,0,0
1686326400,26469.2,26518.2,26375.1,26396.9,26883.195820736666,28691.683706596574,25188.700144840725,0,0
1686340800,26396.9,26492.1,26384.4,26466.9,26875.998179523533,28688.187273283205,25178.282310588344,0,0
1686355200,26466.9,26527.7,26241.6,26311,26868.612431654547,28684.1811440476,25167.960360349032,0,0
1686369600,26311,26339.1,25450,25639.8,26860.506936558795,28682.749954080704,25154.032791276244,0,0
1686384000,25639.8,25748,25555.9,25717,26851.58458332097,28679.473713383013,25140.196150070522,0,0
1686398400,25717,25717.1,25562,25615.5,26841.847863915056,28674.167836527256,25126.61573500853,0,0
1686412800,25615.5,26145.7,25334,25731.9,26831.44911628253,28670.99054403826,25109.9333514083,0,0
1686427200,25731.9,25917,25665.5,25826.1,26820.494025079995,28666.546142284427,25093.322933951047,0,0
1686441600,25826.1,25849.6,25683.6,25713.8,26808.964103946695,28660.32411339481,25077.195689870034,0,0
1686456000,25713.8,25819.5,25615.9,25729.5,26796.868876994195,28652.607806308166,25061.32029813807,0,0
1686470400,25729.5,25835.9,25682.3,25782,26784.29084343135,28643.216767961057,25046.00798845918,0,0
1686484800,25782,25800,25667,25740.4,26771.232986542305,28632.07836421643,25031.326978883968,0,0
1686499200,25740.4,26098,25731.4,26015.4,26757.942064573297,28620.897556069238,25016.247730471037,0,0
1686513600,26015.4,26196.8,25733,25915.1,26744.4416834467,28610.2620005672,25000.300974003705,0,0
1686528000,25915.1,26015,25603.8,25779.1,26730.60598284735,28599.700418609034,24983.66366611703,0,0
1686542400,25779.1,25893.5,25730.3,25791.3,26716.469425232448,28587.740940367214,24967.6859755471,0,0
1686556800,25791.3,26095,25773.2,25975.1,26702.2016823642,28575.54993502463,24951.665892936348,0,0
1686571200,25975.1,25980,25719.3,25816.2,26687.714046466775,28562.674690537828,24935.83282177447,0,0
1686585600,25816.2,25964.7,25638,25810.9,26672.99686979954,28549.519941701834,24919.81523574181,0,0
1686600000,25810.9,25961.7,25789.9,25895.3,26658.15247878648,28535.265014193443,24904.520537263237,0,0
1686614400,25895.3,26150,25807.3,26049.9,26643.320351692022,28521.110981911315,24889.160868000494,0,0
1686628800,26049.9,26123.1,25967,26057,26628.560665330988,28506.007371761138,24874.76530331806,0,0
1686643200,26057,26266,26047.6,26175.1,26613.996807774012,28490.494635074498,24861.092626037283,0,0
1686657600,26175.1,26420,25708.1,25748.1,26599.43321062298,28477.310510018564,24845.388642915477,0,0
1686672000,25748.1,25963,25724.9,25889.4,26584.785580254404,28463.47268625627,24830.098285560234,0,0
1686686400,25889.4,25946.1,25791.5,25920.5,26570.098886524138,28448.554966394302,24815.67712924679,0,0
1686700800,25920.5,26048.4,25901.9,25975.3,26555.477559591607,28432.663323610075,24802.22764894455,0,0
1686715200,25975.3,25990.9,25825,25884.6,26540.85900339039,28415.895281502817,24789.54788013966,0,0
1686729600,25884.6,26022.6,25870,25965.1,26526.30930158571,28398.282280236715,24777.734027000708,0,0
1686744000,25965.1,26073,25908,25975.4,26511.87216319264,28379.986375955763,24766.72667443441,0,0
1686758400,25975.4,26098.4,25750,25858.2,26497.47470422236,28362.05591404619,24755.474984914046,0,0
1686772800,25858.2,25865,24779.5,25113.9,26482.48029952347,28348.307608521427,24739.457906962783,0,0
1686787200,25113.9,25197.4,25020,25056.1,26466.76665035909,28332.906988303894,24723.539212327534,0,0
1686801600,25056.1,25056.9,24861,24972.8,26450.251633311484,28315.924243841866,24707.50399813098,0,0
1686816000,24972.8,25042.3,24780,25004.5,26432.966112803842,28297.834396402148,24690.99535084815,0,0
1686830400,25004.5,25103,24910.7,24947,26415.007775774106,28278.3202851028,24674.472484908765,0,0
1686844800,24947,25522.3,24921,25442.9,26396.737695715667,28260.268026919734,24656.091736733742,0,0
1686859200,25442.9,25750,25207.1,25585.9,26378.407651415146,28243.477595705022,24636.498386801006,0,0
1686873600,25585.9,25598,25422.8,25552.8,26360.048783399565,28225.716087579807,24617.698615942692,0,0
1686888000,25552.8,25623.2,25466,25521.8,26341.693092931175,28206.949530467587,24599.781491886668,0,0
1686902400,25521.8,25616.8,25455,25462.7,26323.333322692328,28187.242754341474,24582.67675403758,0,0
1686916800,25462.7,25885,25155,25834,26305.10032102272,28170.169544239456,24563.512186619722,0,0
1686931200,25834,26500,25765.1,26363,26287.57895999794,28156.167457145002,24542.99963338109,0,0
1686945600,26363,26449.9,26269.1,26325.2,26270.88821722236,28142.020797069228,24524.16522247995,0,0
1686960000,26325.2,26362.2,26164.6,26244.5,26254.919404665263,28127.757191625187,24506.78126412113,0,0
1686974400,26244.5,26886.8,26225.7,26588.1,26239.95278970347,28116.354369441226,24488.776651435794,0,0
1686988800,26588.1,26647.7,26461,26489.9,26225.925577389244,28104.94694976942,24472.530534216225,0,0
1687003200,26489.9,26570.5,26282,26397.2,26212.698215901037,28094.017416658226,24457.36177804479,0,0
1687017600,26397.2,26533.3,26370,26463.8,26200.285281734035,28082.87520522523,24443.898419508132,0,0
1687032000,26463.8,26589,26452.2,26505,26188.719491866483,28071.44776077035,24432.264216245258,0,0
1687046400,26505,26539,26351.8,26532,26177.935112419094,28060.00829023499,24422.09851336739,0,0
1687060800,26532,26666.5,26455,26571.1,26167.99352372343,28048.794443633098,24413.308972467035,0,0
1687075200,26571.1,26585.8,26444.5,26485,26158.810700594888,28037.347707661396,24406.137998658574,0,0
1687089600,26485,26560,26424.7,26547.1,26150.367144783046,28025.6617215821,24400.555055595116,0,0
1687104000,26547.1,26647.8,26512.7,26641.2,26142.723804840694,28013.84657156668,24396.57853448302,0,0
1687118400,26641.2,26698,26232,26333.5,26135.681986848555,28003.63277766853,24392.33075011599,0,0
1687132800,26333.5,26469.7,26250,26393.8,26129.174188125304,27993.504536871875,24389.005772897257,0,0
1687147200,26393.8,26469.9,26354,26420.1,26123.224731727063,27982.91552607525,24387.125414019712,0,0
1687161600,26420.1,26450,26355.5,26431.6,26117.812594372805,27971.77198688121,24386.732990484237,0,0
1687176000,26431.6,26577.1,26335.9,26429.9,26112.953012146107,27960.98259615396,24387.06553568486,0,0
1687190400,26429.9,27063.8,26289.1,26667.9,26108.8408179327,27953.7824292393,24385.66482305911,0,0
1687204800,26667.9,26848.5,26627.7,26827.4,26105.53609023936,27946.97496106314,24385.430462806144,0,0
1687219200,26827.4,27166,26785.5,26873.1,26103.16959876729,27941.607111423087,24385.693363480477,0,0
1687233600,26873.1,27023.7,26738.9,26823.1,26101.628037653692,27937.010753230064,24386.824783580625,0,0
1687248000,26823.1,26901,26685,26895.2,26100.844217620153,27932.7390159825,24389.089393728158,0,0
1687262400,26895.2,27123.6,26642.1,27054.6,26100.89183375528,27930.382208652678,24391.236375789493,0,0
1687276800,27054.6,28127.4,26987,27960,26102.427808011562,27934.145421643727,24390.820882050215,0,0
1687291200,27960,28390.8,27854,28286,26105.824177924824,27940.861858484466,24391.30401418799,0,0
1687305600,28286,29117.6,28240,28700,26111.44871323179,27952.621594220655,24391.5495226645,0,0
1687320000,28700,28996.6,28667.4,28859.4,26119.336678402477,27966.445642479594,24394.224323003862,0,0
1687334400,28859.4,29217,28780,28916.1,26129.497500895824,27982.907955049086,24398.845207441325,0,0
1687348800,28916.1,30000,28863,29837.4,26142.338960437475,28006.000560416967,24402.694874195633,0,0
1687363200,29837.4,30800,29750,30101.7,26158.28564707904,28035.419551565206,24406.83674220169,0,0
1687377600,30101.7,30189.4,29749.9,29985.7,26176.989677051715,28067.626122456648,24413.70658005958,0,0
1687392000,29985.7,30497.6,29875.7,30286.1,26198.525058758634,28103.60132742277,24422.58937770616,0,0
1687406400,30286.1,30337,30000.9,30087.6,26222.6899725889,28141.65279573024,24434.580100527866,0,0
1687420800,30087.6,30236.8,29817,29917,26249.22694723854,28181.95922723913,24449.042373947632,0,0
1687435200,29917,30350,29503.4,29838.9,26277.93661167012,28226.494130186686,24463.89372275847,0,0
1687449600,29838.9,30229,29814.6,30200.7,26308.860723266913,28273.005923938756,24481.166042914727,0,0
1687464000,30200.7,30262,29852.6,29876.4,26341.81065756556,28321.271334258203,24500.700569881705,0,0
1687478400,29876.4,30050,29785.3,30001.7,26376.63188516152,28370.400438993114,24522.97813354415,0,0
1687492800,30001.7,30079.7,29911.7,29923.9,26413.24060672989,28419.84098104275,24548.31748757403,0,0
1687507200,29923.9,30187.5,29893.2,30128.4,26451.616224684985,28470.272002660204,24576.091188473387,0,0
1687521600,30128.4,31444,29912,31228.8,26492.319211755625,28528.51715793248,24601.45311206284,0,0
1687536000,31228.8,31426,30580,30872,26535.30285802474,28590.816214982362,24627.568953352118,0,0
1687550400,30872,30938.6,30418.1,30674.1,26580.204793582565,28655.110995074843,24655.54179811839,0,0
1687564800,30674.1,30775,30352.9,30720,26626.859453559184,28720.725905917054,24685.64501754212,0,0
1687579200,30720,30750,30544,30560.6,26675.159518251116,28786.453514884462,24718.71482731342,0,0
1687593600,30560.6,30730,30545,30681.5,26725.027416071902,28852.15618172386,24754.72148047693,0,0
1687608000,30681.5,30797.9,30295.1,30397.5,26776.227569903553,28919.26442792723,24791.998588418148,0,0
1687622400,30397.5,30687.5,30248.1,30615,26828.68076433717,28987.36661184013,24830.75200286444,0,0
1687636800,30615,30615,30400.1,30528,26882.2907746867,29055.205465527557,24871.879090726103,0,0
1687651200,30528,30776,30457,30742.7,26937.088900890445,29123.395001946075,24914.909762614865,0,0
1687665600,30742.7,31042.1,30656,30722.3,26993.10750942097,29192.329291477443,24959.56543035701,0,0
1687680000,30722.3,30757.4,30572,30710.6,27050.143520761314,29260.780749183254,25006.518820049234,0,0
1687694400,30710.6,30733,30432.6,30573,27108.02259333079,29329.212918242,25055.049754283664,0,0
1687708800,30573,30649.7,30312.6,30426.1,27166.561806540998,29397.654467895867,25104.794710563718,0,0
1687723200,30426.1,30564.7,30260,30460.1,27225.655043639967,29465.847012993254,25155.77754233309,0,0
1687737600,30460.1,30542.3,29927,30280.5,27285.074702701477,29535.221838447236,25206.35550341069,0,0
1687752000,30280.5,30565,30155,30389.6,27344.860640126564,29604.692111549786,25257.53014456191,0,0
1687766400,30389.6,30417.6,30115,30315.9,27404.87057149412,29673.548690476473,25309.643240661055,0,0
1687780800,30315.9,30649.6,30240.9,30406.5,27465.17378836689,29742.445926208344,25362.264189593527,0,0
1687795200,30406.5,30422.8,29917,30235.9,27525.49545602235,29811.631992149618,25414.67371860158,0,0
1687809600,30235.9,30285.8,30089.8,30262.2,27585.79992067152,29879.396054224937,25468.26434785716,0,0
1687824000,30262.2,30490,30217.1,30360.1,27646.160735081772,29946.271994889914,25522.716267333722,0,0
1687838400,30360.1,30459.1,30225.5,30395.7,27706.526382026343,30012.02836297366,25578.131370320385,0,0
1687852800,30395.7,30782.8,30321.6,30720.4,27767.061596792097,30078.08770557591,25633.60135349016,0,0
1687867200,30720.4,30997,30358,30492.7,27827.71334343216,30145.322208492584,25688.28505359522,0,0
1687881600,30492.7,30770,30450,30632.9,27888.425279363157,30211.93617611572,25743.60875214246,0,0
1687896000,30632.9,30730.7,30536.2,30680.7,27949.169374285368,30277.252170788855,25800.09785254362,0,0
1687910400,30680.7,30694.7,30300.6,30438.9,28009.739414906937,30342.174931082245,25856.600717416273,0,0
1687924800,30438.9,30470.1,30136,30179.9,28069.89561353352,30406.141103510225,25913.154749640606,0,0
1687939200,30179.9,30369,30121.2,30287.2,28129.5976552917,30468.66056640077,25970.103363229817,0,0
1687953600,30287.2,30490,29978,30403.4,28188.83784862751,30531.205389161194,26026.177778696794,0,0
1687968000,30403.4,30455.3,29817,30082.3,28247.425509613895,30594.252955328902,26080.618771317466,0,0
1687982400,30082.3,30206.4,29928.8,30057.9,28305.284293313936,30655.695454251425,26135.082145533688,0,0
1687996800,30057.9,30237.4,30027.8,30160.3,28362.46069892917,30715.23706668469,26189.906174314594,0,0
1688011200,30160.3,30410.4,30121.8,30325,28419.060283938215,30773.467309844276,26244.783510753547,0,0
1688025600,30325,30737.4,30325,30660,28475.314989899132,30831.32810800458,26299.339455424208,0,0
1688040000,30660,30830,30380.4,30464.1,28531.173409885083,30888.963778192585,26353.355910230697,0,0
1688054400,30464.1,30655.9,30403.8,30566.8,28586.586351383114,30945.23964277902,26407.710156989295,0,0
1688068800,30566.8,30627,30220,30433.7,28641.41678077648,31000.902216543964,26461.512296644265,0,0
1688083200,30433.7,30875.7,30335.1,30733,28695.83839741975,31056.86161669301,26514.306290633886,0,0
1688097600,30733,31291.9,30591.7,30742.8,28750.023439922516,31114.113811316456,26565.559694503212,0,0
1688112000,30742.8,30918.9,30695.4,30879.6,28803.892728505813,31169.92442048609,26617.46063683049,0,0
1688126400,30879.6,31115.7,29412.8,30051.6,28856.8277642348,31231.944533280253,26662.333103447443,0,1
1688140800,30051.6,30714.1,29912.7,30360.2,28908.941931883193,31294.971068313214,26704.831322473558,0,0
1688155200,30360.2,30529.8,30318.7,30465.5,28960.320252902147,31355.713387550386,26747.9211454859,0,0
1688169600,30465.5,30521,30366.2,30388.7,29010.933189907577,31413.87644866188,26791.79839281286,0,0
1688184000,30388.7,30457,30312,30440.6,29060.74434031196,31469.4313304982,26836.41953181757,0,0
1688198400,30440.6,30599.9,30411.2,30515.8,29109.837401651555,31522.774826358094,26881.600310199974,0,0
1688212800,30515.8,30650,30501.4,30563.1,29158.25355101249,31573.78041571217,26927.524640731415,0,0
1688227200,30563.1,30620,30531.7,30602.7,29205.987622520322,31622.168959154773,26974.421460734924,0,0
1688241600,30602.7,30602.7,30531.5,30577,29253.00971128489,31667.888826929066,27022.2805771897,0,0
1688256000,30577,30644.9,30450.6,30502,29299.26993638063,31711.65641535129,27070.399841659873,0,0
1688270400,30502,30547.9,30452.9,30501.1,29344.726562217984,31752.91980821508,27119.17462118099,0,0
1688284800,30501.1,30549,30475.4,30533.1,29389.387035352323,31791.63866027161,27168.655241200333,0,0
1688299200,30533.1,30626,30138.4,30488.2,29433.147248090907,31830.122947742126,27216.67642786322,0,0
1688313600,30488.2,30699.8,30350.2,30549.4,29476.11070875106,31867.671677109025,27264.02830171773,0,0
1688328000,30549.4,30790,30402,30601.9,29518.330125127966,31904.565047467106,27310.56863115618,0,0
1688342400,30601.9,30782.4,30573.4,30735.1,29559.88856093446,31939.881758124928,27357.24002837263,0,0
1688356800,30735.1,30779,30594.1,30655,29600.754759565025,31973.49565506504,27404.094059296538,0,0
1688371200,30655,30684.9,30575,30609.6,29640.869478671724,32004.969572516366,27451.397554400966,0,0
1688385600,30609.6,31173.1,30541.6,31055.7,29680.5054496448,32037.58586064597,27496.84097853659,0,0
1688400000,31055.7,31399.4,30813.9,31254.1,29719.8601999325,32071.21495936678,27540.898947003014,0,0
1688414400,31254.1,31308.1,30824.3,31149.1,29758.85176059941,32105.159234749306,27584.016999697826,0,0
1688428800,31149.1,31319.2,31085.8,31184.5,29797.55374231546,32138.070852060293,27627.489313636182,0,0
1688443200,31184.5,31200,30863.9,30904.1,29835.7503890681,32170.33699989147,27670.58365853551,0,0
1688457600,30904.1,31073.4,30850,31059.5,29873.43148760405,32201.329662467142,27713.821702361318,0,0
1688472000,31059.5,31072,30872.9,30958.1,29910.558262456634,32230.908063308892,27757.25380788316,0,0
1688486400,30958.1,31120.8,30602.8,30689.9,29946.96610156723,32260.743973805464,27799.135054560502,0,0
1688500800,30689.9,30836,30661.7,30754.1,29982.599663477893,32288.804314572244,27841.11402275361,0,0
1688515200,30754.1,30869.1,30738,30856,30017.52352818273,32314.96033422996,27883.42332608576,0,0
1688529600,30856,30864,30747,30762,30051.705788268093,32339.15547195654,27926.05458011324,0,0
1688544000,30762,30793.2,30317,30390.2,30084.869166963468,32363.213622884185,27966.918345627735,0,0
1688558400,30390.2,30431.1,30176.6,30347.7,30116.850486219442,32385.672996597285,28006.973432498875,0,0
1688572800,30347.7,30588.2,30323.8,30418.9,30147.787885429178,32406.75730800403,28046.283858223203,0,0
1688587200,30418.9,30522.2,30363,30485.3,30177.70768630381,32425.912461587115,28085.379009113178,0,0
1688601600,30485.3,30550,30314.8,30482,30206.615955248573,32443.631146404514,28123.844811033014,0,0
1688616000,30482,30840,30429,30788.5,30234.75326075829,32461.197687480915,28161.015916288397,0,0
1688630400,30788.5,31543.1,30672.6,30832.9,30262.437750513145,32481.495490200043,28194.98070462897,0,0
1688644800,30832.9,30871,29854.5,30395,30289.04999822568,32504.700471091284,28224.427128960844,0,0
1688659200,30395,30457.5,30140,30299.6,30314.537317356335,32526.548789802087,28252.95664486578,0,0
1688673600,30299.6,30338.6,29810.1,29875.1,30338.639417380684,32548.021174158268,28279.231993022953,0,0
1688688000,29875.1,30156,29675.1,30125.1,30361.368826800273,32568.825760647454,28303.52938762733,0,0
1688702400,30125.1,30288,29911.8,30000.3,30382.840404248476,32588.425844989993,28326.529038896482,0,0
1688716800,30000.3,30184.6,29957.5,30103.8,30403.10104471611,32605.997398118023,28349.034745018107,0,0
1688731200,30103.8,30426.9,30020,30379.4,30422.370302118678,32622.853100038592,28370.314882058483,0,0
1688745600,30379.4,30445.6,30090.4,30224.4,30440.650024659484,32638.679350527218,28390.645466138732,0,0
1688760000,30224.4,30334.4,30193.3,30331.5,30457.996297587,32652.290355263704,28411.162842494923,0,0
1688774400,30331.5,30377.1,30242.4,30262.6,30474.43923139656,32663.736238262372,28431.88053239943,0,0
1688788800,30262.6,30269.6,30136,30178,30489.904347965636,32672.99061302453,28452.68369089884,0,0
1688803200,30178,30296.5,30145,30189,30504.433350121093,32680.25860432343,28473.47278607143,0,0
1688817600,30189,30229.8,30138.7,30194.9,30518.030078947617,32685.242466180272,28494.515861806078,0,0
1688832000,30194.9,30307.2,30025,30096.3,30530.677048157795,32689.108353326857,28514.764946901483,0,0
1688846400,30096.3,30275,30046.3,30271.3,30542.455860966365,32691.644795986373,28534.557249735128,0,0
1688860800,30271.3,30389,30231.5,30275.2,30553.490610182915,32692.590490838644,28554.353584434743,0,0
1688875200,30275.2,30296.4,30225.5,30253.8,30563.763396559174,32691.46760237679,28574.539519692124,0,0
1688889600,30253.8,30298,30229.4,30260,30573.300626901153,32688.357910365834,28595.0953481962,0,0
1688904000,30260,30451,30170,30335.1,30582.17932719624,32684.647316774797,28614.954395447283,0,0
1688918400,30335.1,30335.1,30190.3,30232.6,30590.354720339743,32679.50448329854,28634.761044019328,0,0
1688932800,30232.6,30239,30052,30150,30597.745686965307,32673.13747058249,28654.182414135732,0,0
1688947200,30150,30240.2,29927.5,30142.6,30604.33598818468,32666.300813399375,28672.526669854884,0,0
1688961600,30142.6,30152,30030,30100.8,30610.144621606047,32657.8930165716,28690.796227429157,0,0
1688976000,30100.8,30241.5,29966,30228.1,30615.24954211887,32648.944614590408,28708.232856854574,0,0
1688990400,30228.1,30360,30131.2,30300.1,30619.792124592524,32639.331946548136,28725.21016326788,0,0
1689004800,30300.1,30820,30230,30818.3,30624.140805366744,32631.540309082015,28740.23080687703,0,0
1689019200,30818.3,31035.5,30157.1,30399.1,30628.210610951395,32627.056645943132,28751.820778949666,0,0
1689033600,30399.1,30587.8,30343.6,30461.2,30631.945302947905,32622.022027378815,28763.27139547904,0,0
1689048000,30461.2,30647.6,30420.4,30525.1,30635.420545024957,32616.43320260275,28774.727945900708,0,0
1689062400,30525.1,30552.3,30315.3,30392.7,30638.536534956984,32610.26646278905,28786.02424408427,0,0
1689076800,30392.7,30811.2,30251.5,30583,30641.43043001038,32605.54438829523,28795.63204392356,0,0
1689091200,30583,30678.7,30390,30573.8,30644.108006548857,32600.642616353227,28804.995244050104,0,0
1689105600,30573.8,30635,30490,30602.9,30646.603590430223,32594.773116838558,28814.874957474996,0,0
1689120000,30602.9,30666.6,30490,30576.9,30648.92445351378,32588.167685444554,28825.08090741036,0,0
1689134400,30576.9,30835,30555.1,30722.3,30651.197872733384,32581.583643698432,28835.18313006134,0,0
1689148800,30722.3,30794.9,30635.3,30762.4,30653.449463573597,32574.363110873546,28845.812297776105,0,0
1689163200,30762.4,30962.2,30451,30510,30655.59140723773,32568.465284142898,28855.068125824935,0,0
1689177600,30510,30523.9,30185,30273.8,30657.32204922776,32562.54928017249,28863.569223136943,0,0
1689192000,30273.8,30410.5,30220,30367.8,30658.662603823734,32555.768083482166,28872.106173160897,0,0
1689206400,30367.8,30424.9,30260,30285.3,30659.619541931446,32548.0072770619,28880.793298779157,0,0
1689220800,30285.3,30413.2,30236.9,30342.4,30660.215831243277,32539.39204081283,28889.56356773218,0,0
1689235200,30342.4,30633.5,30331.5,30525,30660.627923450233,32530.859640984396,28897.917701378312,0,0
1689249600,30525,31184.1,30450,30905.8,30661.201120048154,32525.219341965963,28904.009662159522,0,0
1689264000,30905.8,31843.9,30703,31600,30662.437439182508,32525.11629269952,28906.432224588596,0,0
1689278400,31600,31680,31011.2,31437.3,30664.30116361272,32527.64011759435,28907.703185763177,0,0
1689292800,31437.3,31635.1,31315.3,31443.9,30666.846815721383,32530.797922939062,28909.696462002838,0,0
1689307200,31443.9,31459.5,31066,31088,30669.79657360144,32534.7252011877,28911.76784341662,0,0
1689321600,31088,31282.1,31072.2,31201.9,30673.112023851205,32538.33602474198,28914.80991874679,0,0
1689336000,31201.9,31361.5,31044.6,31240.1,30676.80267514468,32542.27302020362,28918.269531618465,0,0
1689350400,31240.1,31264.2,29873,30104.1,30680.078334030426,32551.922846069898,28915.871146330315,0,0
1689364800,30104.1,30306.3,29970,30294.8,30682.73540625507,32560.752919966453,28913.036941260885,0,0
1689379200,30294.8,30384,30221.3,30273.6,30684.898553100873,32567.877210244173,28910.78817129429,0,0
1689393600,30273.6,30343.9,30235.6,30310.1,30686.590544385133,32573.049831315948,28909.385031960446,0,0
1689408000,30310.1,30360.9,30260,30292,30687.837743625507,32576.314383570312,28908.837700008487,0,0
1689422400,30292,30345.8,30235.9,30288.9,30688.644439844807,32577.788163763686,28909.04971267432,0,0
1689436800,30288.9,30338,30227.2,30308.8,30689.030072903384,32577.553922328505,28909.984127754033,0,0
1689451200,30308.8,30308.9,30253.5,30268.6,30688.998532722093,32575.349132388787,28911.88140804907,0,0
1689465600,30268.6,30322,30038.2,30178.7,30688.472562883155,32572.49423293754,28913.42436068329,0,0
1689480000,30178.7,30296,30125,30252.2,30687.518088583056,32568.407984966165,28915.253299203923,0,0
1689494400,30252.2,30339,30252.1,30293.6,30686.22370308824,32562.730108290845,28917.855536818795,0,0
1689508800,30293.6,30445.4,30250.2,30364.8,30684.66267556206,32556.223930438588,28920.69195508655,0,0
1689523200,30364.8,30390.9,30125,30240,30682.748937673925,32549.24149455898,28923.2878907394,0,0
1689537600,30240,30345.5,30108.5,30221.4,30680.47345208826,32541.616115368997,28925.774549953352,0,0
1689552000,30221.4,30317,30156.3,30294.5,30677.884379992975,32532.971371030388,28928.577697340817,0,0
1689566400,30294.5,30311.5,30221.9,30269.6,30675.009413502663,32522.95903235796,28932.060012814163,0,0
1689580800,30269.6,30318.8,29930.1,30146.2,30671.730542290996,32513.255689609887,28934.507926240654,0,0
1689595200,30146.2,30299.1,30011.5,30160.2,30668.09340249621,32503.29200662203,28936.51365383584,0,0
1689609600,30160.2,30229.5,29610,29870,30663.86708620263,32494.785985680286,28936.11132243363,0,0
1689624000,29870,30290.4,29865.5,30120,30659.26779815851,32486.723469182878,28934.61086683244,0,0
1689638400,30120,30224.6,30056.5,30056.5,30654.33659211129,32477.613150252535,28933.417845552067,0,0
1689652800,30056.5,30107,29907,29947.9,30648.96954338149,32467.57063148389,28932.233481005405,0,0
1689667200,29947.9,30100,29780,29866.5,30643.120123649154,32457.27779843157,28930.362451954214,0,0
1689681600,29866.5,30018,29660,29900.6,30636.75987476672,32446.926897353358,28927.579446689513,0,0
1689696000,29900.6,29950,29362,29699.9,30629.729855862734,32437.704867452892,28922.525649602092,0,0
1689710400,29699.9,29851.2,29672,29851,30622.186535035766,32427.277650341257,28917.57730321396,0,0
1689724800,29851,30069.5,29833.5,30042.3,30614.34817252749,32416.23385981295,28912.621931403646,0,0
1689739200,30042.3,30189.9,29942.8,29983,30606.291374589095,32404.730311927407,28907.6644887692,0,0
1689753600,29983,30033,29843.3,30004,30597.95641199651,32392.38738881116,28902.93096809001,0,0
1689768000,30004,30124.7,29734.6,29941.7,30589.337669148572,32380.39930796663,28897.345277856944,0,0
1689782400,29941.7,30100,29852.1,30024.9,30580.513926715405,32367.98963996733,28891.748991025037,0,0
1689796800,30024.9,30038,29810,29888.8,30571.424004239634,32354.992068415646,28886.175081444402,0,0
1689811200,29888.8,30035,29864.2,29934.6,30562.12045658263,32341.14428289597,28880.957291812563,0,0
1689825600,29934.6,30242.7,29912.6,30190,30552.78930038974,32327.596341920413,28875.420373383597,0,0
1689840000,30190,30407,30158,30262.9,30543.59795895564,32314.0335702813,28870.1617595738,0,0
1689854400,30262.9,30315.3,29563.7,29789,30534.170408150152,32303.01708276658,28862.182133796614,0,0
1689868800,29789,29857.3,29488.1,29743,30524.33527354818,32292.03194582399,28853.404005518754,0,0
1689883200,29743,29888.8,29647.1,29792.9,30514.19964689123,32280.417145943295,28844.62043599554,0,0
1689897600,29792.9,29943,29710.9,29887.3,30503.856728151164,32268.22711516342,28835.959037065328,0,0
1689912000,29887.3,29892.7,29730.6,29749.2,30493.270351946652,32255.032008466904,28827.73566967248,0,0
1689926400,29749.2,29834.4,29710.9,29767,30482.44188960402,32240.643967044976,28820.121102508172,0,0
1689940800,29767,29895,29765,29847,30471.45677550745,32225.234825739964,28813.123722529715,0,0
1689955200,29847,30050,29750.2,29861.1,30460.383395053814,32209.906085047067,28805.88829175142,0,0
1689969600,29861.1,29947.5,29814.2,29888.4,30449.23286496775,32193.696776179528,28799.29535619672,0,0
1689984000,29888.4,29992.3,29880.1,29890.2,30438.056403223734,32176.577355429894,28793.468844488023,0,0
1689998400,29890.2,29974.9,29830.6,29926.1,30426.855982645644,32158.782292900723,28788.203376501428,0,0
1690012800,29926.1,29961.1,29855,29875.1,30415.630435665844,32140.123597021888,28783.665750579858,0,0
1690027200,29875.1,29894.6,29814.6,29888.7,30404.361348020604,32120.475751403617,28779.934523249187,0,0
1690041600,29888.7,29898.9,29782.9,29825.2,30393.03193505006,32100.081052460904,28776.761924535887,0,0
1690056000,29825.2,29829.9,29608.6,29774,30381.55934804344,32079.508678997183,28773.481466161295,0,0
1690070400,29774,29880,29717,29830.3,30370.031722092568,32058.519043304703,28770.475191165628,0,0
1690084800,29830.3,29963.6,29829,29896.1,30358.548356210496,32037.07456723436,28767.96557570122,0,0
1690099200,29896.1,29943.8,29866.2,29872.3,30347.11645881236,32014.884919565597,28766.227949234068,0,0
1690113600,29872.3,29913.8,29837,29884.7,30335.72967180192,31991.985741573077,28765.219582002523,0,0
1690128000,29884.7,30330,29884.7,30079.9,30324.61160988952,31970.76999889351,28763.213063760195,0,0
1690142400,30079.9,30130.8,29900,30071.1,30313.698705126248,31949.89007218498,28761.29861821243,0,0
1690156800,30071.1,30084,29650,29699.9,30302.774864590694,31930.303034513992,28758.203876158303,0,0
1690171200,29699.9,29862.3,29636.6,29817.3,30291.812780586533,31910.731352802755,28755.026369945997,0,0
1690185600,29817.3,29820,28919.7,29257,30280.38987088505,31894.712713687903,28747.774559489953,0,0
1690200000,29257,29257.1,28851,29088.7,30268.271065751207,31878.94812145216,28738.973124815202,0,0
1690214400,29088.7,29149.1,28983.7,29100.9,30255.511666383227,31862.027390545667,28729.998093789676,0,0
1690228800,29100.9,29197.6,29067.1,29158.9,30242.216310876418,31843.877650146347,28721.114226163863,0,0
1690243200,29158.9,29171.4,29026.7,29092.2,30228.377524495296,31824.610234872296,28712.2073458154,0,0
1690257600,29092.2,29147.6,29055,29125.4,30214.045858806054,31804.00015684274,28703.576992079226,0,0
1690272000,29125.4,29270,29101.3,29111,30199.308988989927,31782.629270223264,28694.86522522941,0,0
1690286400,29111,29324,29068.4,29165.6,30184.22482524779,31761.090523625422,28685.646912009983,0,0
1690300800,29165.6,29367,29165.6,29185.9,30168.877173654,31739.14772915809,28676.294577465145,0,0
1690315200,29185.9,29245.3,29158.3,29217.2,30153.260582314095,31716.1379189298,28667.397211760417,0,0
1690329600,29217.2,29416.5,29076,29230.7,30137.436537358626,31693.652534201672,28657.633577044482,0,0
1690344000,29230.7,29314.9,29169.7,29199.9,30121.417168052925,31670.53348439557,28648.073536838598,0,0
1690358400,29199.9,29225.4,29136,29157.5,30105.172155576383,31646.449604904807,28638.9595620364,0,0
1690372800,29157.5,29341.6,29148,29306.1,30088.819426319733,31622.173252933222,28629.81766712375,0,0
1690387200,29306.1,29487.7,29173.5,29385,30072.462702143617,31598.523374934328,28620.103611841594,0,0
1690401600,29385,29665.1,29272,29336.7,30056.193235237282,31576.022140741592,28609.517302951408,0,0
1690416000,29336.7,29434.6,29288.7,29394.1,30039.971760605604,31553.157920656948,28599.353055156702,0,0
1690430400,29394.1,29480,29366.1,29397.4,30023.85359740158,31529.8264215892,28589.81120875986,0,0
1690444800,29397.4,29552.6,29382.6,29493.3,30007.910690511424,31506.45913901067,28580.63802208608,0,0
1690459200,29493.3,29493.4,29222,29276.4,29992.007584899624,31483.522052956552,28571.15279096306,0,0
1690473600,29276.4,29317.7,29069.4,29145.5,29976.00680518666,31460.73380948793,28561.348550414572,0,0
1690488000,29145.5,29227,29116,29209.6,29959.935164822033,31437.31852216756,28551.980807377447,0,0
1690502400,29209.6,29293.9,29175,29239.8,29943.863224548833,31413.42664720519,28543.04800556549,0,0
1690516800,29239.8,29249.7,29120,29125.1,29927.73634451492,31389.093764707213,28534.414195603775,0,0
1690531200,29125.1,29232.4,29111.2,29192,29911.586398473744,31364.32937672609,28526.13203129011,0,0
1690545600,29192,29545.8,29190.7,29373.6,29895.61916284409,31340.720420347934,28517.15063159638,0,0
1690560000,29373.6,29391.3,29180.6,29301.9,29879.764742350548,31317.32758530126,28508.19050975631,0,0
1690574400,29301.9,29359.9,29264.9,29299.8,29864.050388738895,31293.513011725972,28499.884474042494,0,0
1690588800,29299.8,29379.7,29284.3,29358.8,29848.51748948104,31269.355351942057,28492.240607209133,0,0
1690603200,29358.8,29396.9,29278.7,29279.9,29833.15120350476,31245.002485984267,28485.09649280447,0,0
1690617600,29279.9,29317.7,29242.4,29256.2,29817.91362936488,31220.19400779144,28478.617813405464,0,0
1690632000,29256.2,29319.6,29249.8,29282.8,29802.825786422665,31194.956126467994,28472.82173614731,0,0
1690646400,29282.8,29334.7,29278.2,29324.1,29787.923583956417,31169.286013106186,28467.780464092855,0,0
1690660800,29324.1,29366.2,29324.1,29340.3,29773.243967377817,31143.178112926867,28463.570838104504,0,0
1690675200,29340.3,29340.4,29292,29297.8,29758.758649532625,31116.68076509263,28460.095825985394,0,0
1690689600,29297.8,29316.7,29255,29283.4,29744.448668081797,31089.889371990794,28457.233024612095,0,0
1690704000,29283.4,29313.1,29221.6,29298.7,29730.313181061967,31063.008090620096,28454.79482429553,0,0
1690718400,29298.7,29444.9,29264.1,29331.4,29716.425823123405,31036.647352923654,28452.363222730975,0,0
1690732800,29331.4,29395.9,29100,29192.2,29702.674201822138,31011.353126648108,28449.22152014942,0,0
1690747200,29192.2,29279.1,29000.4,29273.1,29689.02146724804,30986.963051680177,28445.446370870526,0,0
1690761600,29273.1,29520,29250.7,29407.6,29675.680626017584,30963.606093462702,28441.326180135224,0,0
1690776000,29407.6,29429.2,29343,29364.6,29662.637378273168,30940.20220690084,28437.825013266516,0,0
1690790400,29364.6,29406.4,29312,29394.3,29649.883425592423,30916.815857944126,28434.86829919874,0,0
1690804800,29394.3,29460.7,29212.2,29231.7,29637.350740014026,30894.276718107118,28431.56248328016,0,0
1690819200,29231.7,29262.9,29100,29149.8,29624.91398783214,30871.953492259338,28428.2473088885,0,0
1690833600,29149.8,29287,29106.7,29224.4,29612.61551924019,30849.993333937586,28424.868310284965,0,0
1690848000,29224.4,29334.9,28670,28825.7,29600.203283071023,30830.92454861782,28418.610444765538,0,0
1690862400,28825.7,28959.1,28795,28922.4,29587.64383237222,30811.710254378242,28412.20627884226,0,0
1690876800,28922.4,28987.8,28850,28850.1,29574.959849679002,30792.227262300785,28405.81302090485,0,0
1690891200,28850.1,28976.4,28555.6,28943.4,29562.099340225457,30774.0749437889,28397.854980129643,0,0
1690905600,28943.4,29346,28836.8,29263.9,29549.401438461282,30758.020870273278,28388.274039284108,1,0
1690920000,29263.9,29727.6,29170.2,29700.1,29537.244260850366,30744.611423770595,28377.291438154025,0,0
1690934400,29700.1,30040,29605,29619.5,29525.829252269927,30733.242638256088,28365.851377785697,0,0
1690948800,29619.5,29712,29550,29570.7,29514.9963946993,30722.17653013787,28355.25052479748,0,0
1690963200,29570.7,29570.8,29365,29555.5,29504.620738356563,30711.54811562231,28345.124174038105,0,0
1690977600,29555.5,29600,29160,29320.1,29494.5595203755,30702.536775919,28334.1095770069,0,0
1690992000,29320.1,29356.8,28901.6,29147.9,29484.59006817953,30694.96013904663,28321.947562418052,0,0
1691006400,29147.9,29225.8,29044.5,29169.8,29474.729072014114,30687.213615461835,28310.151086213547,0,0
1691020800,29169.8,29279.2,29115.1,29170,29465.02174423839,30679.254417824624,28298.846333241556,0,0
1691035200,29170,29180,29006.5,29034.4,29455.359045188703,30671.040278965127,28287.86270663312,0,0
1691049600,29034.4,29190.3,28951,29135.1,29445.7665362278,30662.985262362025,28276.867352844372,0,0
1691064000,29135.1,29433,29062.2,29246.1,29436.401448108525,30655.984221084178,28265.337167620746,0,0
1691078400,29246.1,29363.2,29080,29270,29427.253758754436,30649.493195747018,28253.754744052003,0,0
1691092800,29270,29357,29138.7,29177.6,29418.30985778057,30643.11357237112,28242.46148631244,0,0
1691107200,29177.6,29243.3,29083.9,29153.1,29409.50689902427,30636.450584193113,28231.70045977883,0,0
1691121600,29153.1,29241,29124.7,29203.5,29400.87607206919,30629.308119170666,28221.71204266092,0,0
1691136000,29203.5,29249,29126.7,29156,29392.406038425517,30621.735552361428,28212.42875833833,0,0
1691150400,29156,29320,29116,29255.1,29384.14956263443,30614.275056350518,28203.452276102893,0,0
1691164800,29255.1,29272.9,28922.2,29021.4,29375.951375982957,30607.607567143597,28193.85727391721,0,0
1691179200,29021.4,29115.7,28788,29102.5,29367.748473088715,30601.511930587556,28183.726749675177,0,0
1691193600,29102.5,29140.7,29054.5,29079.8,29359.63649829113,30594.677972561516,28174.450997158816,0,0
1691208000,29079.8,29084.9,29020,29041.1,29351.57744500106,30586.98077982576,28166.071856236435,0,0
1691222400,29041.1,29078,29029.9,29037.1,29343.576520067458,30578.37006379486,28158.64551291247,0,0
1691236800,29037.1,29076.9,28970.3,29027,29335.61595266757,30569.204041712863,28151.80801397745,0,0
1691251200,29027,29090,28997.1,29054.9,29327.723768024265,30559.4609084596,28145.63332743329,0,0
1691265600,29054.9,29082.1,29042.8,29055.9,29319.917248745696,30548.884032325837,28140.391202625724,0,0
1691280000,29055.9,29065,29027,29050,29312.187635250244,30537.50045413756,28136.040317199662,0,0
1691294400,29050,29103.1,29035,29083.9,29304.56503195375,30525.554987520092,28132.413384886742,0,0
1691308800,29083.9,29128.8,29034.2,29072.1,29297.056398017154,30513.23896798306,28129.34787058213,0,0
1691323200,29072.1,29072.1,28980,29004.9,29289.60624601379,30500.507682656116,28126.778838319395,0,0
1691337600,29004.9,29095.1,28996,29079.3,29282.25605836572,30487.46986600485,28124.68609682166,0,0
1691352000,29079.3,29195,29012.8,29075.7,29275.04523288131,30474.65941028247,28122.653049178174,0,0
1691366400,29075.7,29212.7,29011,29146.6,29268.002732102475,30462.218001490448,28120.60447746929,0,0
1691380800,29146.6,29182,29035,29081.9,29261.104903370328,30449.808184969148,28118.806363735737,0,0
1691395200,29081.9,29138.4,29032,29079.6,29254.33626720467,30437.195280750966,28117.445859931788,0,0
1691409600,29079.6,29140.9,28770.7,28852.2,29247.539960765385,30425.737698582747,28114.966421879526,0,0
1691424000,28852.2,29184.8,28677.1,29146.4,29240.803259615517,30416.261110080482,28110.771806340497,0,0
1691438400,29146.4,29290,29107,29200,29234.320391062505,30407.030475158655,28106.838299303992,0,0
1691452800,29200,29248.9,29126.4,29181.8,29228.07362787686,30397.690337034466,28103.460444683657,0,0
1691467200,29181.8,29330,29174.5,29174.6,29222.09792771555,30388.479322519623,28100.484997424177,0,0
1691481600,29174.6,29432.8,29158.3,29425.6,29216.4955526612,30380.17920135177,28097.385690887906,0,0
1691496000,29425.6,29673.4,29333.6,29521.1,29211.418885425155,30373.28019040663,28094.001963254846,0,0
1691510400,29521.1,29947.7,29518.8,29863.7,29207.104044343632,30368.46894155588,28090.152595404747,0,0
1691524800,29863.7,30265.8,29662,29755.1,29203.632872949373,30366.71392525693,28085.099200301214,0,0
1691539200,29755.1,29869.2,29625,29704.9,29200.819320454306,30365.76462826754,28080.565710242285,0,0
1691553600,29704.9,29810.6,29655,29805,29198.659937663604,30365.121888806647,28077.0070766486,0,0
1691568000,29805,29930.6,29727.2,29880.9,29197.212763082272,30365.12114563546,28074.224668628576,0,0
1691582400,29880.9,30129,29652.3,29750.5,29196.44597319821,30367.230835937644,28070.79980625311,0,0
1691596800,29750.5,29765,29364.6,29405.3,29196.015130746968,30370.634522840097,28066.825501250452,0,0
1691611200,29405.3,29619.5,29364.6,29565.8,29195.91081288443,30374.473495126826,28063.077647441638,0,0
1691625600,29565.8,29649.2,29552.2,29570,29196.18933515147,30377.917390382605,28060.43155426714,0,0
1691640000,29570,29608.9,29485,29504.4,29196.77879316422,30381.073193872056,28058.649753982543,0,0
1691654400,29504.4,29553.6,29464.4,29496.9,29197.63858153976,30383.73043702746,28057.84827854147,0,0
1691668800,29496.9,29732.3,29375.2,29455,29198.771299341868,30387.412106835855,28056.625631489012,0,0
1691683200,29455,29469,29308.8,29436.6,29200.053019037165,30390.865420886494,28055.90049859495,0,0
1691697600,29436.6,29478,29409.2,29441.4,29201.512516681792,30393.623188535337,28056.15927960763,0,0
1691712000,29441.4,29485.6,29338.3,29401.3,29203.107668086086,30396.117382415396,28056.92209779392,0,0
1691726400,29401.3,29474.3,29368.4,29403.5,29204.83777274151,30398.132494333808,28058.386464732117,0,0
1691740800,29403.5,29436,29342.5,29432.2,29206.68397957721,30399.606818123346,28060.57309183159,0,0
1691755200,29432.2,29573,29341.4,29379.9,29208.66619515117,30401.3593812304,28062.76424028899,0,0
1691769600,29379.9,29416,29215.1,29386.4,29210.68809382685,30403.11843606527,28065.02565548227,0,0
1691784000,29386.4,29446.5,29386.2,29413.9,29212.819315290533,30404.168884583443,28068.151298176937,0,0
1691798400,29413.9,29442.5,29371.2,29394.2,29215.040711018642,30404.589151003256,28072.032136580052,0,0
1691812800,29394.2,29413.8,29380,29412.1,29217.345605373754,30404.19600442679,28076.82479416863,0,0
1691827200,29412.1,29422.9,29385,29419.9,29219.735173437133,30403.05535828307,28082.471105101944,0,0
1691841600,29419.9,29441.7,29400,29422.1,29222.21496435227,30401.23395455682,28088.92062405308,0,0
1691856000,29422.1,29469,29401.5,29401.6,29224.781347088734,30398.90993001618,28096.002348485887,0,0
1691870400,29401.6,29424.2,29389.4,29417.8,29227.415101563896,30395.9116129982,28103.83858182513,0,0
1691884800,29417.8,29448.8,29390,29407.9,29230.115677393864,30392.410430315653,28112.270478605562,0,0
1691899200,29407.9,29408,29354,29390.5,29232.847454570714,30388.37406120309,28121.26007732739,0,0
1691913600,29390.5,29406.1,29364.9,29377.1,29235.605050702878,30383.75683356472,28130.84001964102,0,0
1691928000,29377.1,29390.1,29350.8,29365.9,29238.371473335963,30378.564481488844,28140.97311720269,0,0
1691942400,29365.9,29463.8,29320,29426.4,29241.176787611086,30373.44529626087,28151.11725338535,0,0
1691956800,29426.4,29432.4,29266.6,29301.3,29243.949366375455,30368.455415882923,28161.082374174723,0,0
1691971200,29301.3,29419.1,29080,29388,29246.651619198085,30364.531948994787,28169.926425065765,0,0
1691985600,29388,29458,29382.6,29414.8,29249.402054715625,30360.27243829199,28179.17797995007,0,0
1692000000,29414.8,29485.5,29374.8,29399.3,29252.19729168818,30355.893830805537,28188.629567661857,0,0
1692014400,29399.3,29656.6,29327,29587.4,29255.13216771823,30352.725312940758,28197.229386376333,0,0
1692028800,29587.4,29680,29230,29349.9,29258.09846047136,30351.28686923406,28204.284359038757,0,0
1692043200,29349.9,29460,29325.5,29422.6,29261.075381132792,30349.731502242747,28211.46975870493,0,0
1692057600,29422.6,29446.6,29360.1,29387,29264.054998205436,30347.79295875697,28219.017972800535,0,0
1692072000,29387,29423.1,29337,29393.5,29267.021483806897,30345.474664738416,28226.89564084952,0,0
1692086400,29393.5,29448,29338,29359.7,29269.97002175577,30342.925982517267,28234.954848062625,0,0
1692100800,29359.7,29496.1,29303.5,29320.3,29272.89028126908,30340.611519839447,28242.74338896885,0,0
1692115200,29320.3,29360,29049.7,29178.5,29275.609649103197,30339.014171355262,28249.478229120017,0,0
1692129600,29178.5,29242.5,29130,29194.4,29278.127313755747,30336.9867877782,28256.22547806337,0,0
1692144000,29194.4,29258.7,29187,29220,29280.481441004493,30334.353392488763,28263.222964538294,0,0
1692158400,29220,29225,29109.1,29196.7,29282.63330632534,30331.3471673511,28270.178987490024,0,0
1692172800,29196.7,29217,29100,29155.3,29284.57068740633,30327.97413809383,28277.06448313395,0,0
1692187200,29155.3,29207.6,29001.8,29099.2,29286.24804517359,30324.700152080535,28283.35713995805,0,0
1692201600,29099.2,29236.7,28940.6,29105.5,29287.666666084166,30322.024862422506,28288.59294969684,0,0
1692216000,29105.5,29136.6,28714.1,28727.8,29288.607336443085,30320.4132277968,28291.91387543238,0,0
1692230400,28727.8,28780,28302.6,28660.5,29288.81575312462,30319.884143440926,28292.81022850002,0,0
1692244800,28660.5,28716.5,28601.8,28632,29288.391756730187,30318.376151826826,28293.398280963465,0,0
1692259200,28632,28644,28476.2,28545.9,29287.26963244903,30316.143427870295,28293.313909289274,0,0
1692273600,28545.9,28570,27862,27928.5,29285.04673641673,30315.919593940427,28289.228030725248,0,0
1692288000,27928.5,28080,27625,27894,29281.516997329752,30315.917068406874,28282.411372553895,0,0
1692302400,27894,27917,24200.9,26610.1,29275.044596377975,30335.107224788237,28252.025937116232,0,0
1692316800,26610.1,26820,26305,26385.1,29266.044832238673,30352.699664262083,28218.2932522166,0,0
1692331200,26385.1,26606.5,26127.3,26413.3,29254.50934545903,30368.41115765846,28181.465029582992,0,0
1692345600,26413.3,26604.5,26370.4,26479,29240.671719109392,30380.88593147894,28143.250480355615,0,0
1692360000,26479,26486.5,25908.3,25994.5,29224.26821627876,30392.027286061606,28101.3781916644,0,0
1692374400,25994.5,26320.8,25572.9,26053.9,29205.271394650845,30402.82539676625,28054.888521181107,0,0
1692388800,26053.9,26229.7,25990.6,26040.5,29183.930614370904,30410.16887149407,28007.13832611383,0,0
1692403200,26040.5,26147.5,25910.5,25951.7,29160.283460298342,30414.095501235155,27958.1594478263,0,0
1692417600,25951.7,25992.6,25785.7,25901.6,29134.34002639232,30414.441279666946,27908.116442727583,0,0
1692432000,25901.6,25985.4,25866.9,25889.1,29106.25423844359,30410.822195315504,27857.64983109909,0,0
1692446400,25889.1,26214.5,25859.9,26203.6,29076.346469585944,30405.104417679475,27805.657642399467,0,0
1692460800,26203.6,26263.3,26008,26111.3,29044.76891854982,30396.79227997817,27752.882401595423,0,0
1692475200,26111.3,26144.1,26018,26088.8,29011.584242456713,30385.149033629536,27700.11163432573,0,0
1692489600,26088.8,26192,26032.2,26092,28976.92458032828,30370.569903737633,27647.230881587708,0,0
1692504000,26092,26150,26018.3,26069.9,28940.866530195763,30352.99600309253,27594.434349520845,0,0
1692518400,26069.9,26186.8,26041.9,26164.9,28903.568003766835,30332.71985842944,27541.751852371806,0,0
1692532800,26164.9,26211.2,25940.2,26091,28865.071836164374,30310.621438291822,27488.462214580213,0,0
1692547200,26091,26153.8,25988.1,26121.9,28825.481694318165,30286.152816321803,27435.257292292295,0,0
1692561600,26121.9,26307,26121.8,26176.5,28785.011031403403,30259.690113133813,27382.199122997066,0,0
1692576000,26176.5,26182.1,26052.9,26074.5,28743.638650592027,30230.895400090667,27329.54985095578,0,0
1692590400,26074.5,26174.6,25980.7,26009,28701.398628867348,30200.257532573607,27276.92909123839,0,0
1692604800,26009,26079.5,25865.7,26019,28658.304969232107,30167.94810561033,27224.206327667904,0,0
1692619200,26019,26192.3,25794.2,25928.1,28614.42536172408,30135.213027175836,27170.384959392864,0,0
1692633600,25928.1,26153.4,25925.5,26085.5,28569.931057336777,30101.130279426514,27116.62163659216,0,0
1692648000,26085.5,26279.7,26062.2,26112.9,28524.99967518516,30065.83328611225,27063.131719191682,0,0
1692662400,26112.9,26127.4,26004.2,26040.6,28479.599527221937,30028.728381987254,27010.387483389783,0,0
1692676800,26040.6,26100.2,25981.8,26092,28433.800831953882,29989.909885615507,26958.43478139308,0,0
1692691200,26092,26096.5,26012.8,26039.3,28387.661368193083,29949.272917598802,26907.475188877208,0,0
1692705600,26039.3,26086.3,25901.2,25926,28341.163018418676,29907.490128140173,26856.868222480014,0,0
1692720000,25926,26044,25705.8,25768,28294.232321323656,29865.472560944112,26805.65596340019,0,0
1692734400,25768,26063.8,25267.3,26044,28246.888687505558,29826.117900988065,26751.276286542725,0,0
1692748800,26044,26184.2,25976.4,25994.6,28199.474382407883,29785.914639925035,26697.530193623086,0,0
1692763200,25994.6,26171.3,25966.3,26043.3,28152.051117921405,29744.936889526813,26644.46675713447,0,0
1692777600,26043.3,26081.3,25881.9,25925.1,28104.566987119193,29703.12555109677,26592.03941937702,0,0
1692792000,25925.1,26180,25801,26134.9,28057.153411524054,29661.754297717118,26539.35602245826,0,0
1692806400,26134.9,26823.8,26118.5,26614,28010.35038087484,29623.298798152962,26485.224815957852,0,0
1692820800,26614,26715.8,26208,26422.9,27964.105942322636,29586.39315629651,26430.77231558462,0,0
1692835200,26422.9,26542.8,26337.3,26425.1,27918.427168407576,29549.163364103926,26377.686770804943,0,0
1692849600,26425.1,26499.9,26370,26461.5,27873.343178267914,29511.21611888411,26326.372210609934,0,0
1692864000,26461.5,26573.6,26403.1,26433,27828.89867557936,29472.894715974908,26276.604621258877,0,0
1692878400,26433,26433,25967.5,25985.5,27784.761047390617,29435.690196089126,26226.42585643068,0,0
1692892800,25985.5,26155.5,25834,26021.7,27740.832978444698,29398.59389790638,26176.551742931104,0,0
1692907200,26021.7,26195.7,25922,26161.6,27697.241667180126,29361.439876793018,26127.369747166806,0,0
1692921600,26161.6,26173.8,26000.7,26090.8,27654.01135004685,29323.65064416851,26079.43850608526,0,0
1692936000,26090.8,26097.8,25961.4,25965.9,27611.08756741806,29284.987024307266,26032.86646577103,0,0
1692950400,25965.9,26122.6,25965.9,26090.5,27568.552502922583,29245.70829192711,25987.57669056673,0,0
1692964800,26090.5,26301.3,25755,25921.6,27526.36311702166,29208.17511109,25941.390161086798,0,0
1692979200,25921.6,26061.9,25817.8,25959.5,27484.4992665354,29170.46753816285,25895.975062584126,0,0
1692993600,25959.5,26079,25944.3,26045.9,27443.06681455204,29132.0489138574,25852.006441940503,0,0
1693008000,26045.9,26115,26016.4,26077,27402.135069138443,29092.822692408296,25809.699329836654,0,0
1693022400,26077,26077.1,26035.3,26035.9,27361.702077167123,29052.50361500729,25769.30203608767,0,0
1693036800,26035.9,26045,25995,26030.5,27321.759491377936,29011.206803690155,25730.69596021597,0,0
1693051200,26030.5,26060,25974.3,26038.2,27282.325792125677,28969.236839832793,25693.645460630032,0,0
1693065600,26038.2,26043,25995,26023.3,27243.413600521082,28926.438391398315,25658.312114558896,0,0
1693080000,26023.3,26038.2,25975.1,26008.5,27205.02487520621,28882.971790825526,25624.55774359343,0,0
1693094400,26008.5,26016.9,25957.3,26009.7,27167.16148728084,28838.879600951772,25592.348714255775,0,0
1693108800,26009.7,26035,26008.1,26026.5,27129.866178580152,28794.07178724834,25561.84635177659,0,0
1693123200,26026.5,26085,26017.1,26051,27093.178270201493,28748.90307728998,25532.81100177937,0,0
1693137600,26051,26170,26046,26109.1,27057.16405657621,28703.830995273973,25504.96227855497,0,0
1693152000,26109.1,26169.5,26026.5,26115.2,27021.82396258919,28659.005752149198,25478.168244214183,0,0
1693166400,26115.2,26122.1,26025,26085.4,26987.13614532834,28614.162664214484,25452.62378889467,0,0
1693180800,26085.4,26090,25975,26004.5,26953.051058973328,28569.398608025494,25428.150286073913,0,0
1693195200,26004.5,26029.3,25860.1,25920.7,26919.48866071183,28524.988940777035,25404.352347294993,0,0
1693209600,25920.7,25988,25842,25987.9,26886.46122509636,28480.82873615709,25381.34700732547,0,0
1693224000,25987.9,26243.5,25977,26089.1,26854.140574769834,28437.827607277097,25358.64820507464,0,0
1693238400,26089.1,26187,25902.2,25984.7,26822.448434590624,28396.00377463352,25336.09115339534,0,0
1693252800,25984.7,26166.5,25934.8,26102.4,26791.43057265583,28355.076887448227,25314.011842696615,0,0
1693267200,26102.4,26203.2,26052,26068.1,26761.126455236485,28314.61258728013,25292.872609349426,0,0
1693281600,26068.1,26078.3,25980,25993.8,26731.444017029396,28274.228579755203,25272.841563826794,0,0
1693296000,25993.8,26035.8,25910.9,25966.6,26702.338493795178,28234.0716393956,25253.703757070976,0,0
1693310400,25966.6,27696,25953.2,27408.9,26674.831347371513,28204.42343785531,25228.19262654003,0,0
1693324800,27408.9,28140.8,27336.2,27808.4,26649.5734955869,28180.08107550549,25202.190355442348,0,0
1693339200,27808.4,27871.8,27520.3,27702.6,26626.4275957109,28158.279176950462,25177.910981505367,0,0
1693353600,27702.6,27756.2,27270.9,27376.6,26605.105374553015,28139.449221205006,25154.423827800794,0,0
1693368000,27376.6,27464.2,27362,27430.6,26585.498929556386,28121.31194678792,25133.562568874913,0,0
1693382400,27430.6,27494,27293.4,27329.3,26567.505909598432,28104.353846585025,25114.698388353576,0,0
1693396800,27329.3,27463.1,26969.5,27190.2,26550.91634998278,28090.0168240567,25096.145845667575,0,0
1693411200,27190.2,27274.9,27052,27165,26535.642097506567,28076.646560318455,25079.216637009093,0,0
1693425600,27165,27346.1,27164.9,27282.7,26521.73358141418,28064.076735378723,25064.154391965967,0,0
1693440000,27282.7,27285.2,27164.1,27201.7,26509.098455235002,28051.903021198148,25051.145384978154,0,0
1693454400,27201.7,27282.1,27201.7,27244.6,26497.71633064796,28039.918454390772,25040.335687193885,0,0
1693468800,27244.6,27627.5,27175,27291.1,26487.65640364631,28030.301959102537,25029.910230053363,0,0
1693483200,27291.1,27304.5,26750,26911.4,26478.516113838195,28023.189911724556,25018.986696352244,0,0
1693497600,26911.4,26911.5,25884.1,26151.4,26469.61835116881,28020.583690702035,25004.50038408813,0,0
1693512000,26151.4,26185.5,25627.2,25924.1,26460.566486925087,28019.239471394114,24988.600405225276,0,0
1693526400,25924.1,26087,25915,26068.3,26451.485543658946,28016.957156919965,24973.486005191775,0,0
1693540800,26068.3,26080.1,25961.5,25975,26442.36814958204,28013.449808471778,24959.39765143029,0,0
1693555200,25975,26060.6,25940,26031.2,26433.229830334185,28008.791961782685,24946.296870520142,0,0
1693569600,26031.2,26145,25535,25796.3,26423.898244461172,28005.717149503667,24931.423634192222,0,0
1693584000,25796.3,25960,25305.4,25635.6,26414.201099194994,28004.249924532603,24914.43340167801,0,0
1693598400,25635.6,25923.5,25550.1,25793.7,26404.285292513272,28002.780328086636,24897.03785267203,0,0
1693612800,25793.7,25829,25742.5,25788.4,26394.20080768931,27999.653995175137,24880.801612643987,0,0
1693627200,25788.4,25838,25755.6,25780.4,26383.969699981055,27994.9271386152,24865.714194673645,0,0
1693641600,25780.4,25846.5,25762.9,25802.3,26373.620950600383,27988.694729192048,24851.74420515131,0,0
1693656000,25802.3,25975,25772.2,25880.1,26363.2407435035,27981.799882528823,24838.304377048928,0,0
1693670400,25880.1,25924.9,25749,25822.4,26352.797711904215,27974.07721540661,24825.481887998343,0,0
1693684800,25822.4,25895.1,25805.9,25857.7,26342.32538070991,27965.085083236692,24813.731279478696,0,0
1693699200,25857.7,25895.1,25812,25849.5,26331.834655030518,27954.852178269608,24803.047137514324,0,0
1693713600,25849.5,25940.8,25849.4,25940.8,26321.39372940251,27943.551980609547,24793.403799881453,0,0
1693728000,25940.8,25941.6,25863,25930,26311.011814735033,27931.169699966613,24784.831790125634,0,0
1693742400,25930,26080,25801.1,25859.6,26300.698468551836,27918.932659608407,24776.26019473293,0,0
1693756800,25859.6,26026.3,25783,25999.1,26290.482852443074,27906.664787411857,24767.900208784,0,0
1693771200,25999.1,26133,25914.3,25959.9,26280.435373218195,27894.299228029675,24759.943878134247,0,0
1693785600,25959.9,26089,25866,25972.8,26270.53257842252,27881.852312005667,24752.332600829057,0,0
1693800000,25972.8,26005.7,25897.7,25952.4,26260.754311123095,27868.64877890184,24745.628051807715,0,0
1693814400,25952.4,25998.9,25856.7,25881,26251.065795582745,27854.893540058878,24739.58316921852,0,0
1693828800,25881,25953.1,25713.8,25803.9,26241.385782729703,27841.101561663676,24733.587723635308,0,0
1693843200,25803.9,25936.6,25796.3,25878,26231.76914001498,27826.75913306177,24728.201689771493,0,0
1693857600,25878,25908,25616.3,25811.9,26222.132731883565,27812.696805672564,24722.53049795154,0,0
1693872000,25811.9,25829.3,25542,25677.9,26212.392817928303,27798.79543984766,24716.521934489425,0,0
1693886400,25677.9,25740,25663.3,25722.8,26202.588793828403,27783.856554786184,24711.316017077148,0,0
1693900800,25722.8,25794.1,25636.1,25768.2,26192.756824686894,27768.441042866492,24706.482766465055,0,0
1693915200,25768.2,25900,25604.2,25746.6,26182.924952443278,27753.405254157242,24701.313326680425,0,0
1693929600,25746.6,25837.7,25666,25666,26173.07628387513,27737.996261592514,24696.445831960657,0,0
1693944000,25666,25793.2,25657.4,25781.9,26163.241775741935,27722.05979411964,24692.076465440936,0,0
1693958400,25781.9,25856.9,25759.8,25768.9,26153.480443304004,27705.46126398502,24688.43715615876,0,0
1693972800,25768.9,25779.5,25710.1,25710.7,26143.73810620577,27688.02330842357,24685.584613688727,0,0
1693987200,25710.7,25763.4,25702.2,25722.9,26134.01962162885,27669.749669821347,24683.52586249081,0,0
1694001600,25722.9,25777.2,25518.4,25574,26124.229063787294,27651.73866746026,24681.10061304555,0,0
1694016000,25574,26052.4,25342.4,25675,26114.444815190494,27636.685934573135,24676.049422861564,0,0
1694030400,25675,25777.7,25643.5,25749.5,26104.709164035237,27621.161671065875,24671.512684881534,0,0
1694044800,25749.5,25827.2,25711.6,25822.1,26095.091505186803,27605.1585986399,24667.628632918735,0,0
1694059200,25822.1,25833.5,25735.7,25751.1,26085.582803351812,27588.59684135181,24664.45227727581,0,0
1694073600,25751.1,25751.2,25673.5,25697.1,26076.12283384628,27571.334721830135,24661.997284718484,0,0
1694088000,25697.1,25821.5,25601.7,25768.7,26066.741566571192,27554.268411493915,24659.519380125366,0,0
1694102400,25768.7,25971.8,25762.3,25870.5,26057.578818579823,27537.480798627388,24657.20880031788,0,0
1694116800,25870.5,26450,25847.8,26245.2,26048.936078588984,27523.51665600113,24653.356593459393,0,0
1694131200,26245.2,26436.3,26178.2,26240,26040.898213282628,27510.402130815608,24649.889759152047,0,0
1694145600,26240,26371.2,26176,26242.3,26033.425543047266,27497.736186962822,24647.0924332569,0,0
1694160000,26242.3,26254.2,25631.9,25825.2,26026.154179447087,27487.605928335994,24642.40440358191,0,0
1694174400,25825.2,25947.9,25770.3,25831.1,26019.029906815762,27477.31006762707,24638.14382214153,0,0
1694188800,25831.1,25886.3,25708,25886.3,26012.030923996557,27466.849061840774,24634.26916089104,0,0
1694203200,25886.3,25928.9,25836.1,25896.9,26005.21719479509,27455.808819224258,24631.265675005292,0,0
1694217600,25896.9,25897,25835.5,25863.6,25998.56591081239,27444.024389760736,24629.238766856703,0,0
1694232000,25863.6,25880,25819.5,25870.7,25992.068010444622,27431.52626951083,24628.144742003307,0,0
1694246400,25870.7,25892.3,25835.4,25849.7,25985.725387630686,27418.340350362396,24627.96490570331,0,0
1694260800,25849.7,25912,25784.8,25880.3,25979.537277042127,27404.91345368661,24628.29734054228,0,0
1694275200,25880.3,25939.8,25836,25857.9,25973.521179938318,27391.15396879211,24629.25816317675,0,0
1694289600,25857.9,25906,25845,25889.7,25967.677633348867,27376.84828980171,24631.04132847613,0,0
1694304000,25889.7,25892.6,25816.9,25849.5,25961.97833928525,27362.0916669216,24633.508559740472,0,0
1694318400,25849.5,25861,25735,25842.3,25956.383470683624,27347.167045963746,24636.330401053976,0,0
1694332800,25842.3,25855,25781.3,25784,25950.88805346043,27331.79076292329,24639.75363358907,0,0
1694347200,25784,25822.1,25706,25765.5,25945.452039806223,27316.199089990867,24643.49008923957,0,0
1694361600,25765.5,25858,25543.1,25786.2,25940.04364840649,27301.524112980474,24646.45789358372,0,0
1694376000,25786.2,26020,25756.5,25826.4,25934.801361060912,27287.574552698265,24649.09148809553,0,0
1694390400,25826.4,25863.1,25646,25725.4,25929.60386512896,27273.94848273109,24651.52257027308,0,0
1694404800,25725.4,25890,25704,25803.8,25924.507103633023,27260.520708151158,24653.970324395184,0,0
1694419200,25803.8,25822.2,25550.1,25586,25919.369127720587,27247.644101803588,24655.84523450841,0,0
1694433600,25586,25746.4,24915,25103.4,25913.805784833807,27238.16885412195,24653.83535326987,0,0
1694448000,25103.4,25236,24972,25007.8,25907.659370765017,27228.478209582157,24650.911773518783,0,0
1694462400,25007.8,25210,24853.4,25154.7,25900.962379413195,27219.140833899528,24646.621150667208,0,0
1694476800,25154.7,25947.1,25122,25785.6,25894.283691513683,27213.373523953458,24639.13293610581,0,0
1694491200,25785.6,25987.8,25596.2,25812.3,25887.804498400597,27208.68908279183,24631.04413844273,0,0
1694505600,25812.3,26346,25720,26088.4,25881.76582917563,27206.60405259031,24621.4412185157,0,0
1694520000,26088.4,26420.5,26005.3,26191.8,25876.301733558288,27205.95502802254,24611.63339851408,0,0
1694534400,26191.8,26584,25862,26046.1,25871.352320612375,27208.358172896074,24600.04630356613,0,0
1694548800,26046.1,26147.7,25754,25825,25866.655087883904,27211.60323524392,24588.181727159918,0,0
1694563200,25825,25972.1,25740.5,25865.9,25862.155871276354,27214.686499679792,24576.84406241695,0,0
1694577600,25865.9,26100,25831.5,25865.4,25857.920512129658,27217.88937480622,24565.903843761072,0,0
1694592000,25865.4,26244.9,25850.4,26186.1,25854.09647757717,27222.07380523097,24554.863433785216,0,0
1694606400,26186.1,26384.8,25999.1,26226.3,25850.774022898935,27227.2419814787,24543.893136057308,0,0
1694620800,26226.3,26397,26032.3,26123.8,25847.916261530594,27233.207828498118,24533.091337258873,0,0
1694635200,26123.8,26298,26123.8,26207.8,25845.529908170964,27238.88717127369,24523.447379987978,0,0
1694649600,26207.8,26543.9,26105.5,26251.4,25843.682558678527,27245.851307590445,24513.674417935144,0,0
1694664000,26251.4,26388.4,26145.1,26328.5,25842.34019804484,27252.93688228916,24504.755204767825,0,0
1694678400,26328.5,26479,26255.1,26430.6,25841.57766602492,27260.119139031518,24496.85318187215,0,0
1694692800,26430.6,26797,26314,26679.5,25841.56686250881,27269.023700726844,24488.833382462235,0,0
1694707200,26679.5,26863.2,26516,26662.3,25842.353476485638,27278.887749165828,24481.468575420604,0,0
1694721600,26662.3,26713.2,26460,26510,25843.790244133732,27289.028893029772,24475.092052593296,0,0
1694736000,26510,26611,26429.6,26601.5,25845.834760470607,27299.016146312773,24470.009134588432,0,0
1694750400,26601.5,26646.5,26537.4,26559.1,25848.490376652047,27308.475842065516,24466.559709007084,0,0
1694764800,26559.1,26683.5,26350.3,26415.5,25851.636086910115,27318.573805119177,24463.46918171843,0,0
1694779200,26415.5,26514.9,26204.8,26309.7,25855.11549093567,27329.015185435248,24460.705682723823,0,0
1694793600,26309.7,26429,26300.7,26381.1,25858.936573899988,27338.78329037355,24459.19387233439,0,0
1694808000,26381.1,26890.9,26353.2,26588.9,25863.307839787998,27350.40393494136,24457.068129844916,0,0
1694822400,26588.9,26765.4,26560,26603.4,25868.231403762646,27361.971447536733,24456.037359795348,0,0
1694836800,26603.4,26606,26454.1,26481.4,25873.557539695474,27373.056071096606,24456.20167588082,0,0
1694851200,26481.4,26569,26430,26510.5,25879.253843539376,27383.585996199494,24457.56299380581,0,0
1694865600,26510.5,26564.9,26466.1,26496.1,25885.30454685787,27393.3556025275,24460.274279860678,0,0
1694880000,26496.1,26617.2,26488,26522.9,25891.720425344978,27402.590255408137,24464.15394807142,0,0
1694894400,26522.9,26569.7,26498.1,26550,25898.47650849573,27410.9793293425,24469.43166102463,0,0
1694908800,26550,26550.1,26388.9,26514.9,25905.500288512012,27418.99897813511,24475.54506760991,0,0
1694923200,26514.9,26560,26479.6,26486,25912.79620150731,27426.227765564487,24482.87867804891,0,0
1694937600,26486,26609.3,26478.5,26555,25920.382530399504,27433.012715293284,24491.15733277408,0,0
1694952000,26555,26586.4,26511,26534.1,25928.23611653456,27439.05291586399,24500.606131565488,0,0
1694966400,26534.1,26539.2,26450,26490,25936.290167706662,27444.40190157275,24511.05147330347,0,0
1694980800,26490,26527,26380,26514.6,25944.510324151346,27449.389973453206,24522.13388388521,0,0
1694995200,26514.6,26743,26350.3,26647.1,25952.982048820308,27455.504736835825,24532.686019889752,0,0
1695009600,26647.1,26790,26554.5,26697.9,25961.781313328152,27461.907014201875,24543.601018403773,0,0
1695024000,26697.9,27229,26671.1,27185,25971.21029690486,27470.684509126368,24553.584169406924,0,0
1695038400,27185,27400,27121,27256.4,25981.44654605904,27480.39842004771,24564.256831635532,0,0
1695052800,27256.4,27296,26615.1,26803.9,25992.11809216884,27492.885869028658,24573.273469203825,0,0
1695067200,26803.9,26869.9,26716.8,26749.3,26003.078274877862,27504.9867020928,24583.181482431955,0,0
1695081600,26749.3,26824.2,26651.1,26808,26014.288033038734,27516.801373401406,24593.81716219616,0,0
1695096000,26808,26859.7,26746.5,26832.1,26025.77466373452,27528.047116122423,24605.484871129327,0,0
1695110400,26832.1,27484.9,26832,27229.1,26037.85935520128,27542.05125818287,24615.81795218738,0,0
1695124800,27229.1,27470.7,26868,27410,26050.567908494046,27558.474048086562,24625.169273557025,0,0
1695139200,27410,27470.3,27056.2,27171.9,26063.846588985893,27576.13999072701,24634.48833820205,0,1
1695153600,27171.9,27214.3,26973,27193,26077.560713790102,27593.93964768772,24644.5118552832,0,0
1695168000,27193,27383.1,27076,27110.6,26091.73762329645,27612.266758667367,24654.939710418737,0,0
1695182400,27110.6,27148.1,26925.1,27090,26106.218663270014,27630.496377530642,24666.030011994186,0,0
1695196800,27090,27186.2,26930.5,27080.4,26120.987981716946,27648.80622564486,24677.59394646658,0,0
1695211200,27080.4,27232,26976,27169.9,26136.075718092336,27667.23446518497,24689.654284074793,0,0
1695225600,27169.9,27294.1,26710.5,26911.9,26151.310822500425,27687.428106532818,24700.418366907274,0,0
1695240000,26911.9,27244.1,26902,27110.6,26166.778765578973,27708.06279912014,24711.22993804161,0,0
1695254400,27110.6,27149.9,26920,27024.7,26182.40479901981,27728.428160381998,24722.58135566425,0,0
1695268800,27024.7,27086.9,26963.7,26976.8,26198.14665735753,27747.902319061646,24734.9468218693,0,0
1695283200,26976.8,27010.8,26606.5,26717.3,26213.767417144816,27767.85320925839,24746.65927616792,0,0
1695297600,26717.3,26767.9,26363,26570.1,26229.05695760935,27788.054160780997,24757.524398972884,0,0
1695312000,26570.1,26690.7,26538.4,26582.9,26244.04998027809,27807.082354383583,24768.875446537386,0,0
1695326400,26582.9,26609.4,26476.5,26554.5,26258.690206430798,27824.803188877857,24780.725551831372,0,0
1695340800,26554.5,26654,26455.3,26614,26273.004989783418,27841.654992805285,24792.735610421183,0,0
1695355200,26614,26692.7,26558.9,26656.2,26287.053120190798,27857.350264877376,24805.272402916187,0,0
1695369600,26656.2,26732.9,26572.8,26629.8,26300.841322713775,27872.079829626688,24818.178568335188,0,0
1695384000,26629.8,26687.1,26541.2,26618.8,26314.339382695605,27885.76139314227,24831.47034737134,0,0
1695398400,26618.8,26631.7,26512.3,26524,26327.489668917282,27898.21653095452,24845.197953707007,0,0
1695412800,26524,26582,26464,26565.7,26340.27639730027,27909.459416002577,24859.319213053644,0,0
1695427200,26565.7,26603.5,26510.1,26517.4,26352.708938241263,27919.396537210665,24873.935489905212,0,0
1695441600,26517.4,26571.1,26496.1,26567.7,26364.791690255897,27927.9709519821,24889.106411121273,0,0
1695456000,26567.7,26576.2,26541.3,26566.6,26376.54368340164,27935.020762420012,24905.013051514357,0,0
1695470400,26566.6,26578,26531.9,26566.4,26387.96524621947,27940.66547471936,24921.550650456746,0,0
1695484800,26566.4,26620,26545.7,26598.5,26399.08760303446,27945.14964741649,24938.561255373945,0,0
1695499200,26598.5,26600,26545.3,26565.6,26409.895810691443,27948.389573728542,24956.092546642125,0,0
1695513600,26565.6,26579.4,26545.1,26556.1,26420.38320512929,27950.309625234357,24974.200932488773,0,0
1695528000,26556.1,26560.3,26533,26551.1,26430.541817106114,27950.91306331714,24992.870149297734,0,0
1695542400,26551.1,26601,26551,26583.7,26440.40516738557,27950.416228971517,25011.971903691177,0,0
1695556800,26583.7,26615,26550.2,26564.5,26449.97448051961,27948.94948470451,25031.393412586258,0,0
1695571200,26564.5,26724.9,26301.3,26438.5,26459.16810382583,27948.512191876216,25049.18945023515,0,0
1695585600,26438.5,26512.2,26079,26232.9,26467.786451012347,27948.916749088436,25065.14745832649,0,0
1695600000,26232.9,26320,25971.3,26142.7,26475.718987719483,27949.518324684555,25079.63420956741,0,0
1695614400,26142.7,26181.7,26025,26174.9,26482.970283918025,27949.181718059903,25093.676163180688,0,0
1695628800,26174.9,26214.5,26005.1,26064.2,26489.530566552112,27948.21908296655,25106.97470752106,0,0
1695643200,26064.2,26294.3,25981.6,26227.5,26495.494751289134,27947.329935822498,25119.080918558946,0,0
1695657600,26227.5,26419,26201,26314.9,26501.02287737613,27946.104229411154,25130.66607717333,0,0
1695672000,26314.9,26437,26247,26287.5,26506.140205623182,27944.408235419374,25141.898253176947,0,0
1695686400,26287.5,26382.5,26222,26339.1,26510.85041910626,27942.086821615147,25152.924133087385,0,0
1695700800,26339.1,26351.7,26243.9,26262,26515.13859259907,27938.83767143183,25163.987953000124,0,0
1695715200,26262,26320.3,26174,26262.3,26518.98595313201,27934.892694543574,25174.84579848691,0,0
1695729600,26262.3,26299,26075.6,26113.8,26522.320450006653,27930.640712184053,25185.01058752962,0,0
1695744000,26113.8,26285,26103.7,26234.5,26525.204920143537,27925.90261940607,25194.762928331475,0,0
1695758400,26234.5,26274.5,26081.9,26207.4,26527.63665516447,27920.749809265046,25204.033248237094,0,0
1695772800,26207.4,26274.5,26188.4,26267.2,26529.687021551268,27914.647618023086,25213.4400223287,0,0
1695787200,26267.2,26279.9,26221.4,26234.4,26531.372356524746,27907.486786977926,25223.113944069755,0,0
1695801600,26234.4,26829,26207.6,26745.8,26533.045067178453,27902.874985392602,25230.46391834082,0,0
1695816000,26745.8,26838.7,26151,26291.7,26534.542741885245,27900.915649938037,25235.08430170458,0,0
1695830400,26291.7,26302.4,26087.5,26256.1,26535.665403330473,27898.60065979584,25239.313863230254,0,0
1695844800,26256.1,26374.5,26215,26359.5,26536.526718607955,27895.728939377666,25243.550789359793,0,0
1695859200,26359.5,26545,26322,26366.5,26537.229333008167,27892.781883015217,25247.554855813552,0,0
1695873600,26366.5,26498.3,26332,26446,26537.79328715361,27889.457459532096,25251.637597238172,0,0
1695888000,26446,26618.4,26373.4,26461.8,26538.28128185416,27886.280407879265,25255.443289446972,0,0
1695902400,26461.8,27069.5,26451,27006.1,26539.03978399645,27885.698592136217,25257.41395107688,0,0
1695916800,27006.1,27312.7,26836.6,27089.6,26540.28194299702,27887.00329929885,25258.5965603369,0,0
1695931200,27089.6,27161,26878,27010.7,26541.925871392155,27888.97670448792,25259.938233915607,0,0
1695945600,27010.7,27125,26857,26942.2,26543.912893357694,27891.464140808486,25261.467384183627,0,0
1695960000,26942.2,27238.9,26883.3,27165,26546.34094748687,27895.04577372479,25262.845001817663,0,0
1695974400,27165,27165,26944,26957,26549.1188168141,27898.847789817755,25264.68889538025,0,0
1695988800,26957,27106.6,26641,26875.3,26552.088258520507,27904.090625682085,25265.592788728598,0,0
1696003200,26875.3,26949.8,26731.1,26916.4,26555.230016034147,27909.314242871915,25266.842283112892,0,0
1696017600,26916.4,26978,26853.1,26894.7,26558.57448318765,27914.0280990661,25268.939189848596,0,0
1696032000,26894.7,26930.2,26876.2,26899.9,26562.103519176,27917.845681325973,25272.198701039302,0,0
1696046400,26899.9,26945,26898,26917.9,26565.823129311837,27920.780700671246,25276.619808876367,0,0
1696060800,26917.9,26985,26912.1,26925.3,26569.741062832476,27923.033742195974,25282.035851253735,0,0
1696075200,26925.3,27082,26897.7,26985.4,26573.890277172446,27925.302088347817,25287.87843472817,0,0
1696089600,26985.4,27031.1,26957.5,27011.5,26578.26793523331,27926.975296345056,25294.695144787198,0,0
1696104000,27011.5,27070.9,26930.7,26953.5,26582.845762634755,27928.43481247209,25302.08705159727,0,0
1696118400,26953.5,27039,26942.9,27038,26587.631308347773,27929.46366644297,25310.26542546794,0,0
1696132800,27038,27149,27012.9,27093.4,26592.685542385654,27930.37897246045,25319.05940314961,0,0
1696147200,27093.4,27279.6,27073.7,27179.2,26598.07953497414,27931.66171238538,25328.16852192904,0,0
1696161600,27179.2,27215.8,27060.3,27137.5,26603.75608106842,27932.97658417486,25337.78795425472,0,0
1696176000,27137.5,27139.7,27018,27090.7,26609.645472861575,27934.079570610196,25348.00655957018,0,0
1696190400,27090.7,28350,27012,27979,26616.386296949073,27942.287212145744,25353.401249146224,0,0
1696204800,27979,28241.2,27810.1,28111.9,26624.188032475253,27952.572677337314,25358.931951308365,0,0
1696219200,28111.9,28438.6,27900,28294.6,26633.14119730868,27965.55348880065,25364.21137954032,0,0
1696233600,28294.6,28477,28167,28185.1,26643.247807675994,27979.929792790175,25370.42297812155,0,0
1696248000,28185.1,28591.7,27970,28021.7,26654.3747671818,27997.221536195517,25375.935726724972,0,0
1696262400,28021.7,28110.6,27606.6,27955.1,26666.18963833321,28016.408601240433,25381.04294338661,0,0
1696276800,27955.1,27955.1,27253.6,27484.1,26678.348969711224,28038.185418239125,25384.463835049097,0,0
1696291200,27484.1,27626.7,27371,27593.2,26690.794966118276,28059.947003430767,25388.449088526893,0,0
1696305600,27593.2,27662,27506,27530.2,26703.537244992734,28081.15583914133,25393.5025139093,0,0
1696320000,27530.2,27629.1,27455.4,27545.8,26716.530104190246,28101.891568208106,25399.463914222797,0,0
1696334400,27545.8,27571,27217,27330.4,26729.590382858038,28122.991413040494,25405.227756250715,0,0
1696348800,27330.4,27484.8,27232.9,27258.5,26742.658161584077,28143.80828693963,25411.26482442747,0,0
1696363200,27258.5,27460.8,27150.5,27413.2,26755.735985833915,28164.67878377265,25417.275788570434,0,0
1696377600,27413.2,27516.1,27175.6,27418.5,26768.83805522056,28185.775303021688,25423.132169431712,0,0
1696392000,27418.5,27442.9,27340,27442.9,26781.987337148963,28205.781333412076,25430.06475333963,0,0
1696406400,27442.9,27635,27421.5,27561.4,26795.292464342514,28225.463062963117,25437.587920099693,0,0
1696420800,27561.4,27620.6,27311,27391.5,26808.64181153297,28245.254952241423,25445.09784012555,0,0
1696435200,27391.5,27825,27390,27603.4,26822.17621355822,28265.982765145025,25452.11828680167,0,0
1696449600,27603.4,27820,27546.9,27764.7,26835.972891301706,28286.790584149167,25459.567032897517,0,0
1696464000,27764.7,27899.3,27632.8,27640,26850.020431404373,28307.628082757823,25467.467463511955,0,0
1696478400,27640,27688.3,27530,27594.8,26864.182879458196,28327.764491045495,25476.21864087093,0,0
1696492800,27594.8,27760,27580.8,27715,26878.517977779946,28347.403860274942,25485.745793259834,0,0
1696507200,27715,28115,27369.6,27537.3,26892.99436656609,28369.664554176114,25493.18637938188,0,0
1696521600,27537.3,27600,27336.6,27454.9,26907.394498374226,28391.55659524934,25500.81663406526,0,0
1696536000,27454.9,27505.2,27359.8,27397.3,26921.667203111178,28412.372963785303,25509.173975678797,0,0
1696550400,27397.3,27575,27386,27547,26935.88189991273,28432.462940597434,25518.075421108795,0,0
1696564800,27547,27640,27443.4,27625.4,26950.09084239857,28451.94465014511,25527.513333252286,0,0
1696579200,27625.4,27788,27573,27748,26964.40650100644,28471.054518987614,25537.488169488854,0,0
1696593600,27748,28043.1,27132,27931,26978.80998535843,28493.679724676476,25544.478468877016,0,0
1696608000,27931,28029.8,27773.8,27936.9,26993.482172448163,28516.186575220163,25552.086983027857,0,0
1696622400,27936.9,28285,27858.6,27912.5,27008.496038981644,28539.59047013934,25559.54189500063,0,0
1696636800,27912.5,27943,27817.5,27887.7,27023.696238417477,28562.04831516705,25568.199812842726,0,0
1696651200,27887.7,27931,27862,27875.7,27039.067047834847,28583.27154249339,25578.287836310134,0,0
1696665600,27875.7,28020.8,27866,27926.1,27054.63182221213,28603.812981141808,25589.35424161884,0,0
1696680000,27926.1,27968.6,27881,27925.2,27070.355914035732,28623.297288217927,25601.668526644902,0,0
1696694400,27925.2,27944.8,27829,27848.3,27086.170160974925,28641.85685107986,25614.980823480644,0,1
1696708800,27848.3,27950.8,27837.7,27942.3,27102.089893541768,28659.533481825896,25629.282383937203,0,0
1696723200,27942.3,28077.7,27930,28045.8,27118.196412180798,28676.64291021412,25644.444468347447,0,0
1696737600,28045.8,28057.3,27856.9,27890.1,27134.38899286798,28693.40422231796,25660.080634266265,0,0
1696752000,27890.1,27924,27765,27797.8,27150.549328604287,28709.484744394318,25676.26467029882,0,0
1696766400,27797.8,27999,27665.1,27882.9,27166.682461785826,28725.893993124067,25692.103304292592,0,0
1696780800,27882.9,27933.2,27783.6,27881.9,27182.7905789837,28741.590301126926,25708.532336567103,0,0
1696795200,27881.9,27979.8,27777.7,27899,27198.877712330694,28756.9000397724,25725.26759793871,0,0
1696809600,27899,27971.5,27777.3,27907.4,27214.92950447754,28771.780970032927,25742.31983432322,0,0
1696824000,27907.4,27932.1,27800,27802.1,27230.893962918155,28785.85004330019,25759.933609891053,0,0
1696838400,27802.1,27828.3,27378.9,27452.1,27246.48279565904,28800.631988848905,25776.199113324215,0,0
1696852800,27452.1,27570.1,27339.8,27429.8,27261.59508258782,28814.745804124,25792.161121220426,0,0
1696867200,27429.8,27738.2,27250,27604.9,27276.31743293509,28829.751733934336,25806.586874853638,0,0
1696881600,27604.9,27643.7,27541.5,27579.2,27290.706881570644,28843.464696146002,25821.54016314564,0,0
1696896000,27579.2,27695,27477.4,27620.4,27304.772854993313,28856.588359843794,25836.409050359944,0,0
1696910400,27620.4,27705,27567,27637.3,27318.552731289084,28868.72262462221,25851.62263797908,0,0
1696924800,27637.3,27721.7,27482,27494.7,27331.978315717526,28880.402961550823,25866.572555978582,0,0
1696939200,27494.7,27619,27323,27391,27344.934930189396,28891.84053193319,25880.852606459393,0,0
1696953600,27391,27499.2,27282.3,27390.6,27357.378404356878,28902.533920033024,25894.828295328818,0,0
1696968000,27390.6,27460,27309.3,27378,27369.310613977505,28912.118552719097,25908.829964102824,0,0
1696982400,27378,27465.4,26985.5,26995.5,27380.515359278284,28922.288680452,25920.930035055502,0,0
1696996800,26995.5,27129.6,26942.9,27008.8,27390.893982978174,28931.207487308326,25932.587622410087,0,0
1697011200,27008.8,27337,27004,27182.5,27400.615486197494,28939.908683778613,25943.196201005307,0,0
1697025600,27182.5,27250,26706.8,26770.9,27409.438974284334,28949.35210886738,25951.438984187,0,0
1697040000,26770.9,26790,26523,26758.9,27417.178370146452,28957.685222483695,25958.62424793473,0,0
1697054400,26758.9,26877.4,26675,26865.5,27423.986665997214,28964.683206967533,25965.243233728146,0,0
1697068800,26865.5,26932,26721.6,26835.5,27429.92059035953,28970.465686260188,25971.296137993057,0,0
1697083200,26835.5,26910,26770.3,26800.3,27435.009125482287,28974.663112956223,25977.16918333143,0,0
1697097600,26800.3,26858.2,26650.5,26826.3,27439.235724867045,28977.689771480455,25982.459716503272,0,0
1697112000,26826.3,26854.3,26610,26664.6,27442.56536395026,28979.73691150028,25986.929972984864,0,0
1697126400,26664.6,26799.9,26540.1,26698.8,27445.003705856234,28980.9078409375,25990.498039211747,0,0
1697140800,26698.8,26766,26692.2,26746.4,27446.64173526328,28980.20378006536,25994.232071690327,0,0
1697155200,26746.4,26868.8,26736.3,26770,27447.56877879366,28978.10829247547,25997.867916803603,0,0
1697169600,26770,26944.4,26767.8,26861,27447.879991656424,28975.00866035876,26001.23868356576,0,0
1697184000,26861,26895.1,26730.5,26810.1,27447.556562873142,28970.835644650564,26004.371103159025,0,0
1697198400,26810.1,26968,26670.2,26697.5,27446.59344704729,28966.38305167895,26006.543188478463,0,0
1697212800,26697.5,26810.5,26673.6,26769.2,27444.992251074884,28960.701856505155,26008.609991348338,0,0
1697227200,26769.2,27120.1,26734.8,26846.7,27442.929922455147,28955.445708459876,26009.42186528828,0,0
1697241600,26846.7,26978.8,26832.5,26917.3,27440.437457180655,28949.22206865295,26010.28815405679,0,0
1697256000,26917.3,26930.9,26831.5,26859.9,27437.501177733415,28941.770647125686,26011.41720238487,0,0
1697270400,26859.9,26891,26839.1,26864,27434.13408999031,28932.86702645017,26013.036059631402,0,0
1697284800,26864,26930.4,26840.5,26929.8,27430.393333039825,28922.841954803225,26014.956606998294,0,0
1697299200,26929.8,26944.6,26841,26852.7,27426.27844531408,28911.812990738355,26017.073007523275,0,0
1697313600,26852.7,26868.6,26780,26841.6,27421.76118543029,28899.69858076562,26019.40585675306,0,0
1697328000,26841.6,26895.3,26804,26867.4,27416.888761847942,28886.60081279653,26021.953716567208,0,0
1697342400,26867.4,26877.6,26859.5,26868.9,27411.694433328597,28872.16461600275,26025.10070511668,0,0
1697356800,26868.9,26913,26833.7,26844.3,27406.19249578502,28856.814347486823,26028.492891539063,0,0
1697371200,26844.3,26962.3,26800,26879.4,27400.418485396065,28841.10503750644,26031.69789085675,0,0
1697385600,26879.4,27075.3,26877.2,27032.9,27394.502478170696,28825.390186651373,26034.64380419826,0,0
1697400000,27032.9,27283.1,27003.4,27139.3,27388.599875697048,28810.29755322627,26037.058512331456,0,0
1697414400,27139.3,27272,27098,27221.2,27382.76947544527,28795.26278506583,26039.563165030624,0,0
1697428800,27221.2,27972.9,27180,27827.9,27377.46006503227,28784.245276906557,26039.42929202931,0,0
1697443200,27827.9,27886,27620,27736,27372.736921999884,28774.182261419868,26039.54891901915,0,0
1697457600,27736,30625.8,27680,28049,27369.548766945954,28780.29946910025,26027.950143829807,0,0
1697472000,28049,28799.9,28048.9,28454.9,27367.507951246836,28789.927968234257,26015.365244677105,0,0
1697486400,28454.9,28633.3,28210.8,28480.9,27366.572940946997,28801.116993491774,26003.481555989958,0,0
1697500800,28480.9,28531.6,28222,28258.4,27366.599394198834,28813.07162203781,25992.742885133463,0,0
1697515200,28258.4,28453,28026,28403.9,27367.505357784386,28826.361959512946,25982.479182087252,0,0
1697529600,28403.9,28600,28333.1,28409.7,27369.39457420657,28840.173942554593,25973.621409172956,0,0
1697544000,28409.7,28569.2,28111.4,28443.9,27372.155019441332,28855.458440890863,25965.100223346024,0,0
1697558400,28443.9,28596.8,28269,28501.5,27375.821696853927,28871.49684399037,25957.629340369098,0,0
1697572800,28501.5,28546.3,28352.2,28380.7,27380.32476399631,28887.478768102737,25951.803900924057,0,0
1697587200,28380.7,28507.7,28307.7,28498.9,27385.634830837214,28903.43700286546,25947.536793413627,0,0
1697601600,28498.9,28993.7,28425,28479,27391.892386373052,28921.54396032542,25943.143614183435,0,0
1697616000,28479,28584.2,28201.1,28332.7,27398.809733128648,28940.450221443753,25939.291512332773,0,0
1697630400,28332.7,28392,28125,28230,27406.23651332052,28959.349544046356,25936.418174091174,0,0
1697644800,28230,28429.1,28210.2,28234,27414.18330736267,28977.996879289778,25934.7617966926,0,0
1697659200,28234,28365,28173.4,28309.1,27422.61232673281,28996.22748488614,25934.396714684593,0,0
1697673600,28309.1,28405,28074,28244.5,27431.45628609718,29014.7759740667,25934.537445632137,0,0
1697688000,28244.5,28333,28213.5,28315,27440.732227889923,29032.481092492806,25936.253357191203,0,0
1697702400,28315,28507.7,28260.3,28440.9,27450.5212260832,29050.180926378158,25938.94741975334,0,0
1697716800,28440.9,28799,28404.5,28662.7,27460.995898228502,29068.872396126793,25942.05531766693,0,0
1697731200,28662.7,28922.1,28436.1,28734.1,27472.1869871808,29089.066380095635,25945.179814194667,0,0
1697745600,28734.1,28877.2,28580,28696.9,27484.07262025622,29109.66305315308,25949.261123917317,0,0
1697760000,28696.9,29410,28555.6,29222.9,27496.928991923294,29133.975608038203,25951.868504285605,0,0
1697774400,29222.9,29409.7,29108.3,29227.9,27510.87228769039,29158.984811525806,25955.913723390266,0,0
1697788800,29227.9,30260,29218,29825.7,27526.3112642779,29189.037964245967,25958.300261420965,0,0
1697803200,29825.7,29902.7,29350.5,29542,27543.016965387418,29221.150927761984,25961.256126803793,0,0
1697817600,29542,29582.2,29302,29549.7,27560.812368139636,29253.6534299817,25965.93209152112,0,0
1697832000,29549.7,29781,29491.7,29652.7,27579.782980647375,29286.695273764835,25972.354413814508,0,0
1697846400,29652.7,29680.6,29450.3,29590,27599.80093570768,29319.8466265885,25980.661542748447,0,0
1697860800,29590,29720,29521.1,29682,27620.864863043495,29352.966578659125,25990.973475818315,0,0
1697875200,29682,29866.6,29618.8,29791.4,27643.017842971763,29386.395303883473,26003.068003576234,0,0
1697889600,29791.4,29979.4,29651,29918.3,27666.275601997782,29420.602707610626,26016.5576243513,0,0
1697904000,29918.3,30382,29826.8,30130.1,27690.805969192897,29456.958723121767,26030.546548636627,0,0
1697918400,30130.1,30143.5,29822.2,29891.6,27716.39107000039,29493.96018794311,26045.954122472525,0,0
1697932800,29891.6,30071.5,29825.1,29893.8,27742.94417630708,29531.129000404882,26063.038482515807,0,0
1697947200,29893.8,30321,29605.9,29800.2,27770.382370988096,29570.90413616347,26079.491295897227,0,0
1697961600,29800.2,29982.7,29761.1,29900.7,27798.619594247015,29610.48692379758,26097.620526618015,0,0
1697976000,29900.7,29956.4,29766.5,29809.1,27827.56361842077,29649.643197250818,26117.45752842843,0,0
1697990400,29809.1,29939.6,29788,29830.9,27857.16706628203,29688.156701601238,26139.102025047356,0,0
1698004800,29830.9,30048.1,29675.9,29978.7,27887.41928739299,29727.251068978367,26161.455450632955,0,0
1698019200,29978.7,30809,29875,30724.7,27918.773937320108,29770.35699877241,26182.35106133681,0,0
1698033600,30724.7,30980,30400.2,30501.7,27951.29711860631,29815.509600614594,26203.644380993737,0,0
1698048000,30501.7,30774.9,30330,30643.8,27984.8728839485,29861.84707997974,26225.876391142763,0,0
1698062400,30643.8,30969.4,30372,30864.5,28019.562757553223,29910.219707483797,26248.416253793876,0,0
1698076800,30864.5,31428,30577,31343.5,28055.62403396697,29962.15227890497,26270.41050350312,0,0
1698091200,31343.5,36743.5,31305.3,33092.9,28095.143651068982,30041.329731862545,26275.038549209497,0,0
1698105600,33092.9,35299.9,32843.3,34072,28138.23611263127,30132.669260152543,26275.811302824433,0,0
1698120000,34072,34604.7,33714.3,34027.5,28184.75780297463,30228.18004670364,26279.470718547804,0,0
1698134400,34027.5,34911.8,33966.5,34560.4,28234.823370651888,30328.17498110353,26285.96185786392,0,0
1698148800,34560.4,34869.7,33229.8,33676.1,28287.809406684242,30435.349852441395,26291.80097841737,0,0
1698163200,33676.1,34425,33364.7,33798,28343.506859767218,30546.532600459846,26299.364042961057,0,0
1698177600,33798,34351.5,33483.7,33935.8,28401.813094801826,30660.60712520708,26309.426417354684,0,0
1698192000,33935.8,34409.7,33783.4,34024,28462.698617686307,30776.312696477544,26323.010835991525,0,0
1698206400,34024,34234.9,33685,33867.3,28525.897357851823,30893.01059407759,26340.15929242891,0,0
1698220800,33867.3,34467.6,33785,34211.9,28591.450884122412,31011.40843862653,26360.3333359402,0,0
1698235200,34211.9,35089.5,34211.8,34859.9,28659.669149512873,31132.742807993967,26383.04761084637,0,0
1698249600,34859.9,35184.8,34378,34750.2,28730.43526404137,31256.501820509122,26408.51862442445,0,0
1698264000,34750.2,34870.1,34246,34505,28803.409768776644,31381.432238697736,26437.17495102085,0,0
1698278400,34505,34845.1,34430.8,34804.6,28878.57258168258,31506.489011885184,26469.84733973087,0,0
1698292800,34804.6,34825.8,34402.9,34660.9,28955.72842237059,31631.55233819078,26506.261833308294,0,0
1698307200,34660.9,34769.4,33965,34111.6,29034.456166288484,31758.1297259622,26544.373114735947,0,0
1698321600,34111.6,34397.9,33855.4,34053.7,29114.484006116418,31884.61188692892,26585.024210061143,0,0
1698336000,34053.7,34167,33751,34055.7,29195.604642747756,32010.165245059747,26628.520156958137,0,0
1698350400,34055.7,34299.5,34032.3,34166.1,29277.854236382336,32134.105090859124,26675.482210042574,0,0
1698364800,34166.1,34190.1,33779.5,34131.8,29361.01211749565,32257.002853841135,26725.01957078359,0,0
1698379200,34131.8,34276.3,33940,33962.7,29444.996197407694,32378.42483022979,26777.331065712635,0,0
1698393600,33962.7,34197.5,33954.2,34067,29529.716151677298,32497.852230697088,26832.66973486162,0,0
1698408000,34067,34240.8,33818,34008.4,29615.03081128659,32616.13568880081,26890.066264183497,0,0
1698422400,34008.4,34047.6,33350,33717.5,29700.57722554847,32734.382285521697,26947.943597546633,0,0
1698436800,33717.5,33974.2,33692.9,33911,29786.40504052435,32850.43922304659,27008.160201880295,0,0
1698451200,33911,34252.1,33881,34084.2,29872.61144892259,32964.940966225666,27070.362895313072,0,0
1698465600,34084.2,34210,34041.7,34070.4,29959.13867011076,33076.80981860858,27135.325165184946,0,0
1698480000,34070.4,34592.7,34053.6,34196.9,30046.048380126562,33188.13570439345,27201.43822786038,0,0
1698494400,34196.9,34258,33920.1,34206.5,30133.122453451604,33297.65617739608,27269.338837461575,0,0
1698508800,34206.5,34240,34086.8,34129.6,30220.30071700395,33404.382182073525,27339.72358621422,0,0
1698523200,34129.6,34217.1,34068.7,34097.4,30307.483648020334,33508.270528570865,27412.443274021643,0,0
1698537600,34097.4,34116,33965.2,33990,30394.506558852238,33609.24666356661,27487.257843168663,0,0
1698552000,33990,34154.8,33936.1,34100.5,30481.334831200526,33707.72701499384,27563.762239989417,0,0
1698566400,34100.5,34352.6,34099.8,34270,30568.05349622826,33804.05940663004,27641.825004159306,0,0
1698580800,34270,34578,34270,34463.7,30654.761001154442,33898.709827819104,27721.242985676083,0,0
1698595200,34463.7,34795,34390,34580,30741.51295467267,33992.30706320204,27801.602785747662,0,0
1698609600,34580,34747.4,34408.5,34535.8,30828.2120016837,34084.43309524488,27883.070625380074,0,0
1698624000,34535.8,34593.2,34147.2,34288.4,30914.593887179963,34175.43569316891,27964.88459692982,0,0
1698638400,34288.4,34369.7,34126,34210.1,31000.50136285243,34264.0867933811,28047.76588803938,0,0
1698652800,34210.1,34715,34178.1,34637.3,31086.117039463275,34352.23209702679,28130.53515305187,0,0
1698667200,34637.3,34913.2,34480,34675.8,31171.53344648714,34439.40831851461,28213.739574704017,0,0
1698681600,34675.8,34675.8,34026.4,34457.2,31256.4189756593,34526.48013769326,28296.07082117194,0,0
1698696000,34457.2,34608.6,34337.8,34501.6,31340.803621847826,34611.401373865374,28379.260378775398,0,0
1698710400,34501.6,34638.6,34212.3,34223.6,31424.52248207663,34694.90415193651,28462.410759287883,0,0
1698724800,34223.6,34374.1,34090,34164.5,31507.394957658194,34776.05390073961,28545.962686029543,0,0
1698739200,34164.5,34569.5,34041.4,34514.1,31589.526623704984,34856.36499215275,28628.865704568558,0,0
1698753600,34514.1,34543,34135.5,34290.7,31670.82654216493,34935.080643873254,28711.576884245933,0,0
1698768000,34290.7,34660,34242.5,34556.7,31751.39948485689,35012.39862586609,28794.124619105045,0,0
1698782400,34556.7,34761,34445.4,34667.1,31831.32435690892,35087.869316687924,28877.0230295188,0,0
1698796800,34667.1,34699.7,34417.3,34444.8,31910.462391236,35161.212498670255,28960.253007799347,0,0
1698811200,34444.8,34532.2,34333.2,34474.7,31988.706919992608,35231.91437583981,29044.046812139524,0,0
1698825600,34474.7,34524.7,34363.1,34449.1,32066.021143158556,35299.803029189075,29128.48298624381,0,0
1698840000,34449.1,35258.4,34058,34304.8,32142.456619522312,35370.74378043577,29208.815170839625,0,1
1698854400,34304.8,34787.1,34297.1,34576.5,32217.990405753433,35440.65309415755,29288.36844590587,0,0
1698868800,34576.5,35749.8,34552.7,35442.4,32293.209857582002,35514.00496641219,29364.51137775424,0,0
1698883200,35442.4,36084.2,35387,35601.8,32368.450477829378,35588.23519043017,29439.97028033097,0,0
1698897600,35601.8,35639.3,35067.3,35305.4,32443.3335710422,35662.26022085181,29514.95184779325,0,0
1698912000,35305.4,35513.1,35111.4,35401.9,32517.81078617602,35735.09882089847,29590.180332932396,0,0
1698926400,35401.9,35494.5,34547.4,34654.3,32591.43443017442,35809.3276092949,29662.707152888474,0,0
1698940800,34654.3,35039.7,34295.7,35018.5,32664.067996826234,35883.63215191887,29733.3707352764,0,0
1698955200,35018.5,35116,34710.8,34958.5,32735.81452593506,35956.171301136426,29803.88383683529,0,0
1698969600,34958.5,34959.7,34358.4,34690.8,32806.40815362474,36027.80697805056,29873.048242928377,0,0
1698984000,34690.8,34705.9,34301,34468.9,32875.6663835646,36097.2350150367,29941.612971553543,0,0
1698998400,34468.9,34623.1,34131.7,34268.6,32943.438505262275,36164.82459128386,30008.997771042963,0,0
1699012800,34268.6,34864.8,34165.1,34770.1,33009.959480451354,36232.01886744933,30074.4330280746,0,0
1699027200,34770.1,34838.3,34329.5,34533.9,33075.187078975214,36297.64856672573,30138.811837857065,0,0
1699041600,34533.9,34764.3,34489.6,34720.1,33139.19600837142,36360.47435205753,30203.299919796467,0,0
1699056000,34720.1,34799.8,34636.5,34717.6,33202.03081092189,36419.97264813908,30268.41509793757,0,0
1699070400,34717.6,35080,34588.2,34783.9,33263.77182793917,36478.175863611104,30332.616421342773,0,0
1699084800,34783.9,34902,34686.6,34723.5,33324.36241830631,36533.46880739188,30397.144504436812,0,0
1699099200,34723.5,34819.3,34640.4,34718.7,33383.75098702721,36585.66430472741,30462.06351977689,0,0
1699113600,34718.7,34804.1,34691.5,34741,33441.94839976248,36634.47815820337,30527.63322962597,0,0
1699128000,34741,35279,34714,35075,33499.205088977564,36682.83981336884,30591.872038881862,0,0
1699142400,35075,35338.3,34940.2,35297.1,33555.66194088029,36729.937815819736,30655.713438362436,0,0
1699156800,35297.1,35328.2,35061.5,35180.1,33611.29725063807,36775.03163412157,30719.73707896268,0,0
1699171200,35180.1,35213.8,35033.6,35114.1,33666.028500316235,36817.602684438025,30784.227987314567,0,0
1699185600,35114.1,35197.9,34755.3,34902.7,33719.68481269426,36859.04099157702,30847.713702786605,0,0
1699200000,34902.7,35324.6,34886.1,35010.1,33772.37276587668,36899.44516039197,30910.306571807887,0,0
1699214400,35010.1,35449,34415.8,35035.8,33823.98293865011,36942.12318868497,30969.03272155481,0,0
1699228800,35035.8,35148.8,34844.3,34998,33874.53889624503,36982.80128683649,31027.51402018993,0,0
1699243200,34998,35048.9,34750,34925.8,33923.95288679791,37021.40450151865,31085.654230608023,0,0
1699257600,34925.8,35310.9,34842.4,35276.9,33972.445052299336,37059.18124790242,31142.809527040536,0,0
1699272000,35276.9,35299.9,34917.1,35098.4,34019.97180302823,37095.59915973719,31199.34729980071,0,0
1699286400,35098.4,35131.5,34812.3,35087,34066.438966839574,37130.226273336346,31255.458971301527,0,0
1699300800,35087,35171,34912,35072.9,34111.88527370277,37162.79742235132,31311.440409122904,0,0
1699315200,35072.9,35081.1,34814.1,34939,34156.20867792565,37193.30649776134,31367.11148066988,0,0
1699329600,34939,35001.9,34851.1,34962.3,34199.407324553395,37221.13485594431,31422.99303547238,0,0
1699344000,34962.3,35007.9,34550,34650,34241.294374288475,37247.939835801844,31477.344669133414,0,0
1699358400,34650,34867,34526.6,34742.3,34281.86093975284,37273.037775035344,31530.72729370358,0,0
1699372800,34742.3,35619.4,34562.9,35480,34321.60474407785,37301.092572786394,31580.108542668153,0,0
1699387200,35480,35927.9,35206.8,35424.5,34360.802621302406,37330.27589018762,31627.53900488702,0,0
1699401600,35424.5,35452.7,35251.2,35298.8,34399.266585094185,37357.38177799482,31675.38744081364,0,0
1699416000,35298.8,35394,35160,35250.3,34436.92848274786,37382.59182966503,31723.37671848681,0,0
1699430400,35250.3,35464.8,35211,35356.2,34473.85747602824,37406.1497207717,31771.429514905725,0,0
1699444800,35356.2,35503.9,35075,35238.9,34509.981729872845,37429.03496983884,31818.58255110886,0,0
1699459200,35238.9,35821.4,35200,35650.9,34545.568631278606,37452.62704842955,31864.154963421217,0,0
1699473600,35650.9,36187.7,35401,35641.7,34580.78124386983,37477.97067860413,31907.55555286961,0,0
1699488000,35641.7,36725,35554.2,36461.5,34616.069523621096,37507.58835877329,31947.462412199722,0,0
1699502400,36461.5,36916.7,36425,36566.2,34651.754898300314,37537.80963509799,31987.59142326674,0,0
1699516800,36566.2,37049,36564,36844.7,34687.95539255993,37568.71543690092,32028.091334056153,0,0
1699531200,36844.7,38149,36791.8,37143.2,34725.10664982265,37605.464049403054,32065.36768852075,0,0
1699545600,37143.2,37270.4,35610.6,36410.2,34762.28930559679,37648.76600707115,32097.11461828643,0,0
1699560000,36410.2,36814.8,36166.6,36726.5,34799.595622671215,37692.79374251919,32128.471658903887,0,0
1699574400,36726.5,36955,36477.5,36772.6,34837.1382533936,37736.671716277495,32160.39323262758,0,0
1699588800,36772.6,36847.4,36468.9,36481.9,34874.748515352396,37779.68337927988,32193.1783228263,0,0
1699603200,36481.9,37168.9,36360,37107.2,34912.6451963231,37824.48914200199,32224.963833043013,0,0
1699617600,37107.2,37295.5,36823.6,37109,34950.96184963935,37869.2735641709,32257.543365466197,0,0
1699632000,37109,37500,37109,37267.1,34989.84243708467,37913.747367327545,32291.428803132534,0,0
1699646400,37267.1,37604.2,37080,37335.2,35029.27173064382,37958.65881374152,32325.954507514758,0,0
1699660800,37335.2,37429.3,36927,37064.4,35069.009963928926,38003.64424899389,32360.98758825491,0,0
1699675200,37064.4,37162.7,36946.5,37040.1,35108.92550539403,38046.99107994787,32397.74329468464,0,0
1699689600,37040.1,37095,36931.9,37020,35148.943237318,38088.397346218575,32436.340113503316,0,0
1699704000,37020,37300,36978.7,37069.6,35189.11430969833,38128.877762087235,32476.00869942914,0,0
1699718400,37069.6,37218.1,37052.1,37182.8,35229.42757497298,38167.60436886165,32517.434294954233,0,0
1699732800,37182.8,37193.8,36613.6,37163,35269.69250917854,38206.776249169525,32558.392301392967,0,0
1699747200,37163,37215.1,36748.8,37013.9,35309.87629251318,38245.697978007396,32599.414567084918,0,0
1699761600,37013.9,37202.8,36933.1,37159.5,35350.04273450697,38283.34564588886,32641.492018231234,0,0
1699776000,37159.5,37178.8,37053.7,37088.1,35390.16331438625,38318.93559095078,32685.24138532455,0,0
1699790400,37088.1,37260.3,36950,37177.6,35430.22363184396,38353.57608648127,32729.69237006659,0,0
1699804800,37177.6,37258.5,37083.8,37134.3,35470.21650106238,38386.54318918368,32775.45082482832,0,0
1699819200,37134.3,37249.1,36962.6,37089.5,35510.05385425565,38418.44385166962,32821.837594479686,0,0
1699833600,37089.5,37473,36880,36947.3,35549.70499976661,38451.002426683124,32867.323237675286,0,0
1699848000,36947.3,37090,36776.3,36991.3,35589.00400954504,38482.46222668661,32913.102049719506,0,0
1699862400,36991.3,37077.1,36705.4,36849.6,35627.85883976284,38513.09271438543,32958.774173748476,0,0
1699876800,36849.6,36988.8,36535.3,36879.1,35666.1802821673,38543.2933853193,33003.83294190887,0,0
1699891200,36879.1,37074.8,36622.5,36878.1,35704.00823723998,38573.09895113961,33048.322247057564,0,0
1699905600,36878.1,36912,36327.9,36485.2,35741.061412573865,38602.977283500804,33091.31991338287,0,0
1699920000,36485.2,36515,36209.7,36477,35777.171810753156,38631.14157308627,33134.04602228765,0,0
1699934400,36477,36747,36402.6,36711.1,35812.55225758579,38658.074081588085,33176.48200723883,0,0
1699948800,36711.1,36786.2,36255.3,36287.6,35847.031810085515,38684.69032258639,33217.525560570895,0,0
1699963200,36287.6,36719.6,35700,36173.6,35880.38126203616,38713.57681329944,33254.528914176924,0,0
1699977600,36173.6,36467.6,34542.9,35311,35911.88289243319,38749.28072660346,33282.25217853948,0,0
1699992000,35311,35689,35226,35560.5,35941.63326347241,38782.91415964664,33308.507873553666,0,0
1700006400,35560.5,35678.8,35384.9,35403.9,35969.67401398656,38813.5235809905,33334.19203677056,0,0
1700020800,35403.9,35682.6,35395.4,35599.9,35996.11799075372,38841.23902929841,33359.402088766685,0,0
1700035200,35599.9,36310.9,35599.9,36261.9,36021.49030750386,38869.13333263417,33382.47222724118,0,0
1700049600,36261.9,36460,36027.1,36428.4,36046.04971030016,38895.783432613774,33405.104231117344,0,0
1700064000,36428.4,37835.9,36258.2,37532.9,36070.663099215424,38928.588685949384,33422.55088961674,0,0
1700078400,37532.9,38016.9,37323.6,37893.9,36095.803300388245,38962.709065071045,33439.84664219198,0,0
1700092800,37893.9,37968.1,37366,37487.3,36121.29751640268,38997.41133938895,33457.30112477057,0,0
1700107200,37487.3,37644,37339.1,37463.4,36146.99106666242,39030.85724891239,33476.204605006,0,0
1700121600,37463.4,37583.1,37151.6,37275.1,36172.71576970609,39063.6415735052,33495.73448481072,0,0
1700136000,37275.1,37347.7,36241,36421,36197.81668298346,39098.99768231167,33511.905938387914,0,0
1700150400,36421,36662,35500,35942.5,36221.68531800082,39136.57782795175,33523.89401658989,0,0
1700164800,35942.5,36288,35673,36178.5,36244.36181829825,39173.068131121465,33534.61513963133,0,0
1700179200,36178.5,36710,36105.2,36509.4,36266.25608925004,39208.7898065619,33544.553076487704,0,0
1700193600,36509.4,36563.5,36125.7,36263.1,36287.260685653215,39242.643188194685,33554.44947359393,0,0
1700208000,36263.1,36493.9,36137.8,36396.9,36307.41754715086,39274.224270630024,33564.725807428695,0,0
1700222400,36396.9,36640,35870.4,36062,36326.59613372158,39305.864851510945,33573.14720456502,0,0
1700236800,36062,36939.1,35918.2,36348.4,36345.023419850535,39339.19946775624,33578.73940653492,0,0
1700251200,36348.4,36760,36329.7,36638.2,36362.880998395616,39370.85002590431,33584.72356155613,0,0
1700265600,36638.2,36640,36380.7,36398,36380.0768510732,39399.75380590558,33591.834055866944,0,0
1700280000,36398,36454.5,36203.3,36435,36396.51777316564,39425.84386216681,33599.95313336985,0,0
1700294400,36435,36564.3,36398.2,36424,36412.31452559706,39448.81141837208,33609.54617997766,0,0
1700308800,36424,36699,36374.8,36675.6,36427.59579547609,39469.8132441132,33619.86354563005,0,0
1700323200,36675.6,36898.2,36610.2,36700.8,36442.51594438897,39488.84986233489,33631.18887956691,0,0
1700337600,36700.8,36730.5,36465,36597.4,36456.942909302175,39505.71749600346,33643.45139223395,0,0
1700352000,36597.4,36600.6,36413.1,36541,36470.807410821304,39519.956319733836,33656.91455820355,0,0
1700366400,36541,36698.2,36507.8,36641.9,36484.21423794244,39531.78035266731,33671.58971048642,0,0
1700380800,36641.9,36734.7,36378.8,36466.1,36497.0839057871,39542.15693767413,33686.506675030505,0,0
1700395200,36466.1,36588,36387.9,36582.1,36509.420030817964,39550.22148921464,33702.409260847875,0,0
1700409600,36582.1,37010.1,36524.3,36964.8,36521.53510905899,39558.04472059112,33718.110592759775,0,0
1700424000,36964.8,37534.7,36814.5,37386.9,36533.81956315868,39567.37234439444,33732.8433198958,0,0
1700438400,37386.9,37406.7,37062.4,37144.4,36546.215780705395,39575.92258043407,33748.4460450759,0,0
1700452800,37144.4,37285.5,37065,37269.9,36558.70940339849,39583.01350292401,33765.47450444638,0,0
1700467200,37269.9,37450,37089.2,37177.2,36571.31475897737,39589.536235865904,33783.19602512876,0,0
1700481600,37177.2,37570,36620.1,37481,36584.00079224186,39598.90269050928,33798.64145294931,0,0
1700496000,37481,37846.7,36782,37590.3,36596.92491314906,39611.79605656392,33811.51693263689,0,0
1700510400,37590.3,37639.7,37274.8,37469.3,36610.11658909073,39624.084665288065,33825.40310996663,0,0
1700524800,37469.3,37693.2,37326,37482.5,36623.58900034694,39635.832895808504,33840.26960634841,0,0
1700539200,37482.5,37502,37236.8,37298,36637.17099887793,39646.316995144174,33856.41846543837,0,0
1700553600,37298,37441.5,37155,37191.6,36650.766416638115,39655.62118583903,33873.60073448178,0,0
1700568000,37191.6,37249.2,36231.2,36994.2,36663.94346545912,39667.62891587954,33887.70105944651,0,0
1700582400,36994.2,37549.7,36554.7,37000.3,36676.90872223909,39682.24822118096,33899.178945749365,0,0
1700596800,37000.3,37199.4,35720,35741.1,36688.87104852251,39701.44771499378,33904.8910376825,0,0
1700611200,35741.1,36405.8,35613,36392.3,36699.7803003502,39720.94218937714,33908.406997812264,0,0
1700625600,36392.3,36574.9,36332.9,36448.3,36709.97848874735,39737.73017809089,33912.92141258977,0,0
1700640000,36448.3,36802.9,36404,36482.4,36719.594052821885,39752.942120185384,33917.705595918414,0,0
1700654400,36482.4,36674.9,36231.1,36487.4,36728.54692734128,39766.801088463486,33922.42077488242,0,0
1700668800,36487.4,37456.6,36367.8,37299.9,36737.41359983854,39783.679648805366,33924.40241625887,0,0
1700683200,37299.9,37888,37220.8,37424,36746.63604954354,39801.39388635814,33926.33094240528,0,0
1700697600,37424,37563.1,37270.3,37314.1,36756.06857820918,39817.62016835061,33929.91775032998,0,0
1700712000,37314.1,37436.8,37281.3,37387.2,36765.67985009825,39831.60283501093,33935.74746261022,0,0
1700726400,37387.2,37677,37100,37385.7,36775.47122981606,39845.87099160901,33941.66699128833,0,0
1700740800,37385.7,37550,36867.3,36951.1,36785.173334065075,39860.75372302567,33946.898912640536,0,0
1700755200,36951.1,37372.8,36921,37283.3,36794.847211409055,39874.94957654012,33952.664409322846,0,0
1700769600,37283.3,37417.9,37180,37297.7,36804.5861019878,39887.3367338718,33960.09032080459,0,0
1700784000,37297.7,37485,37256.6,37315.2,36814.429093688865,39897.97835426221,33969.194565705635,0,0
1700798400,37315.2,37584.9,37301,37532.1,36824.47674333266,39907.3799849467,33979.73226836127,0,0
1700812800,37532.1,38388,37434,37760.5,36835.07714939969,39919.77684459602,33988.73981395769,0,0
1700827200,37760.5,38435.7,37608,38235.5,36846.41413805149,39934.53234864506,33997.09862581788,0,0
1700841600,38235.5,38369.4,37553.6,37770.1,36858.26261154284,39951.27395725201,34004.7109435131,0,0
1700856000,37770.1,37978,37580,37725,36870.46092604258,39967.39539566833,34013.49713787374,0,0
1700870400,37725,37856.9,37681.6,37810.7,36883.003402315306,39981.656365185474,34024.5018252858,0,0
1700884800,37810.7,37838.9,37733.4,37811.5,36895.87435954526,39993.73423183385,34037.97046967897,0,0
1700899200,37811.5,37846,37582.8,37660.3,36908.95489259198,40004.51533085794,34052.92977546928,0,0
1700913600,37660.3,37746.4,37622.9,37710,36922.220583963244,40013.24073773544,34069.981529019045,0,0
1700928000,37710,37854.5,37702.9,37823.1,36935.74581048519,40020.25205708815,34088.97366839913,0,0
1700942400,37823.1,37900,37705.2,37791,36949.51165404317,40025.86825193465,34109.60139275135,0,0
1700956800,37791,37799,37671.5,37738.3,36963.435825642504,40029.696160902924,34132.049929743276,0,0
1700971200,37738.3,37808,37705,37791.4,36977.528521067565,40031.70111318886,34156.37051396453,0,0
1700985600,37791.4,37827,37678.7,37694.1,36991.73624031845,40032.184155876785,34182.21061196852,0,0
1701000000,37694.1,37697.7,37255,37454.8,37005.789727872754,40032.64571015708,34207.79339188371,0,0
1701014400,37454.8,37530.5,37124.4,37394,37019.567992067496,40032.760796832095,34233.17270758293,0,0
1701028800,37394,37769.6,37320,37455.4,37033.227533756384,40032.95217432128,34258.276421759394,0,0
1701043200,37455.4,37569.3,37189.6,37313.8,37046.61002383567,40032.66061613193,34283.29002207526,0,0
1701057600,37313.8,37434.1,37001.4,37288.5,37059.603020385,40032.10470085935,34307.818344585976,0,0
1701072000,37288.5,37478.3,36865,37035.3,37072.09990167998,40032.23134728726,34330.851538038776,0,0
1701086400,37035.3,37106,36732.4,36760.8,37083.85848372238,40031.358805925425,34353.381975062766,0,0
1701100800,36760.8,37153,36714.5,36888.1,37094.94958140297,40029.96538242689,34375.130512875905,0,0
1701115200,36888.1,37298.2,36800,37256,37105.584118617284,40028.62405544651,34395.99549753809,0,0
1701129600,37256,37371.8,37111.5,37144.9,37115.859469597046,40026.03157546623,34417.27720544903,0,0
1701144000,37144.9,37160,36880,37105.3,37125.625792940824,40022.20174905715,34438.68728561251,0,0
1701158400,37105.3,37269.5,36933,37261.4,37134.998108938686,40017.62880901931,34460.014888240315,0,0
1701172800,37261.4,37588,37142.3,37522,37144.23701595186,40013.24023078459,34480.94519562869,0,0
1701187200,37522,38430,37522,38135.1,37153.92085574512,40012.24997067395,34499.780341438294,0,0
1701201600,38135.1,38299,37635.8,37820,37163.91674226692,40013.004814824504,34517.695284770016,0,0
1701216000,37820,38115.4,37673.3,37951,37174.19705520775,40014.16833504308,34535.790301286244,0,0
1701230400,37951,38251,37876,38111.2,37184.89682630599,40015.49806503551,34554.525592452956,0,0
1701244800,38111.2,38600.1,37909.9,38114.7,37196.10924325434,40018.88775604235,34572.43867621514,0,0
1701259200,38114.7,38297.7,37566,37837.3,37207.511190525875,40024.20251490614,34589.04367869714,0,0
1701273600,37837.3,37945.3,37647,37884.2,37219.01273068371,40028.8115765053,34606.446059464426,0,0
1701288000,37884.2,37898.2,37581.8,37858.6,37230.55496992381,40032.80028653687,34624.463276296774,0,0
1701302400,37858.6,38059.7,37697,38053.6,37242.274487263,40036.61001312357,34642.9682365715,0,0
1701316800,38053.6,38145,37761.8,37802.3,37254.12058880126,40040.32325177071,34661.795613340124,0,0
1701331200,37802.3,37911.8,37584,37882.4,37265.97177707022,40043.522162353955,34681.08142082965,0,0
1701345600,37882.4,37978.3,37429,37625,37277.70660432089,40047.38177604489,34699.582046311494,0,0
1701360000,37625,37817,37533,37755.9,37289.34227757411,40050.37282920844,34718.65426630931,0,0
1701374400,37755.9,37812,37591,37727.4,37300.87973402116,40052.175439694685,34738.57820848785,0,0
1701388800,37727.4,38093.5,37612.8,38048.1,37312.51027985837,40054.53241147544,34758.19937385341,0,0
1701403200,38048.1,38364.4,38024.7,38256.4,37324.50000656087,40056.89523723428,34778.489258568654,0,0
1701417600,38256.4,38873.2,38232.6,38596.7,37337.15298419001,40061.28857008985,34798.25643965007,0,0
1701432000,38596.7,38641,38209,38419.1,37350.29369594341,40066.311582653114,34818.3894166395,0,0
1701446400,38419.1,39031.6,38401,38765,37364.17830131891,40073.3355277812,34838.17360710852,0,0
1701460800,38765,38933,38646.4,38684.8,37378.78275163705,40080.36172043941,34859.30116447966,0,0
1701475200,38684.8,38797.3,38640,38786.9,37394.050289830215,40086.649310560526,34882.311720425474,0,0
1701489600,38786.9,38849.6,38708.5,38711.2,37409.95240716457,40092.14714167623,34907.19851348441,0,0
1701504000,38711.2,38806.4,38650,38750.1,37426.42771172609,40096.949699958,34933.76682622135,0,0
1701518400,38750.1,38887,38724,38810.7,37443.503285716586,40101.189090079286,34961.95424923986,0,0
1701532800,38810.7,39894,38706.9,39434.7,37461.63550258595,40111.05714909054,34987.21385757412,0,0
1701547200,39434.7,39779.8,39290.3,39455,37480.91249830268,40122.59762524549,35013.15679574788,0,0
1701561600,39455,39568.6,39280,39392,37501.181019935284,40134.53707671947,35040.607923336895,0,0
1701576000,39392,39503.8,39319.5,39487,37522.40174647574,40146.296157528064,35070.000662063976,0,0
1701590400,39487,39552,39404.7,39496,37544.55844610461,40157.71281079041,35101.44802206479,0,0
1701604800,39496,39836.3,39380.8,39786.1,37567.75931851902,40170.65749690807,35133.518547034066,0,0
1701619200,39786.1,39872.3,39450.6,39588.7,37591.91108789523,40184.83457708247,35166.29579573148,0,0
1701633600,39588.7,40439.9,39574.3,39999.9,37617.28661539724,40202.92778497856,35197.94030607066,0,0
1701648000,39999.9,40972.7,39996.6,40747.8,37644.32329203266,40225.840031046115,35228.476894985055,0,0
1701662400,40747.8,41808.3,40722.5,41494,37673.610060066014,40254.557255853295,35258.14197724236,0,0
1701676800,41494,42197.3,41339,41610,37705.354448273,40287.90692575004,35288.34984378958,0,0
1701691200,41610,41929.9,41113.7,41286.6,37739.187701323586,40325.21853494509,35318.99739418666,0,0
1701705600,41286.6,42167.1,41185.9,42021.3,37775.29792350639,40367.46973708723,35349.58080116297,0,0
1701720000,42021.3,42479.3,41735.4,42006.9,37813.80479899992,40413.4005524156,35381.42828447041,0,0
1701734400,42006.9,42009.9,41641,41849.9,37854.36632968826,40460.66212997733,35415.95650656839,0,0
1701748800,41849.9,41941,41380,41542.1,37896.67578994037,40509.97588640157,35451.95978282336,0,0
1701763200,41542.1,41780,41440,41744.2,37940.65351666579,40560.085343203325,35490.3885702228,0,0
1701777600,41744.2,42573.1,41711.9,42284.8,37986.66027165921,40614.10588772372,35529.19181782648,0,0
1701792000,42284.8,44218.9,42142.8,43844.8,38035.612785818244,40679.02544357409,35563.974903957074,0,0
1701806400,43844.8,44555,43444,44103.4,38087.8806549692,40749.89972656382,35599.76006128701,0,0
1701820800,44103.4,44171.1,43560.6,43765.8,38143.1162819269,40823.754056311045,35638.499038813425,0,0
1701835200,43765.8,43877.6,43452.1,43701.6,38201.021919280596,40899.34552894099,35680.719503071785,0,0
1701849600,43701.6,44331.6,43379.4,43871.4,38261.59573201808,40979.3574117154,35724.076716289914,0,0
1701864000,43871.4,44320,43738.5,43801.2,38324.7570765397,41061.746666985295,35770.202784791,0,0
1701878400,43801.2,44185.6,43753,44024.8,38390.377992987334,41145.632510799034,35819.62489111399,0,0
1701892800,44024.8,44107.4,43612,43785.2,38458.17541488704,41231.07024966316,35871.764843511555,0,0
1701907200,43785.2,44033.7,43725,43958.9,38528.06517350183,41317.03908499042,35927.35198086494,0,0
1701921600,43958.9,44087.7,43860,43917.1,38599.94631592114,41403.07194775395,35986.60160946878,0,0
1701936000,43917.1,43930.7,42833.4,43221.7,38673.14298335823,41493.02731717952,36044.89922556304,0,0
1701950400,43221.7,43972.6,42942.9,43706.6,38747.72249182496,41586.51617950097,36102.71155734725,0,0
1701964800,43706.6,43792.5,43089,43241.8,38823.422553666416,41681.48162674998,36161.33784009299,0,0
1701979200,43241.8,43488,43135,43308,38900.077821135026,41775.90937089193,36222.2169972611,0,0
1701993600,43308,43568,43300.9,43417.6,38977.68679960114,41869.39377975505,36285.69537547026,0,0
1702008000,43417.6,43615,43005,43195,39056.00783055962,41963.540537254004,36349.92968018402,0,0
1702022400,43195,43810.5,43111,43708,39135.18076692015,42058.95328389804,36414.65738154413,0,0
1702036800,43708,44082.2,43500,43785.2,39215.31647300765,42155.09247313716,36480.55207228205,0,0
1702051200,43785.2,44033.6,43657.6,43977.3,39296.3945160096,42250.86224823611,36548.5232676485,0,0
1702065600,43977.3,44777,43977.3,44209.7,39378.679829295725,42348.754392893075,36616.9075650172,0,0
1702080000,44209.7,44329.2,44067,44190.4,39461.94606334972,42445.71464095776,36687.924806526105,0,0
1702094400,44190.4,44416.1,44155,44230.7,39546.144769877894,42541.75030439339,36761.47678386973,0,0
1702108800,44230.7,44248,43746,43858.3,39630.89218867887,42637.786605172056,36836.0494463418,0,0
1702123200,43858.3,44179.4,43758.6,44075,39716.13963097819,42733.36430140744,36911.948613776825,0,0
1702137600,44075,44132.4,43912,43966.3,39801.79245087614,42827.35889200796,36989.969105898956,0,0
1702152000,43966.3,44140,43326.6,43740,39887.52462055639,42922.64687392634,37067.02023825947,0,0
1702166400,43740,43899,43700.7,43886.6,39973.33959065333,43015.912501945946,37145.97192277181,0,0
1702180800,43886.6,44048.5,43864.1,43999.1,40059.283337415014,43107.20563186321,37226.866320491186,0,0
1702195200,43999.1,44075,43637,43772.7,40145.14946108658,43197.736491410236,37308.27483457263,0,0
1702209600,43772.7,44028.7,43763.2,43949.9,40230.940808695865,43286.613396669476,37390.97312882698,0,0
1702224000,43949.9,43983.3,43753.5,43828.5,40316.53213635293,43373.57356686939,37474.95605810877,0,0
1702238400,43828.5,44114.6,43570.8,43823.8,40401.83856843137,43460.27732257149,37558.63193403587,0,0
1702252800,43823.8,43854.8,40167.7,42350,40485.23818880912,43562.73823115311,37625.1488716673,0,0
1702267200,42350,42370,41555,42136.5,40566.63210533822,43664.03759848016,37688.94795077629,0,0
1702281600,42136.5,42520,42005,42362.7,40646.27986564599,43762.69317718855,37751.791468300034,0,0
1702296000,42362.7,42413,41700,41841.6,40723.88645061022,43859.53375361806,37812.41581268262,0,0
1702310400,41841.6,41899.2,40242.4,40803.2,40798.50762632923,43959.07318239692,37865.180133101356,0,0
1702324800,40803.2,41378.1,40550.8,41272.1,40870.272760467575,44056.413943370935,37914.551957453536,0,0
1702339200,41272.1,41975,41213,41768,40939.78609141954,44151.70689901395,37961.52409338948,0,0
1702353600,41768,42095.1,41412.4,41932.9,41007.22509838348,44244.63833257316,38006.695808642064,0,0
1702368000,41932.9,42168.1,41580.5,41620.1,41072.58665428173,44334.63424198796,38050.55355291093,0,0
1702382400,41620.1,42104.8,41170.2,41372.8,41135.6635012747,44423.498377322096,38091.16511530598,0,0
1702396800,41372.8,41479.2,40683.9,41176.9,41196.06831274707,44509.998410046595,38128.87227705355,0,0
1702411200,41176.9,41588.8,41062.1,41526,41254.1203875981,44592.843482838485,38165.37175094952,0,0
1702425600,41526,41531.4,40510.9,40860,41309.44820894937,44674.58392927172,38197.793045583465,0,0
1702440000,40860,41270,40639,41145.9,41362.15872642172,44752.95116366149,38228.27612537122,0,0
1702454400,41145.9,41315.5,40985.4,41037.9,41412.39998173486,44826.31444543447,38258.4848534623,0,0
1702468800,41037.9,42000,41015,41974.9,41460.756780456395,44899.19050289998,38285.64242593935,0,0
1702483200,41974.9,42949.9,41753.3,42765,41508.04692378307,44973.48463184915,38309.638969065956,0,0
1702497600,42765,43600,42588,42896.9,41554.775313265265,45048.461211309506,38332.038540362926,0,0
1702512000,42896.9,42969.5,42697.6,42746.5,41600.71215893717,45119.61943074429,38356.246660881785,0,0
1702526400,42746.5,43149.7,42710,42937,41645.96677997156,45188.12480779053,38381.46761822439,0,0
1702540800,42937,43350,42706.8,43298,41690.698977783904,45255.35912237501,38406.81888207222,0,0
1702555200,43298,43398.6,41190,42458.3,41734.16333783657,45329.65825997692,38423.85882372873,0,0
1702569600,42458.3,43475,42458.3,43125.2,41777.00451907338,45404.357994320664,38439.44025824543,0,0
1702584000,43125.2,43211.8,42876.4,43050,41819.23309376751,45475.500866263785,38456.932265439886,0,0
1702598400,43050,43112.5,42443.1,42827.5,41860.597890007644,45544.83750154662,38474.38594219174,0,0
1702612800,42827.5,42896.1,42533.8,42744.7,41901.029963675406,45610.5371181072,38493.21720264987,0,0
1702627200,42744.7,43070.2,42668.9,42812.7,41940.64876501012,45673.02959605863,38513.27653074583,0,0
1702641600,42812.7,42818.6,41671.6,41921.7,41978.77048382912,45736.04212260814,38530.16329243994,0,0
1702656000,41921.7,42219,41710,42126.6,42015.30639438843,45795.652793861926,38547.02059517191,0,0
1702670400,42126.6,42288.9,41926.5,41979.7,42050.332356056824,45851.118023107934,38564.60927220337,0,0
1702684800,41979.7,42436.5,41619.8,42360,42083.94888346895,45905.316644255734,38580.68919012772,0,0
1702699200,42360,42386,42164,42253.3,42116.306892232606,45954.862250402635,38598.38152871796,0,0
1702713600,42253.3,42374.3,42114.8,42361,42147.44308085135,46000.134979553644,38617.42925413567,0,0
1702728000,42361,42664.1,42257.2,42653.5,42177.61076368884,46042.375903193,38637.25133285034,0,0
1702742400,42653.5,42783.3,42351.6,42378,42206.80202253602,46081.78711287763,38657.66170495875,0,0
1702756800,42378,42440,42157.3,42296.3,42234.83150804416,46117.36910455623,38679.157704524136,0,0
1702771200,42296.3,42328.6,41872,41951.1,42261.48198483835,46150.023654194534,38700.58383799951,0,0
1702785600,41951.1,42088.3,41785.3,41911.7,42286.66711468405,46178.80803313435,38722.57192920732,0,0
1702800000,41911.7,42052.2,41680,41985.2,42310.40231881105,46204.24823204518,38744.708828268966,0,0
1702814400,41985.2,42044.5,41527.9,41838.5,42332.62615753917,46227.21916492301,38766.14838112021,0,0
1702828800,41838.5,42479.2,41716,42135.1,42353.6796794959,46249.57066843022,38785.96398772213,0,0
1702843200,42135.1,42222.7,41255.5,41395.2,42373.11773604838,46272.05114366635,38802.71270228271,0,0
1702857600,41395.2,41482,40810,41107.5,42390.50415983742,46292.39140849852,38817.498691486966,0,0
1702872000,41107.5,41348.3,41021,41160.3,42405.95233405124,46308.61052622286,38832.19066440214,0,0
1702886400,41160.3,41284.5,40566,41149.2,42419.353755286764,46323.082018598856,38844.59959494268,0,0
1702900800,41149.2,41776.9,40922.1,41278.9,42431.10719106418,46337.00137455999,38854.45333214927,0,0
1702915200,41278.9,41768.4,41165,41725.7,42441.49621698699,46349.09026000781,38863.3431860636,0,0
1702929600,41725.7,42810.6,41584.1,42683.6,42451.35684568284,46363.91337080644,38868.973022761005,0,0
1702944000,42683.6,43548,42608.2,43106.1,42461.400687100395,46380.28530269709,38873.64074074905,0,0
1702958400,43106.1,43166.6,42843.7,43061.8,42471.549939215896,46394.4702389883,38880.33519829765,0,0
1702972800,43061.8,43313.4,42972.1,43013.2,42481.862326165436,46406.72733927424,38888.94412883841,0,0
1702987200,43013.2,43080.4,42255,42512.3,42491.85812779321,46419.49065107406,38896.54931210945,0,0
1703001600,42512.3,42690.9,41836.4,42373.4,42501.236318745374,46432.612428401495,38902.7236278643,0,0
1703016000,42373.4,42559.5,42150.8,42298,42510.04915857874,46443.44927559798,38909.77753916004,0,0
1703030400,42298,42515,42206.3,42446.2,42518.36386039759,46451.551680785466,38918.21047848783,0,0
1703044800,42446.2,43065.9,42394.5,42961.8,42526.59686661965,46459.5855322313,38926.5513314003,0,0
1703059200,42961.8,43050,42705.1,42900,42534.81819431319,46465.70106911365,38936.47824515193,0,0
1703073600,42900,44355,42791.8,44071.7,42543.83065740741,46477.85274046223,38942.7957679819,0,0
1703088000,44071.7,44297.9,43510,43752,42553.69846825832,46491.38091541125,38949.52607714842,0,0
1703102400,43752,43856.7,43242,43710,42564.14032244834,46504.99384642698,38957.23645017249,0,0
1703116800,43710,43773.6,43324.3,43678.3,42575.11149338467,46517.70874708488,38966.66812480802,0,0
1703131200,43678.3,43918,43487.4,43804.2,42586.714906283465,46529.58365514608,38977.96077331722,0,0
1703145600,43804.2,44174.1,43620.6,43969.3,42599.08588887793,46541.525926492635,38990.602100887176,0,0
1703160000,43969.3,44290,43388.7,43848.9,42612.10606962897,46555.441414843546,39002.77880536583,0,0
1703174400,43848.9,43945.9,43394.1,43629.6,42625.56047311999,46569.04690977842,39016.01012294058,0,0
1703188800,43629.6,44183.7,43592,43902.1,42639.63977351467,46582.7982819251,39030.26325321814,0,0
1703203200,43902.1,44322,43759.3,44042.8,42654.443323309344,46596.65075125326,39045.757707649725,0,0
1703217600,44042.8,44473.9,43575,43628.9,42669.78692888488,46612.36003153905,39060.685091346975,0,0
1703232000,43628.9,43875.2,43500.6,43793.3,42685.47361002255,46626.672666734055,39077.4111276415,0,0
1703246400,43793.3,43847.4,43414.1,43700,42701.40862786305,46639.90520322141,39095.497532825044,0,0
1703260800,43700,44047.4,43500.4,43673.9,42717.64816546805,46652.82732302834,39114.40248098266,0,0
1703275200,43673.9,44107.7,43653.9,44010,42734.33640462576,46665.08485261746,39134.687394472596,0,0
1703289600,44010,44029.2,43471.3,43546.2,42751.21086606693,46677.05409384948,39155.5565361985,0,0
1703304000,43546.2,43666.6,43262.9,43577,42768.07712575101,46687.67553618252,39177.54311020785,0,0
1703318400,43577,43703.5,43513.8,43575.1,42785.00990006588,46695.8489066692,39201.70882442811,0,0
1703332800,43575.1,43899.8,43575.1,43776.9,42802.135170916954,46702.605580096904,39227.42109211554,0,0
1703347200,43776.9,43877.5,43705.4,43723.7,42819.445799806635,46707.13673455852,39255.34868520364,0,0
1703361600,43723.7,43866,43642,43735.7,42836.897713549486,46709.81285287216,39285.102929036206,0,0
1703376000,43735.7,43950,43635,43869.3,42854.53471045614,46711.307515503475,39316.20078586222,0,0
1703390400,43869.3,43987,43451,43676,42872.224970827585,46712.83313910341,39347.38166010821,0,0
1703404800,43676,43733.4,43420.8,43663.9,42889.855928928126,46713.00056060195,39379.609948578014,0,0
1703419200,43663.9,43909.9,43584.8,43708.1,42907.53499100995,46712.06612894879,39412.86934134965,0,0
1703433600,43708.1,43749.2,43566,43638.3,42925.16455322215,46709.17611801984,39447.70396432572,0,0
1703448000,43638.3,43646.8,42534.1,43022.3,42942.172222216315,46709.27243947975,39478.88842738364,0,0
1703462400,43022.3,43184.2,42742.7,43179.5,42958.537097742,46708.26575999018,39509.83577640892,0,0
1703476800,43179.5,43358.9,43121,43232,42974.46496461202,46705.21060567436,39541.725966873004,0,0
1703491200,43232,43321.7,43077.2,43200,42989.92305108772,46700.19991799184,39574.42338970429,0,0
1703505600,43200,43874.5,43118.5,43666.9,43005.25506090987,46696.65025208033,39605.66663497498,0,0
1703520000,43666.9,43760.7,43357.8,43505.1,43020.440231633635,46692.436260649614,39637.21805801985,0,0
1703534400,43505.1,43770.2,43355,43611.8,43035.506407321736,46687.701255586755,39669.008366802154,0,0
1703548800,43611.8,43634.1,43400,43486.1,43050.375346079876,46681.350195298946,39701.82545459027,0,0
1703563200,43486.1,43512.5,42570.8,42806,43064.51858442509,46677.056667753204,39731.57035391029,0,0
1703577600,42806,42835.2,42100,42721.8,43077.55403968352,46673.14974867528,39758.95503162444,0,0
1703592000,42721.8,42869.7,42236,42422.5,43089.474482936144,46668.96032554684,39784.533408584124,0,0
1703606400,42422.5,42472.1,41655,42153.9,43099.90723572884,46665.20571953931,39807.00342119416,0,0
1703620800,42153.9,42644.5,42092.2,42552,43109.23668765121,46660.61678527747,39828.15521586299,0,0
1703635200,42552,42595.9,42138.7,42273.4,43117.409293331155,46654.569010661864,39848.422643102356,0,0
1703649600,42273.4,42590.9,42250,42506,43124.57779806126,46646.55746603746,39868.520021334356,0,0
1703664000,42506,43285,42456,43072.7,43131.25528581244,46640.04103281161,39886.439662889345,0,0
1703678400,43072.7,43194.9,42729.4,43012.6,43137.49627956523,46632.860125338506,39904.1272670812,0,0
1703692800,43012.6,43267.6,42888.5,43192.5,43143.44634297636,46624.68151442539,39922.137843952616,0,0
1703707200,43192.5,43710,43158.1,43454,43149.424593454016,46616.87877229095,39939.88640554096,0,0
1703721600,43454,43849.5,43334.9,43450.1,43155.52381928237,46609.32348651958,39957.654323287774,0,0
1703736000,43450.1,43666.6,42818.8,43091.8,43161.39438729236,46603.61180893807,39973.42465843189,0,0
1703750400,43091.8,43244.2,42908.3,43117,43166.94144674348,46596.58717298934,39989.72772295069,0,0
1703764800,43117,43182.7,42439.4,42487.1,43171.797874388496,46590.31739118284,40004.10892370906,0,0
1703779200,42487.1,42805.1,42302.2,42660.1,43175.8774507397,46583.25912087288,40017.73231031849,0,0
1703793600,42660.1,42791.4,42380.5,42607,43179.21355352805,46574.91170505015,40031.09001920056,0,0
1703808000,42607,42863.3,42120,42735.5,43181.81550714634,46567.29339255411,40042.464456209425,0,0
1703822400,42735.5,42809.7,42266.2,42309.8,43183.60372530927,46559.07519336066,40052.84948122143,0,0
1703836800,42309.8,42997.1,42304.8,42911.6,43184.88176003111,46551.45195281619,40061.779695252786,0,0
1703851200,42911.6,43170,42142.1,42293.9,43185.47252059357,46546.170782589994,40067.42134681713,0,0
1703865600,42293.9,42384.8,41700,42164.6,43184.959736561876,46540.68924287332,40071.18884115033,0,0
1703880000,42164.6,42317,41278,42095.3,43183.206887717264,46536.97800041457,40071.13132895693,0,0
1703894400,42095.3,42250,41856.9,42010.1,43180.410962562295,46531.21381722418,40070.905913173956,0,0
1703908800,42010.1,42200,41963,41987.4,43176.63122514531,46522.56967211208,40071.33520549489,0,0
1703923200,41987.4,42029.2,41554.4,41929.1,43171.703144009,46512.39358977155,40070.95332037052,0,0
1703937600,41929.1,42480,41906.8,42407.1,43166.10494804545,46501.77794109617,40069.70698509492,0,0
1703952000,42407.1,42654,42279.4,42398.1,43160.04771011987,46489.74506914059,40068.830568320845,0,0
1703966400,42398.1,42435.1,42113.9,42177.2,43153.35895681694,46475.84831184794,40068.38943015409,0,0
1703980800,42177.2,42479.9,42012.5,42220.5,43146.06854114517,46461.04957487963,40067.61034437996,0,0
1703995200,42220.5,42713,42198.1,42566,43138.460367481515,46445.94014485655,40066.510809618165,0,0
1704009600,42566,42945.9,42407.3,42572,43130.70189522922,46430.829493777,40065.13487389784,0,0
1704024000,42572,42696.7,42376.3,42494.1,43122.69059641634,46414.33023456697,40064.489455658375,0,0
1704038400,42494.1,42776.3,42470.3,42660.5,43114.556162731,46396.55092929135,40064.72282696635,0,0
1704052800,42660.5,42724.7,42096,42324.8,43106.06343229987,46379.21538096624,40063.909864935464,0,0
1704067200,42324.8,42842.9,42271.5,42384.1,43097.351784830964,46362.09464749706,40062.50677385532,0,0
1704081600,42384.1,42533,42211.2,42531.7,43088.36666480678,46343.65672903641,40061.73601483595,0,0
1704096000,42531.7,42809.6,42492.7,42735.1,43079.37692744542,46324.20400627917,40061.83713821313,0,0
1704110400,42735.1,42890,42605.4,42825.1,43070.48335698718,46303.706317104086,40063.02484514653,0,0
1704124800,42825.1,43604,42707.1,43570.1,43062.192886185316,46286.3048974796,40062.65914451951,0,0
1704139200,43570.1,44284.9,43421.8,44235.5,43055.14135184679,46272.30660172533,40061.65529596461,0,0
1704153600,44235.5,45578.9,44208.7,45434.1,43050.301433186374,46265.38183669156,40058.6438480098,0,0
1704168000,45434.1,45792.8,45160,45500,43047.95760079657,46261.47826239552,40057.661864781505,0,0
1704182400,45500,45946.5,45242.3,45495.9,43048.07381835563,46260.92607281951,40058.356301678126,0,0
1704196800,45495.9,45864.3,44868.2,45230.3,43050.32302758083,46264.97224111528,40059.03868525436,0,0
1704211200,45230.3,45455,44795.7,45088.6,43054.41966516367,46271.37118863653,40061.12213850419,0,0
1704225600,45088.6,45369.9,44633,44989,43060.17318351033,46280.34212551994,40064.06239532679,0,0
1704240000,44989,45476,44909.8,45309.2,43067.722658180064,46291.035688849144,40068.85366379302,0,0
1704254400,45309.2,45426.3,44971,45044,43076.9058988192,46302.669756926756,40075.871036315955,0,0
1704268800,45044,45567.8,43434.7,43736.2,43086.805820840906,46323.77363969801,40076.02770625559,0,0
1704283200,43736.2,43749.9,40210,43011.3,43095.534323586406,46361.069540164135,40060.0136506005,0,0
1704297600,43011.3,43615.5,41728.4,42616.6,43103.45620222389,46404.13350821978,40037.552608280756,0,0
1704312000,42616.6,42995,42535.2,42871.9,43110.741862312956,46444.43890140044,40016.33151096034,0,0
1704326400,42871.9,43270,42637,43141.4,43117.620628239994,46483.28785436714,39995.64777916544,0,0
1704340800,43141.4,43317.1,42773,42795.3,43124.05079004441,46520.11995880143,39975.9020008822,0,0
1704355200,42795.3,43268.9,42677.4,43205,43130.13128590179,46555.35942963239,39956.90823847674,0,0
1704369600,43205,44390,43121.4,44089.9,43136.6538188496,46593.7199961809,39936.08801443181,0,0
1704384000,44089.9,44477.9,43806.1,43962.8,43143.79688749945,46631.785397937565,39916.7047537522,0,0
1704398400,43962.8,44875.5,43910.1,44156.3,43151.745334357656,46671.41539918623,39897.507060257805,0,0
1704412800,44156.3,44293,42181,43472,43159.50737851492,46718.3267823925,39871.7849171372,0,0
1704427200,43472,43950,43163.4,43793.8,43167.39067290152,46764.72764254291,39846.77579543322,0,0
1704441600,43793.8,44391.2,43465.7,43786,43175.61602816753,46811.6105043182,39822.039859957345,0,0
1704456000,43786,44300,42972.2,43516.1,43183.88940184125,46860.98930868823,39795.32509623534,0,0
1704470400,43516.1,43836.3,43076,43612.3,43192.116666953814,46909.346108100006,39769.45101457334,0,0
1704484800,43612.3,44436.4,43569.3,44156.8,43200.81195246368,46957.80380171828,39744.40885763565,0,0
1704499200,44156.8,44229.4,43814.2,43934,43209.88847566425,47003.63940477002,39722.33822153494,0,0
1704513600,43934,43977.5,43400.7,43671.1,43219.02674199527,47047.555483603486,39702.0472865222,0,0
1704528000,43671.1,43789.9,43574.1,43683.6,43228.21482393718,47087.48588677886,39685.24803718914,0,0
1704542400,43683.6,43935.5,43525.5,43872.1,43237.53262670964,47124.785757821766,39670.93319539354,0,0
1704556800,43872.1,44168.6,43832.6,43914,43247.15029951964,47159.286527139804,39659.548452941286,0,0
1704571200,43914,43992.5,43548.5,43972.4,43256.91843226331,47191.572388126806,39650.32096973011,0,0
1704585600,43972.4,44285,43840.8,43944.7,43266.99779077279,47221.88162907797,39643.33976632539,0,0
1704600000,43944.7,44112.8,43850.8,44092,43277.36071337565,47249.20955101379,39639.39223773627,0,0
1704614400,44092,44182.5,43885.6,44076.9,43288.013450601815,47273.886634101356,39638.207093126264,0,0
1704628800,44076.9,44509.6,43935,44061,43299.0473360981,47297.723409066886,39638.43003602721,0,0
1704643200,44061,44272.9,43639.6,44249.9,43310.3271285786,47320.97592574434,39639.59743619735,0,0
1704657600,44249.9,44280,43577,43936.2,43321.71457735759,47343.92734309768,39641.218193016124,0,0
1704672000,43936.2,43997.7,43136.9,43527.7,43332.83374493332,47367.1360361311,39642.13666905505,0,0
1704686400,43527.7,44444,43446.5,43979,43344.070255647806,47391.743393872755,39642.10412587247,0,0
1704700800,43979,44749.3,43640.1,44653.9,43355.77924175439,47418.68820167299,39640.986812313844,0,0
1704715200,44653.9,45413,44296.1,44975.3,43368.44258263339,47448.358134663016,39639.34445750926,0,0
1704729600,44975.3,47318.3,44791,47005.9,43383.362991909045,47489.79287892589,39632.015016072066,0,0
1704744000,47005.9,47238.3,46666.6,46972.8,43400.95785377523,47532.073873913796,39628.88612059784,0,0
1704758400,46972.8,47164,46261,46949.2,43420.947298607454,47576.80294926617,39628.10755314794,0,0
1704772800,46949.2,46966.8,46624,46855,43443.23289652201,47620.77162685279,39632.1693249762,0,0
1704787200,46855,46900,46411.8,46643.9,43467.550528695654,47664.61790550091,39640.052348907084,0,0
1704801600,46643.9,47080,45500,46875,43493.64176940024,47714.2461751696,39646.37453183431,0,0
1704816000,46875,46985,46500,46882.1,43521.6819256529,47763.542296764834,39656.539413870014,0,0
1704830400,46882.1,48083.4,44750,46128,43551.14045901609,47827.89910270273,39656.8084917986,0,1
1704844800,46128,46259.9,45633.3,46129.1,43581.64559956651,47891.27689765619,39659.828599374225,0,0
1704859200,46129.1,46197.5,45738.5,45773.6,43613.02990659504,47952.60487444217,39666.174186239776,0,0
1704873600,45773.6,45877.9,44881,45544,43644.79505035004,48014.54284129535,39672.73293183914,0,0
1704888000,45544,45689.4,44301,45578.4,43676.66787471261,48079.06973898647,39677.3757685888,0,0
1704902400,45578.4,46777,45182.7,46506.2,43709.50623431617,48148.00064962101,39680.17175107275,0,0
1704916800,46506.2,47732,44727.6,46659.9,43743.438400733256,48229.22643753851,39674.872363895294,0,0
1704931200,46659.9,46764.7,46171,46508.8,43778.486197379985,48308.665906205046,39673.12733196419,0,0
1704945600,46508.8,46520,45620,46113.2,43814.208145048186,48387.68385836673,39673.00524233862,0,0
1704960000,46113.2,47183.4,46067.1,47067.1,43851.17059800953,48468.073396800944,39674.05815933784,0,0
1704974400,47067.1,49054.4,46476.1,46822.3,43889.898300620516,48558.27054069318,39670.341455519905,0,0
1704988800,46822.3,47059.4,45525.3,46714.8,43929.36359073143,48651.31912494891,39665.70732708179,0,0
1705003200,46714.8,46982.5,46083.7,46347.7,43969.534496257664,48743.42336106817,39663.19619154516,0,0
1705017600,46347.7,46550,45909.1,45995.2,44010.05148982193,48832.772115058855,39663.62236354568,0,0
1705032000,45995.2,46397.8,45681,46017.3,44050.75268905941,48919.7194578976,39666.39289791359,0,0
1705046400,46017.3,46290,45530.2,45968.8,44091.49805273775,49004.43393021699,39671.108196106215,0,0
1705060800,45968.8,46139,44358.4,44501.5,44131.376512386,49092.00780664691,39672.0052793253,0,0
1705075200,44501.5,44722,43202.6,43512.1,44169.24630387731,49179.70966746837,39669.252467000326,0,0
1705089600,43512.1,44000,41323,42797.9,44204.0642680308,49273.752909239905,39655.98685798052,0,0
1705104000,42797.9,43025.2,42449,42629.6,44235.91791801613,49360.65376081342,39643.24385838958,0,0
1705118400,42629.6,43267.6,42574.2,43113.4,44265.18315903249,49441.63893599262,39630.69352614605,0,0
1705132800,43113.4,43260.8,42506,42638.9,44291.75752371583,49517.04753778139,39617.86661538776,0,0
1705147200,42638.9,43259,42522.3,43169.3,44315.90945125385,49587.11792692014,39605.04083713963,0,0
1705161600,43169.3,43202,42730,42795,44337.64336751604,49650.251805391825,39593.48740244572,0,0
1705176000,42795,43074.4,42706.3,42855,44357.01002380884,49705.987717647455,39583.648340896514,0,0
1705190400,42855,42902.6,42658.8,42704.4,44373.96762929621,49753.658141119246,39575.96439604296,0,0
1705204800,42704.4,43078.8,42576.7,43034.1,44388.74346317818,49795.327431705344,39569.185461069756,0,0
1705219200,43034.1,43110.3,42770.2,42840,44401.42648088349,49830.190148731206,39564.10095271331,0,0
1705233600,42840,43022,42695.6,42909.1,44412.0625669812,49858.37854267061,39560.67884889947,0,0
1705248000,42909.1,43028.7,42633.9,42658.1,44420.626975789884,49880.462478160436,39558.416319540156,0,0
1705262400,42658.1,42765.8,41708.8,41731,44426.48764051,49900.14213995254,39553.25013978537,0,0
1705276800,41731,42686.4,41710.6,42576.4,44430.01552736184,49917.27977389247,39545.95059472894,0,0
1705291200,42576.4,42881.2,42488,42731.1,44431.68704459114,49928.63770104058,39539.92947793454,0,0
1705305600,42731.1,42801.4,42502.1,42709.9,44431.55194584918,49933.827392687665,39535.57961402718,0,0
1705320000,42709.9,42985.3,42159.2,42281.4,44429.49160817389,49936.23214484765,39530.00936944873,0,0
1705334400,42281.4,43394.6,42258.1,42993.8,44426.00076171809,49938.3554667871,39522.117323082864,0,0
1705348800,42993.8,43121.3,42328.5,42508.1,44420.915142990074,49937.79393081501,39513.51365009169,0,0
1705363200,42508.1,42937.6,42458.6,42918.3,44414.42882336562,49932.81829570559,39505.911243056464,0,0
1705377600,42918.3,42955,42605.6,42788.5,44406.621115946546,49922.8160848722,39499.93517158133,0,0
1705392000,42788.5,43185,42710,42893.7,44397.70423610437,49908.963493686475,39495.03262446941,0,0
1705406400,42893.7,43354.7,42003.9,43255.9,44387.6777123101,49896.93317047099,39486.71406237676,0,0
1705420800,43255.9,43456.2,42820.2,43164.7,44376.87468161544,49882.405295254255,39478.990534868186,0,0
1705435200,43164.7,43579.9,43042.5,43128.1,44365.44221070749,49864.99006010302,39472.43266626974,0,0
1705449600,43128.1,43197,42839.9,42840.8,44353.13031124177,49843.40161352733,39467.61466360479,0,0
1705464000,42840.8,42920,42600.2,42642,44339.75164969001,49817.35860124866,39464.42829481752,0,0
1705478400,42642,42849.9,42550,42683.9,44325.340410430625,49786.9349932994,39462.87922253056,0,0
1705492800,42683.9,42952.5,42306,42478.1,44309.84043916423,49754.4184993359,39461.057308315234,0,0
1705507200,42478.1,42760,42195.7,42621.1,44293.26181160396,49719.370626725926,39459.3297779338,0,0
1705521600,42621.1,42884.7,42442.3,42782.1,44275.84677714438,49681.358183024684,39458.47455722308,0,0
1705536000,42782.1,42800,42503,42594.3,44257.57904082058,49639.56117724634,39459.11801195214,0,0
1705550400,42594.3,42931.3,42589.9,42920.2,44238.695901949475,49594.67190293356,39461.13846534792,0,0
1705564800,42920.2,42931.3,42388.6,42555.1,44219.05478616063,49547.93537955073,39463.29531600364,0,0
1705579200,42555.1,42829,42347.5,42629.3,44198.685835872064,49499.07926219342,39465.86196624847,0,0
1705593600,42629.3,42629.3,40812,41028.8,44176.51394795498,49455.61198489468,39460.92882623576,0,0
1705608000,41028.8,41380.4,40669,41330.5,44152.26700715313,49409.90504739955,39454.08678686666,0,0
1705622400,41330.5,41376.2,40743.7,41055.7,44125.99184111687,49361.51197456258,39445.776234846926,0,0
1705636800,41055.7,41570,41035.3,41289.3,44098.05383303049,49310.227536582555,39436.815626497686,0,0
1705651200,41289.3,41521.1,41140.3,41474,44068.6385902069,49255.33635064637,39428.11177592918,0,0
1705665600,41474,41500,40714.9,40900.6,44037.49168058641,49199.29959497701,39417.24149495229,0,0
1705680000,40900.6,42000,40269,41830.1,44005.060893293325,49148.712244075185,39399.717628530336,0,0
1705694400,41830.1,42199,41525.4,41663,43971.875429960295,49096.96221154177,39381.78131056365,0,0
1705708800,41663,41705,41412.6,41639.9,43937.78923723681,49041.51684705554,39365.204161130096,0,0
1705723200,41639.9,41789.1,41561.8,41647.4,43902.959228141066,48982.2773272119,39350.35147737035,0,0
1705737600,41647.4,41670.4,41450.4,41580,43867.353337673434,48919.327034933754,39337.10468825739,0,0
1705752000,41580,41695.7,41480,41567.1,43831.056961145645,48852.892898342834,39325.44093814273,0,0
1705766400,41567.1,41688.1,41518.9,41632.8,43794.17094617872,48782.94936338528,39315.56894144356,0,0
1705780800,41632.8,41874.9,41610.6,41691.9,43756.87336475775,48710.45860234927,39307.04045079763,0,0
1705795200,41691.9,41738.9,41630,41680.1,43719.17718543896,48634.59100345821,39300.55572248766,0,0
1705809600,41680.1,41701.6,41557.6,41638.5,43681.08747228717,48555.752382590814,39295.80552531426,0,0
1705824000,41638.5,41830,41638.4,41720.3,43642.75856450886,48474.572986359446,39292.56634516376,0,0
1705838400,41720.3,41867.8,41590.1,41647.1,43604.211774961695,48391.7588796779,39290.3115847308,0,0
1705852800,41647.1,41757.9,41511,41724.1,43565.45815506165,48307.24444458613,39289.12042245734,0,0
1705867200,41724.1,41816.1,41493,41585.6,43526.51307755436,48221.63982527783,39288.52995366992,0,0
1705881600,41585.6,41695,41055.9,41206.8,43487.10835359075,48136.73848141207,39286.595906101924,0,0
1705896000,41206.8,41321.2,40669.3,41047.7,43446.9924934908,48052.3680085606,39282.9996722151,0,0
1705910400,41047.7,41060.3,40350,40819.9,43405.96256279016,47968.687172413265,39277.238904421625,0,0
1705924800,40819.9,41250,40318,40774,43364.140329164205,47887.19072910805,39268.30197922681,0,0
1705939200,40774,40896.7,39394.7,39811.1,43320.83198481114,47810.76957033456,39252.5470876478,0,0
1705953600,39811.1,40345.5,39360,39559.3,43275.857682360634,47735.662488457354,39232.719533258416,0,0
1705968000,39559.3,40110.9,39497.9,39997.3,43229.45948349623,47659.61223989619,39211.107254264825,0,0
1705982400,39997.3,40180,39653.9,39776.9,43181.75225599927,47582.17363920638,39188.28387364942,0,0
1705996800,39776.9,39864.1,38641.3,38840.9,43132.049601085855,47507.23313988612,39159.79904181365,0,0
1706011200,38840.9,39480,38531.5,39194.1,43080.445427304345,47432.94073911431,39127.339551277466,0,0
1706025600,39194.1,39661.8,38920,39133,43027.261481636844,47358.14838884948,39092.43274057249,0,0
1706040000,39133,39911,39015,39900.1,42973.016018365415,47284.36422932264,39054.77287922382,0,0
1706054400,39900.1,40246.9,39572.5,39614,42918.02559116921,47210.36664249716,39015.94187125393,0,0
1706068800,39614,40181.7,39561,39986.8,42862.48396163834,47136.016112329795,38976.40663953211,0,0
1706083200,39986.8,40565.3,39858.5,40207.2,42806.783891314226,47062.25857005523,38936.09875076441,0,0
1706097600,40207.2,40298.4,39752,40046,42750.8065548731,46987.94339258536,38895.7534451397,0,0
1706112000,40046,40212.7,39579,39795.7,42694.44729290094,46913.54818405362,38854.785029154744,0,0
1706126400,39795.7,40185.9,39488,40078.1,42637.83846558477,46839.63010297814,38812.972370200456,0,0
1706140800,40078.1,40183.1,39911,40008,42581.16984241087,46763.66350262851,38772.75408600797,0,0
1706155200,40008,40129.5,39775.9,40125,42524.477793172526,46686.31775030932,38733.64400365549,0,0
1706169600,40125,40324.3,39961,40173,42467.96739002182,46607.95017710475,38695.7213820123,0,0
1706184000,40173,40282.8,39587.4,39791,42411.416138983586,46530.497049266276,38656.974091842436,0,0
1706198400,39791,40045,39537,39982.8,42354.850963848934,46452.791872936934,38618.419428413035,0,0
1706212800,39982.8,39987.6,39629.2,39954,42298.33253440984,46373.98644415897,38580.874157668324,0,0
1706227200,39954,40221.3,39810,40054,42242.09163214322,46294.727071254696,38544.223464411574,0,0
1706241600,40054,40217.8,39882.2,39949.5,42186.16061732925,46214.63064085162,38508.84715408616,0,0
1706256000,39949.5,41348.3,39942.2,41263.3,42131.421767275824,46141.27957301028,38470.036300648644,0,0
1706270400,41263.3,41568.9,40880.6,41391.2,42078.29912372284,46070.43241504641,38432.095474910915,0,0
1706284800,41391.2,42193,41377.5,42045.4,42027.34825781522,46003.375980402016,38394.964802934206,0,0
1706299200,42045.4,42238.1,41790,41805.5,41978.58933583379,45937.87755987356,38360.54376543183,0,0
1706313600,41805.5,41921.3,41693,41809,41931.837189010235,45872.49523933107,38329.699766105456,0,0
1706328000,41809,41877,41581,41701.1,41886.96037130284,45807.6017944917,38301.883975905344,0,0
1706342400,41701.1,41784.5,41365,41741.4,41843.83042364496,45743.88707159556,38276.286879213905,0,0
1706356800,41741.4,41878.4,41692.3,41797.2,41802.56368312846,45680.13685260297,38254.139564435995,0,0
1706371200,41797.2,41975,41720.7,41883.5,41763.1834220923,45616.89270197438,38235.03501087514,0,0
1706385600,41883.5,42193.3,41883.5,42095.8,41725.83207658919,45554.721195269834,38218.76233246491,0,0
1706400000,42095.8,42222,41905.1,42204.1,41690.5043432966,45493.73091558604,38205.22338832765,0,0
1706414400,42204.1,42839.9,42202.4,42366.3,41657.4842559374,45436.132886344545,38193.083000142746,0,0
1706428800,42366.3,42682.9,42300.6,42454.6,41626.708605305204,45380.36555283998,38183.53704739053,0,0
1706443200,42454.6,42541.2,42130.2,42242.1,41597.94016113254,45326.39353595196,38176.18148412038,0,0
1706457600,42242.1,42343.2,41704.3,41770,41570.768311872795,45275.15350882044,38169.4736319941,0,0
1706472000,41770,42059.4,41587.4,42016.1,41545.09837357104,45225.55841557472,38164.154503292964,0,0
1706486400,42016.1,42484.9,41859.2,42303.1,41521.20059458894,45178.7894434281,38159.72318104851,0,0
1706500800,42303.1,42324.2,41974.4,42039.7,41498.92087656507,45133.06118199257,38157.40365970401,0,0
1706515200,42039.7,42368.9,41939.6,42232.4,41478.27258921834,45088.900728391454,38156.776261838975,0,0
1706529600,42232.4,42642.7,41767.9,42637.6,41459.36299795941,45049.02156729985,38155.74057759924,0,0
1706544000,42637.6,43300,42501.5,42981.9,41442.675555357055,45013.34168390086,38155.25115303439,0,0
1706558400,42981.9,43436.9,42958.8,43286.2,41428.40555618668,44980.17194018702,38157.09706957477,0,0
1706572800,43286.2,43790,43121.5,43503.9,41416.68502850343,44950.72444938351,38160.4928454893,0,0
1706587200,43503.9,43554,43230.9,43354.1,41407.32776378649,44922.840133674996,38166.927723974695,0,0
1706601600,43354.1,43550,43172.1,43519.7,41400.270206333895,44896.818193898725,38176.032113348745,0,0
1706616000,43519.7,43890.8,43083.7,43353,41395.444439889994,44875.01688248504,38185.67522466693,0,0
1706630400,43353,43591.2,43191.6,43522.3,41392.750544358234,44854.99366520143,38197.74918297884,0,0
1706644800,43522.3,43742.2,42647.5,42919,41391.79138941378,44840.26732006965,38208.523205166464,0,0
1706659200,42919,43087,42631,42912.4,41392.28225979681,44826.82612114112,38220.8864407346,0,0
1706673600,42912.4,43069.9,42845.1,43031,41394.25763325113,44813.422559258026,38235.967421193534,0,0
1706688000,43031,43069.8,42333.3,42625.4,41397.3659504264,44802.669001265924,38250.888749174745,0,0
1706702400,42625.4,43458.5,42488.9,43330,41401.94318628562,44796.16583112888,38264.902091448166,0,0
1706716800,43330,43735.9,43001.7,43308,41408.158385482406,44792.624888319115,38279.41731819192,0,0
1706731200,43308,43339.8,42255,42552.7,41415.34731286687,44793.32297136061,38292.11318262885,0,0
1706745600,42552.7,42668,41843.5,42003,41422.94844419566,44796.10761139165,38303.789085776465,0,0
1706760000,42003,42293.7,41883.8,42181.6,41430.88765102453,44798.46579701734,38316.456177972555,0,0
1706774400,42181.6,42329.9,42000,42064.2,41439.15390559897,44799.96195887418,38330.46728897427,0,0
1706788800,42064.2,42928,41931,42477.9,41448.02259792116,44804.749601549134,38342.77822229778,0,0
1706803200,42477.9,43307.3,42333,43201.1,41457.92948415776,44813.00981275869,38354.0388002247,0,0
1706817600,43201.1,43272,42855,43064.6,41468.929349171536,44821.53607262392,38367.0943044034,0,0
1706832000,43064.6,43430.5,43002.3,43017.3,41481.045068369844,44830.449804572956,38381.883462356236,0,0
1706846400,43017.3,43243.7,42922.7,43078.3,41494.15393373407,44839.06144703506,38398.77007038176,0,0
1706860800,43078.3,43196,42922.2,43132,41508.202909775486,44847.11282978112,38417.877987788015,0,0
1706875200,43132,43247,42520.3,43222.7,41523.05792029692,44857.100212734746,38436.82116934633,0,0
1706889600,43222.7,43476.7,42742,43041,41538.754394372925,44869.04510731205,38455.64603635495,0,0
1706904000,43041,43210,42870.5,43178.1,41555.2414297501,44880.631046453454,38476.24353805242,0,0
1706918400,43178.1,43377.8,43120.3,43151,41572.59097715717,44891.52368083129,38499.03453582232,0,0
1706932800,43151,43200,43017.5,43037.4,41590.62788733416,44901.19269174192,38524.1510161674,0,0
1706947200,43037.4,43109.9,42955.1,42985.9,41609.24261654184,44909.45833240467,38551.54649845757,0,0
1706961600,42985.9,43167.6,42859.1,43092.4,41628.41440145537,44917.263833622645,38580.375064656604,0,0
1706976000,43092.4,43249.8,42988,43040.6,41648.15119661231,44924.40767501408,38610.82622711142,0,0
1706990400,43040.6,43082.2,42931,42991.8,41668.32539935213,44930.19888866251,38643.25964567255,0,0
1707004800,42991.8,43049,42875.6,43006.9,41688.87660348341,44934.79186902959,38677.43368047783,0,0
1707019200,43006.9,43010,42711,42823,41709.64835131285,44938.81754187619,38712.517612842,0,0
1707033600,42823,43114.7,42716.5,43039.3,41730.71393376701,44942.965985832125,38748.05427774556,0,0
1707048000,43039.3,43096.1,42812,42919,41752.027535323825,44946.565879022666,38784.53824486812,0,0
1707062400,42919,42962.9,42550.5,42617.8,41773.34020706369,44950.13899220069,38821.05798066299,0,0
1707076800,42617.8,42978.1,42154,42559.6,41794.49324309225,44955.89492850773,38855.408578224175,0,0
1707091200,42559.6,42718.8,42229.6,42700.1,41815.45971172334,44961.81309172946,38889.28294184812,0,0
1707105600,42700.1,43150,42620.3,43047.2,41836.59579470748,44968.47925931557,38922.836095844774,0,0
1707120000,43047.2,43266.6,42934,43184.1,41858.0519194537,44974.91878148746,38957.19120704401,0,0
1707134400,43184.1,43567.9,42563.2,42617.6,41879.59518488825,44984.71785872017,38988.80722912272,0,0
1707148800,42617.6,42859.1,42439.4,42754.2,41900.98235225291,44994.20669117607,39020.40843022848,0,0
1707163200,42754.2,42788.7,42286.3,42692.6,41922.10958360754,45003.77193040569,39051.46605617323,0,0
1707177600,42692.6,42950,42554,42836.1,41943.14884938512,45012.97540344261,39082.68048566126,0,0
1707192000,42836.1,42913.9,42615.1,42872.2,41964.103250165776,45021.290679129415,39114.515266594004,0,0
1707206400,42872.2,43099.1,42645.6,42807.5,41985.004187128696,45029.673055383806,39146.199760880976,0,0
1707220800,42807.5,43250,42631,43224.9,42006.00842994878,45039.232760230705,39177.06044439931,0,0
1707235200,43224.9,43370.4,42968.3,43260,42027.246347795815,45048.833693328605,39208.327736127176,0,0
1707249600,43260,43305.1,43010.8,43083.9,42048.62572456097,45057.790317735235,39240.42685751219,0,0
1707264000,43083.9,43179.9,42774.2,42790.6,42069.91431807747,45066.53935908555,39272.54490583749,0,0
1707278400,42790.6,43037.9,42779.3,42898.5,42091.08668154124,45074.23990573361,39305.36780516307,0,0
1707292800,42898.5,43191.8,42807.3,42919.7,42112.19178893699,45081.70864938867,39338.2759970492,0,0
1707307200,42919.7,43312.8,42869.9,43047.2,42133.31055344086,45089.37898223853,39371.042544009724,0,0
1707321600,43047.2,43717.5,42988.9,43595.2,42154.758507267376,45099.18588568806,39402.5663636194,0,0
1707336000,43595.2,44379.1,43595.2,44318,42177.118855280525,45111.936223322766,39433.229957723874,0,0
1707350400,44318,44793.2,44300.1,44513.7,42200.73506107354,45126.275967507354,39464.85725915515,0,0
1707364800,44513.7,44608.9,44401,44496.8,42225.501702546695,45140.52991755717,39498.716503509364,0,0
1707379200,44496.8,44889,44493.6,44678,42251.51626928466,45155.88793653966,39533.95024725157,0,0
1707393600,44678,45458.3,44564.8,45409.4,42279.117793195765,45175.41946740714,39568.504785231125,0,0
1707408000,45409.4,45479,44861.7,45249.1,42308.26178322659,45197.46936404692,39603.74419860569,0,0
1707422400,45249.1,45628.2,45180.1,45260.5,42339.00106942516,45221.13663107124,39640.55627750639,0,0
1707436800,45260.5,46382,45210,46046.1,42371.70989605292,45250.677896626104,39675.90946630065,0,0
1707451200,46046.1,46438,45824.4,46195.5,42406.519579116255,45283.07188437414,39712.696775646866,0,0
1707465600,46195.5,47299.8,46195.4,47163.8,42443.95751732872,45321.38940019991,39749.21231617977,0,0
1707480000,47163.8,47749,46603.2,47133.7,42484.12172504116,45365.771009310774,39785.515788493496,0,0
1707494400,47133.7,48230,47107.4,47486.4,42527.25024260307,45416.1606002637,39822.10273376746,0,0
1707508800,47486.4,47672.6,47000.9,47122.4,42572.88618474546,45469.65188473668,39860.66668585376,0,0
1707523200,47122.4,47489.6,47027.5,47370,42620.91267002529,45525.013971452936,39902.06786020998,0,0
1707537600,47370,47427.2,47133.3,47142.5,42671.13587815131,45581.18654216032,39946.87227914699,0,0
1707552000,47142.5,47271,46840,47176.4,42723.300523307276,45638.682497372494,39994.15205971191,0,0
1707566400,47176.4,47388.3,47101.5,47339.5,42777.43929956987,45696.80232756178,40044.58123593224,0,0
1707580800,47339.5,47672.8,47142.3,47519.9,42833.57121878362,45756.89155065304,40097.01623467086,0,0
1707595200,47519.9,48197.9,47440.4,47728.1,42891.8648352725,45820.28842315006,40150.59992764682,0,0
1707609600,47728.1,48586.9,47555.7,48525.1,42952.556147842566,45888.59666952711,40204.36913597559,0,0
1707624000,48525.1,48603.5,48066,48191.9,43015.551054137206,45959.05445144512,40260.567902804265,0,0
1707638400,48191.9,48466.6,47906.4,48422.7,43080.68310191639,46031.61963290619,40318.921457219425,0,0
1707652800,48422.7,48485,47937.6,48148.2,43147.74495915703,46106.00777139567,40379.290792023065,0,0
1707667200,48148.2,48431.7,47933,48293.4,43216.625916941055,46181.85726965428,40441.785282465375,0,0
1707681600,48293.4,48396.2,47965,48328.5,43287.202187199124,46258.70268020029,40506.580700056584,0,0
1707696000,48328.5,48893.7,48002.5,48152.8,43359.44821228969,46338.91318434715,40571.554662816125,0,0
1707710400,48152.8,48395.5,47712.8,48219.3,43433.02534623969,46421.01285106126,40637.3660303272,0,0
1707724800,48219.3,48346.3,47725.2,47919.3,43507.71793305722,46504.42967810543,40704.11212103668,0,0
1707739200,47919.3,49999,47851.2,49960.4,43584.51739158458,46598.01796018906,40765.90034108891,0,0
1707753600,49960.4,50439.2,49408.3,49556.9,43663.72598554287,46695.92407438476,40828.42356655281,0,0
1707768000,49556.9,50299,49556.9,49960.9,43745.2970875965,46796.560490709504,40892.98438208925,0,0
1707782400,49960.9,50430.5,49762,49819,43829.12277855023,46899.4102034497,40959.832867918056,0,0
1707796800,49819,50168.6,49816.1,50031.2,43915.043984452364,47002.70258396853,41030.21703297037,0,0
1707811200,50031.2,50296,49660,49998.7,44002.887622288195,47107.756530215906,41102.66040493289,0,0
1707825600,49998.7,50004.7,48362.5,48749,44091.68975363811,47218.818014591176,41171.659670310524,0,0
1707840000,48749,49286.6,48300.1,49050,44181.19617506851,47332.04944529213,41240.092460311615,0,0
1707854400,49050,49798,49007.9,49710.4,44271.84520970373,47446.77198480967,41309.37040141467,0,0
1707868800,49710.4,49733,49329,49539.2,44363.537996648636,47560.84230056993,41381.17426815426,0,0
1707883200,49539.2,49912,49220.5,49859.9,44456.26692905644,47675.79871476877,41454.1491185399,0,0
1707897600,49859.9,51831,49743.8,51600,44551.10159411284,47799.80042703619,41523.19958487388,0,0
1707912000,51600,52098.4,51320,51621.9,44648.40124049197,47926.22542943527,41594.757681618124,0,0
1707926400,51621.9,51784.9,51196.3,51702,44747.888738851725,48053.829257749334,41669.385718345075,0,0
1707940800,51702,51919.9,51478.8,51821.8,44849.54547855868,48181.86523421112,41747.69324216754,0,0
1707955200,51821.8,52575.5,51733.5,52394.9,44953.61465119802,48312.638477727785,41828.13304928503,0,0
1707969600,52394.9,52415.1,51659.1,51817.3,45059.6900520588,48445.271892389654,41910.708481472306,0,0
1707984000,51817.3,52571,51680.1,52362.4,45167.8065618949,48580.47454359049,41994.87075372594,0,0
1707998400,52362.4,52879.5,51700.9,51962.1,45277.7750884584,48719.45233560519,42079.22746830193,0,0
1708012800,51962.1,52447.8,51733.1,52022.1,45389.33684142943,48859.52072904613,42165.61824930048,0,0
1708027200,52022.1,52030.4,51322.5,51904.2,45502.06965261357,49000.227812221536,42253.647281102894,0,0
1708041600,51904.2,52367.5,51827.2,52306.7,45616.18409476475,49140.924742854884,42344.26320335014,0,0
1708056000,52306.7,52384.8,51765.5,51791,45731.372319756876,49281.72558269621,42436.79354812492,0,0
1708070400,51791,52476.8,51586.2,52241.7,45847.59809841778,49424.01229236155,42529.97994092246,0,0
1708084800,52241.7,52625,51600.6,51914.4,45964.67593078491,49568.2406859124,42623.086964281436,0,0
1708099200,51914.4,52286,51672,51783.1,46082.35934534458,49711.98777493028,42717.74149221184,0,0
1708113600,51783.1,52272,51708.3,52151.8,46200.63589034607,49855.00614307941,42814.13085270741,0,0
1708128000,52151.8,52200,51861.7,52004,46319.36224109396,49996.00477217346,42913.09532028454,0,0
1708142400,52004,52092.4,51815.3,51935.9,46438.35504887068,50134.54793917971,43014.665700409576,0,0
1708156800,51935.9,51936,51514.6,51726.3,46557.30851038969,50271.159594634264,43117.82328496284,0,0
1708171200,51726.3,51780.2,50652.3,51015.6,46675.61575903264,50409.02624195621,43218.71039578945,0,0
1708185600,51015.6,51476,50766.6,51424.9,46793.26165646218,50545.82796230216,43319.28914258121,0,0
1708200000,51424.9,52113,51325,51693.1,46910.59685402956,50682.320526898686,43419.560792078555,0,0
1708214400,51693.1,51856.6,51176,51515.5,47027.35937991438,50817.65585013872,43519.76676707696,0,0
1708228800,51515.5,51777,51425.4,51699.9,47143.57231084563,50950.10856906069,43621.426384507206,0,0
1708243200,51699.9,52111.6,51665.9,51869.1,47259.37282107713,51080.39392710661,43724.17962611578,0,0
1708257600,51869.1,51999,51564.4,51821,47374.5976506418,51208.33900750588,43827.87151583317,0,0
1708272000,51821,52027.6,51683,51792.9,47489.202168556105,51333.47011943994,43932.82428323392,0,0
1708286400,51792.9,52456.7,51616.9,52174.9,47603.32837012697,51458.658454660785,44036.84316626192,0,0
1708300800,52174.9,52499.2,51930.1,52103.1,47716.97744586869,51582.421894835425,44141.198744247245,0,0
1708315200,52103.1,52559.2,52012.3,52438.1,47830.207845481775,51704.73327753572,44246.02231795946,0,0
1708329600,52438.1,52496.1,52102.6,52386.1,47942.92836356083,51824.708230253476,44351.90198971012,0,0
1708344000,52386.1,52517.5,52033.8,52157.9,48054.977349565575,51942.72468282942,44458.215508872476,0,0
1708358400,52157.9,52275.9,51701,51850.1,48166.01866593873,52058.97547973237,44564.17616268243,0,0
1708372800,51850.1,52150.7,51725,51814.9,48275.951056541526,52172.5723446181,44670.35734828981,0,0
1708387200,51814.9,51865.3,51324.9,51610.1,48384.45092028755,52283.86794865033,44775.858839612636,0,0
1708401600,51610.1,52105.1,51538.8,51880.9,48491.69427370935,52393.21446348503,44880.70521372026,0,0
1708416000,51880.9,52433,51583.4,52323,48597.878232585426,52502.38764356558,44983.74025849937,0,0
1708430400,52323,53120,51350,51706.3,48702.899389738086,52616.23623337992,45080.61729170517,0,0
1708444800,51706.3,52188.1,50725.2,52136.6,48806.36725277133,52732.561679249964,45172.49700292335,0,0
1708459200,52136.6,52555,51905.9,52287.1,48908.7625331886,52847.15320724379,45263.877188373335,0,0
1708473600,52287.1,52404.5,51990.3,52016.2,49009.93287397161,52958.57804135055,45355.702685893855,0,0
1708488000,52016.2,52128.5,51454.9,51572.2,49109.45251009921,53067.89776696503,45446.27594694369,0,0
1708502400,51572.2,51817.6,50806,50965.7,49206.813243231416,53176.50217459205,45533.46629690823,0,0
1708516800,50965.7,51459.3,50430,51166,49301.8442326533,53284.28364576237,45617.05025256762,0,0
1708531200,51166,51437.4,50574.4,51076.9,49394.55948920052,53390.24062467832,45697.9118015891,0,0
1708545600,51076.9,52022.4,50868.5,51875.2,49485.48486632675,53496.503946996185,45775.200840819685,0,0
1708560000,51875.2,51906.3,51161.3,51592.5,49574.57456187482,53600.62173824174,45850.93163644157,0,0
1708574400,51592.5,51950,51358.6,51860,49661.97639036279,53701.879602534296,45925.988387202764,0,0
1708588800,51860,52074.9,51539,51646.7,49747.70519638613,53800.00530264183,46000.6306390646,0,0
1708603200,51646.7,51758.8,50939.9,51610.1,49831.452573544106,53896.343335179816,46073.13802620318,0,0
1708617600,51610.1,51773.6,51392.8,51535.1,49913.34212715788,53988.508463119484,46145.777929845826,0,0
1708632000,51535.1,52119.7,51142.4,51304.7,49993.329964407254,54079.90857934556,46215.55595389184,0,0
1708646400,51304.7,51571.7,50969.1,51124.1,50071.13490177918,54168.08386077638,46284.05458823323,0,0
1708660800,51124.1,51366.5,50890.8,50954.7,50146.6287824841,54252.20689421508,46351.743499606906,0,0
1708675200,50954.7,51300,50846.2,51262.5,50219.89579952061,54332.30390755067,46418.75556034013,0,0
1708689600,51262.5,51375.3,50771.5,50934.4,50290.85310441161,54409.211645342075,46484.2226065598,0,0
1708704000,50934.4,51227.7,50610.1,51125.9,50359.48981188515,54483.03577274443,46548.03423017147,0,0
1708718400,51125.9,51179.1,50538.5,50774.1,50425.684675045915,54553.805806083474,46609.94109165542,0,0
1708732800,50774.1,50936.6,50600,50869.9,50489.44688747255,54619.78752405896,46671.442027855664,0,0
1708747200,50869.9,51135.9,50839.9,51103.8,50551.02999938768,54681.100637866766,46732.904133048294,0,0
1708761600,51103.8,51208,50975,51170.1,50610.551811472855,54737.60250556871,46794.668334280665,0,0
1708776000,51170.1,51222.4,51070,51140.7,50668.0657663862,54788.995133638535,46857.09022851988,0,0
1708790400,51140.7,51742.7,51132.2,51584.6,50723.92609693447,54838.426997455936,46918.13422742109,0,0
1708804800,51584.6,51700,51468.3,51588.9,50778.24234216947,54883.845617498715,46979.760006795266,0,0
1708819200,51588.9,51936,51465.7,51657.3,50831.12234006484,54926.844049315965,47040.805694766954,0,0
1708833600,51657.3,51841.5,51533.8,51749.9,50882.59633307924,54966.57049478695,47102.058329082654,0,0
1708848000,51749.9,51806.3,51562,51672,50932.64681871279,55002.72949770722,47163.74142973887,0,0
1708862400,51672,51809.7,51441,51538.5,50981.20553281284,55036.06778220665,47225.09115048366,0,0
1708876800,51538.5,51766,51300,51690.9,51028.27792571097,55067.2264152787,47285.56924997296,0,0
1708891200,51690.9,52000,51661.8,51747.5,51074.08835388469,55095.741107763315,47345.991699762395,0,0
1708905600,51747.5,51825.2,51407.5,51572.4,51118.45362951969,55121.955654636105,47405.72554873743,0,0
1708920000,51572.4,51621.9,51305,51314,51161.21136256446,55145.171013485255,47465.07264334925,0,0
1708934400,51314,51407.8,50922,51116,51202.13228351605,55166.21179364049,47522.899708710815,0,0
1708948800,51116,52924.4,50980.5,52899.2,51242.3246753123,55194.63483687712,47573.02672425262,0,0
1708963200,52899.2,54599.8,52809.7,54537.7,51283.37861660206,55230.604101597906,47618.253776399804,0,0
1708977600,54537.7,54992.2,54311,54515,51325.78945242713,55268.14927496206,47664.64405762732,0,0
1708992000,54515,57600,54488.8,55772,51370.670723755204,55321.34732687998,47702.124733434466,0,0
1709006400,55772,56498.6,55680,56100,51418.002915174584,55377.39050070176,47741.70468995644,0,0
1709020800,56100,56898.9,56075.6,56590.1,51468.02028825906,55436.5131159989,47783.61703323221,0,0
1709035200,56590.1,57497.8,56504.9,56780,51520.923306215125,55499.772951983956,47827.32247610056,0,0
1709049600,56780,57699,56232.3,57400,51576.705864136726,55569.61951080897,47870.70005541864,0,0
1709064000,57400,57429,56620.6,57077.9,51635.141021454576,55642.18178508525,47916.66506902082,0,0
1709078400,57077.9,57148,56735.4,56966.9,51695.98746854277,55715.11115350231,47966.7915044577,0,0
1709092800,56966.9,58485.4,56933.3,58330,51759.93317398235,55795.15874167052,48016.543775405444,0,0
1709107200,58330,59614.5,58201.8,59017.7,51827.67643189395,55882.04097782299,48067.464919455764,0,0
1709121600,59017.7,61453,58950.1,61006.6,51900.2844180166,55982.11856373921,48116.069769745074,0,0
1709136000,61006.6,64496.7,58558.5,61027.9,51978.233207483645,56112.27034345873,48148.76872445973,0,0
1709150400,61027.9,62713,59811.7,62484.1,52061.495159988255,56256.57851394369,48179.241430789894,0,0
1709164800,62484.1,62500,61078.7,61636.5,52149.84477990606,56407.0383324154,48213.9532754979,0,0
1709179200,61636.5,63796.6,61407,62783,52243.75529729503,56568.74972194129,48249.430665867934,0,0
1709193600,62783,63475.5,62170,63035.1,52343.11587909425,56736.04414653253,48290.32092643233,0,0
1709208000,63035.1,63649.1,62056.1,62811.1,52447.586701965105,56909.939416817,48335.13054219304,0,0
1709222400,62811.1,62964,60460.9,61687.1,52555.95761866072,57093.75106729789,48378.82657173232,0,0
1709236800,61687.1,62380,60600,61184.1,52667.72521898328,57283.103154529825,48424.21459360087,0,0
1709251200,61184.1,61816.2,60827,61162.2,52782.564455583786,57473.55680974636,48474.45095020476,0,0
1709265600,61162.2,61848,61112.6,61494,52900.43975886193,57663.809862136855,48530.552063270785,0,0
1709280000,61494,62324,61366,61923.7,53021.45544088045,57855.16139273736,48591.59786947157,0,0
1709294400,61923.7,62763.3,61156.6,61331.4,53145.28903010476,58050.57916532482,48654.49727985619,0,0
1709308800,61331.4,62542,61300,62265,53271.96529329209,58248.1703425217,48720.88289678039,0,0
1709323200,62265,63181.9,62264.9,62417.6,53401.75368295187,58446.50692799143,48792.433394319654,0,0
1709337600,62417.6,62499,61972.3,62367.9,53534.14451338029,58643.13480244789,48870.24949184429,0,0
1709352000,62367.9,62367.9,61788.5,62079.9,53668.76024264793,58838.03866850808,48953.63426729026,0,0
1709366400,62079.9,62210.8,61700.4,61905.2,53805.28568911742,59030.63379551982,49042.48153790386,0,0
1709380800,61905.2,62250,61591.3,61838.1,53943.49454226637,59221.56142084375,49135.830491753084,0,0
1709395200,61838.1,62193.8,61705.2,62193.8,54083.32194268974,59409.96043207974,49234.264609562066,0,0
1709409600,62193.8,62277,61749.3,62055.9,54224.58509355038,59595.95446546168,49337.335980946744,0,0
1709424000,62055.9,62073,61694,61996.6,54367.01975525984,59778.59819449055,49445.33539331523,0,0
1709438400,61996.6,62171,61317.7,61641.2,54510.28041257789,59960.14807035927,49555.75938823844,0,0
1709452800,61641.2,61968,61451.2,61904.7,54654.268353511354,60138.777360481756,49669.9331174049,0,0
1709467200,61904.7,62729.5,61888.5,62220.1,54799.263000247694,60316.57879953718,49786.63056057414,0,0
1709481600,62220.1,63087.2,62160.7,62788.7,54945.44166144209,60494.226453105024,49905.61474013158,0,0
1709496000,62788.7,63333,62626,63179.1,55092.94586781457,60670.74484144603,50027.94497292023,0,0
1709510400,63179.1,64440,62235,63530.6,55241.90058163666,60854.112263814925,50147.269697104944,0,0
1709524800,63530.6,64400,63282.1,64141.8,55392.57809823821,61038.72261352525,50268.70774798165,0,0
1709539200,64141.8,65713,64107.9,65328.1,55545.70817340085,61227.7793629506,50390.945557492574,0,0
1709553600,65328.1,66709.2,64557.1,66526.3,55701.79493277754,61424.442635405416,50512.301383827165,0,0
1709568000,66526.3,67666,66118.8,67499.9,55861.54288304444,61626.107385902054,50636.20120825739,0,0
1709582400,67499.9,68686.8,66835,68360,56025.37896140536,61834.60133253953,50761.92002740889,0,0
1709596800,68360,68850,67580.8,68223.2,56193.22439690808,62046.818402791374,50891.8676155554,0,0
1709611200,68223.2,68521,64878,66241.8,56363.44638694756,62273.089706776336,51014.62130067748,0,0
1709625600,66241.8,67300,65561.4,66753.4,56535.809619226915,62503.13876734161,51138.19613442456,0,0
1709640000,66753.4,69387.2,66400,66843.9,56710.91354901406,62743.60521226757,51258.254999585726,0,0
1709654400,66843.9,67090.4,59111,61482.4,56884.30628431898,63017.42955280297,51348.08456027042,0,0
1709668800,61482.4,64400,61250,63750.1,57056.40027674916,63297.74183995678,51430.473156083826,0,0
1709683200,63750.1,64186,62824.1,63323.7,57227.365046735125,63574.551420390395,51513.872092251884,0,0
1709697600,63323.7,66873.1,63309.4,66774.4,57398.98864093546,63861.34808274264,51590.578588060765,0,0
1709712000,66774.4,67764.5,66096.4,67385.2,57572.2983511803,64148.58046689334,51670.1930629306,0,0
1709726400,67385.2,67700,64349.3,66538.2,57746.345925494206,64444.1734924354,51744.638607837354,0,0
1709740800,66538.2,67579.6,66281.6,66818.2,57921.54264068319,64737.31234641118,51823.36090698806,0,0
1709755200,66818.2,67437.7,65719.5,66118.5,58097.30507296115,65029.64719331133,51903.96999551746,0,0
1709769600,66118.5,66550,65555,65911.8,58273.10674485571,65316.77106923259,51989.0207998496,0,0
1709784000,65911.8,66534.9,65693,66443.3,58448.982005393176,65597.99226346586,52079.08625839819,0,0
1709798400,66443.3,67356.9,66400,66981.8,58625.363620600314,65874.48226154763,52173.96997522695,0,0
1709812800,66981.8,68008.5,66572,67304.2,58802.40612835392,66149.04271395142,52271.700762717315,0,0
1709827200,67304.2,68160.3,67078,67559.3,58980.19188418279,66419.87930898818,52373.82348305887,0,0
1709841600,67559.3,67983.8,66850.8,66858.7,59158.231109386616,66686.82330252013,52479.57744388978,0,0
1709856000,66858.7,67337.4,66790,67206,59336.26030892282,66946.53440185994,52591.09853714,0,0
1709870400,67206,67729.7,66806,67318.5,59514.27581363345,67201.22072986003,52706.61733749451,0,0
1709884800,67318.5,67849,67095.7,67826.7,59692.386855719385,67450.19253896181,52826.847699131926,0,0
1709899200,67826.7,70320,67091.7,67666,59871.091125265484,67707.28086531411,52941.832942019355,0,0
1709913600,67666,68940.9,66135.1,68940.8,60049.91422005521,67969.6666766455,53052.96280164067,0,0
1709928000,68940.8,69476.4,67779.5,68165,60229.09751383993,68231.2075959913,53165.46951375904,0,0
1709942400,68165,68346.3,67897.4,68290.1,60408.2225319346,68484.7124003576,53284.20346040143,0,0
1709956800,68290.1,68606,68179.2,68331.3,60587.3041251491,68730.29146752987,53409.076882607274,0,0
1709971200,68331.3,68520,67983.5,68360,60766.11784052409,68968.52312291722,53539.22210031334,0,0
1709985600,68360,68580,68146.2,68338.9,60944.577488680596,69198.95153501304,53674.82372033447,0,0
1710000000,68338.9,68388.2,68050.1,68249.9,61122.43373075563,69421.00104461744,53815.87486428619,0,0
1710014400,68249.9,68495.2,68249.9,68374.4,61299.679493179116,69634.39597973815,53962.566244702764,0,0
1710028800,68374.4,69347,68275,69195.4,61476.67304420053,69844.33651957636,54111.4930274157,0,0
1710043200,69195.4,69776.9,69088.7,69440.8,61653.69797507497,70049.10215740022,54264.4852957647,0,0
1710057600,69440.8,70029.1,69246.4,69650.3,61830.77811328491,70249.40388687218,54421.03292792072,0,0
1710072000,69650.3,69934.6,68674.8,69253.1,62007.45375301046,70447.5217665108,54578.560388188445,0,0
1710086400,69253.1,69849.8,69172,69469.1,62183.76824005019,70640.35005677656,54739.55082929729,0,0
1710100800,69469.1,69529.6,68122,68999.6,62359.048949744574,70831.40150565298,54900.0994369184,0,0
1710115200,68999.6,69005.4,66923,68643.1,62532.57077106302,71023.79265984712,55056.51361038458,0,0
1710129600,68643.1,71512,68501.4,71202.1,62706.180828415454,71224.26849162288,55206.81640343434,0,0
1710144000,71202.1,72372.4,71201.6,71557.3,62880.84107360963,71423.32745774832,55360.06672978947,0,0
1710158400,71557.3,72769.4,71414.7,72051,63056.675029763246,71622.162742842,55515.557106051616,0,0
1710172800,72051,72919.6,71801.7,72038.9,63233.63746992121,71819.48114576896,55674.21044941625,0,0
1710187200,72038.9,72850,71889,72152.4,63411.572878176674,72014.3633728467,55836.46631805756,0,0
1710201600,72152.4,72578.6,71361.2,71679.8,63589.932437936455,72207.73713140145,56000.64020982625,0,0
1710216000,71679.8,72433,71336.3,72188.5,63768.64382777109,72398.94902280049,56167.11278988996,0,0
1710230400,72188.5,72460,71425.1,72108,63947.55058131204,72587.58021259619,56335.93534007686,0,0
1710244800,72108,73391,70696.2,71792.4,64126.45894391635,72782.58052787288,56499.82051833097,0,1
1710259200,71792.4,71939.4,68671.3,71403.1,64304.09290187133,72985.86402504811,56655.03065790106,0,0
1710273600,71403.1,71629.6,70631.7,71512,64480.85868556753,73184.70205165178,56812.16183532017,0,0
1710288000,71512,72299.3,71382.2,72142.5,64657.23023926994,73379.25603183759,56971.924332404174,0,0
1710302400,72142.5,73350,72006,72955.1,64833.786141998346,73572.6020039428,57132.95046002468,0,0
1710316800,72955.1,73749.9,72907.5,73146.2,65010.794694337776,73762.30753605287,57297.603179287646,0,0
1710331200,73146.2,73272.2,71673.6,72671.2,65187.457589665835,73951.85070784253,57461.77528122142,0,0
1710345600,72671.2,73436,72400.2,73400,65364.102008001224,74138.45554479615,57628.20118003224,0,0
1710360000,73400,73490.9,72889,73133,65540.65551848292,74319.75328944363,57798.59775722088,0,0
1710374400,73133,73387.7,72550,73348.8,65716.90304961137,74497.01595954914,57971.601825998245,0,0
1710388800,73348.8,73949,72697.1,73290,65892.89101310445,74672.70703944254,58145.38213769938,0,0
1710403200,73290,73613.3,72666.6,72954.5,66068.27239799197,74844.82818600495,58320.8850023317,0,0
1710417600,72954.5,73129.3,70591.1,70894.1,66241.55501363298,75020.89316739673,58489.62102908045,0,0
1710432000,70894.1,71548,68613.6,69528.9,66411.17582664058,75201.5817050453,58648.29136141788,0,0
1710446400,69528.9,71796,69412.6,71473.1,66578.0296420991,75384.2895888121,58800.50147321521,0,0
1710460800,71473.1,72525,66586,68254.1,66740.44030809912,75588.04864245372,58928.44771782096,0,0
1710475200,68254.1,68892.6,66909.9,68460.3,66897.4543735169,75787.78650819487,59050.00802699085,0,0
1710489600,68460.3,68641.3,65559.2,67782.6,67048.40574501125,75989.52638377828,59159.32006528892,0,0
1710504000,67782.6,68790,67416.5,68198.7,67194.15882244814,76183.28431028711,59265.69090231138,0,0
1710518400,68198.7,70700,67533,69009.5,67335.67431275333,76380.79016795973,59361.693237040556,0,0
1710532800,69009.5,69777,67346.9,69523.8,67472.79822384675,76577.22736204225,59450.813995030556,0,0
1710547200,69523.8,70081.3,68931.1,69240.1,67606.0787934297,76765.1941182056,59539.76854126743,0,0
1710561600,69240.1,69511,68631,69474.8,67735.342732182,76943.02364413273,59629.534137706374,0,0
1710576000,69474.8,69474.8,67740,68292.2,67859.95815518092,77115.40235503705,59715.35880240553,0,0
1710590400,68292.2,68571.2,67544.2,68423.6,67979.68120166623,77277.76833570283,59800.34304568719,0,0
1710604800,68423.6,68463.9,66666,66896,68093.77965601624,77434.2506080134,59879.99872710396,0,0
1710619200,66896,67578.9,64696.4,65331.2,68200.91197724843,77590.39606800898,59947.68206172588,0,0
1710633600,65331.2,66619.1,65125.5,66556.4,68301.48385081031,77737.5526562765,60010.79963051609,0,0
1710648000,66556.4,66584.3,64539.8,65673,68395.15869090409,77878.94148218619,60066.2726447555,0,0
1710662400,65673,67580,65315.3,67005.5,68483.15807357941,78017.0574451406,60114.32747292092,0,0
1710676800,67005.5,68188.2,66458.2,67992.8,68566.527686704,78149.38536469458,60158.742094668785,0,0
1710691200,67992.8,68765.5,67810.9,68564,68646.18895649808,78271.99787008933,60204.1520145225,0,0
1710705600,68564,68970,68002.1,68432.2,68722.30272488567,78385.32493472834,60250.49836488498,0,0
1710720000,68432.2,68468.8,66832.7,68036.1,68794.2702134512,78493.12751007578,60293.83417795183,0,0
1710734400,68036.1,69040,67752.8,68262.8,68862.75193380438,78593.88442131688,60336.48341486597,0,0
1710748800,68262.8,68529.4,67325.3,68294.3,68927.53121027499,78686.98203126136,60378.53322238129,0,0
1710763200,68294.3,68686.3,66622.9,67504.8,68988.26194804959,78777.58248351757,60415.41434212581,0,0
1710777600,67504.8,68140,66533.5,66931.5,69044.65488758922,78862.41582851746,60449.12926472185,0,0
1710792000,66931.5,68033.6,66931.5,67643.9,69097.16711006081,78938.80331431533,60482.529531453416,0,0
1710806400,67643.9,68174.9,64851,65898.3,69144.68467222374,79019.99104442392,60503.517593838355,0,0
1710820800,65898.3,66012.4,63589.6,64734.1,69185.8118265508,79098.5438370322,60515.35623665778,0,0
1710835200,64734.1,64738,62544.6,63127,69219.41282137527,79171.68455517004,60518.190793290254,0,0
1710849600,63127,64213,62420.1,64090,69245.88240478675,79237.05770153207,60514.51642840144,0,0
1710864000,64090,65782.8,64004.9,64424.1,69266.70947550061,79295.91476340509,60505.980111066405,0,0
1710878400,64424.1,64537.6,61555,61971.5,69279.96336729292,79354.54980074812,60484.41250344285,0,0
1710892800,61971.5,63505.9,61618,61858.1,69285.57038816476,79405.11829242688,60455.67801227206,0,0
1710907200,61858.1,63248.9,60761.2,62994.1,69283.86359643255,79452.18979502596,60416.88425747564,0,0
1710921600,62994.1,63999,62664.9,63416.4,69276.25399814913,79488.92771925106,60375.696411033314,0,0
1710936000,63416.4,64428,63073,63615.6,69263.37085201178,79516.23142159202,60332.51898405,0,0
1710950400,63615.6,66065.5,62055.6,65808.3,69246.43525477251,79553.38150185172,60274.85827716563,0,0
1710964800,65808.3,68133.2,65668.9,67850.5,69228.25226735856,79591.83786853479,60214.10034417217,0,0
1710979200,67850.5,68287.7,66336,66641.6,69208.76635783575,79627.98580419099,60152.888364550316,0,0
1710993600,66641.6,67339.5,66073.5,66993.1,69187.76852313417,79657.24577556216,60094.3111527887,0,0
1711008000,66993.1,67697,66666,67058,69165.6835745451,79678.70602014265,60039.77754263148,0,0
1711022400,67058,67745,66088,66588.7,69142.24942142468,79696.35299912593,59985.81459689797,0,0
1711036800,66588.7,67067.3,64875.6,65255.7,69116.46732704643,79712.73163650876,59928.77119748271,0,0
1711051200,65255.7,66010.5,64528,65536,69088.08589094257,79722.911124511,59871.91818195834,0,0
1711065600,65536,66198.4,65150,66011,69057.68442778938,79724.74221534918,59817.86389031422,0,0
1711080000,66011,66666.6,65784.1,66204.8,69025.81932216906,79717.9522567513,59767.763699590236,0,0
1711094400,66204.8,66397.2,64026.2,64229.5,68991.23198896289,79711.28408610368,59712.87686462807,0,0
1711108800,64229.5,64689.7,62556.8,63901.8,68952.8694909095,79702.11940433718,59653.34732079498,0,0
1711123200,63901.8,64150,62613,63875.8,68910.76230761623,79686.37542584306,59592.28458365462,0,0
1711137600,63875.8,63984.8,62098,63815.8,68864.86287378914,79666.5042195841,59527.76998416337,0,0
1711152000,63815.8,64400,63001.1,63587.8,68815.76914641901,79639.71633409314,59462.92002531853,0,0
1711166400,63587.8,64888,63535.5,64585.3,68764.37368032882,79606.76743120038,59398.70742439713,0,0
1711180800,64585.3,64856,64196.6,64674.7,68711.07915038292,79563.58602801112,59338.8588134783,0,0
1711195200,64674.7,65478.9,64272.2,65128.4,68656.41853051276,79514.73299134512,59280.885794460315,0,0
1711209600,65128.4,66064.7,64782,64890,68600.79958763198,79461.28197238907,59224.688895627136,0,0
1711224000,64890,65213,63875.6,63996.3,68543.4193408198,79402.92771802911,59169.1071091917,0,0
1711238400,63996.3,64742,63944.9,63984,68484.27413923213,79336.21367340497,59116.70833807021,0,0
1711252800,63984,64610.3,63780.6,64604.3,68423.61544193843,79261.94857706688,59067.323402908005,0,0
1711267200,64604.3,65397.9,64491.2,65350,68362.33656251398,79181.88275091193,59021.19143829797,0,0
1711281600,65350,65956.8,65201.1,65685.9,68301.06726164326,79095.94859134324,58979.453084024164,0,0
1711296000,65685.9,66146.4,64601,65868.1,68239.7922002488,79009.59277702625,58938.02354702384,0,0
1711310400,65868.1,67698.8,65756.7,67248.1,68179.92754712858,78926.8223818822,58896.35969176905,0,0
1711324800,67248.1,67393.8,66374.5,67382.1,68121.61476611263,78841.813758856,58859.051778491055,0,0
1711339200,67382.1,67777.2,66729.5,66839.9,68064.90513152757,78754.97544939711,58825.887305883414,0,0
1711353600,66839.9,67403.4,66768,66841.3,68009.67299219221,78663.75780478543,58798.55920414141,0,0
1711368000,66841.3,70122.1,66794.3,69847.2,67957.7563381049,78587.22663200197,58765.9960076592,0,0
1711382400,69847.2,71074.2,69481.4,71025.6,67910.56550643794,78515.50913795498,58738.01186592315,0,0
1711396800,71025.6,71278.3,69600,69903.4,67867.68467262671,78448.66172901334,58713.845734344824,0,0
1711411200,69903.4,70666,69750.2,70480,67828.99685102557,78382.00006648283,58696.80296387062,0,0
1711425600,70480,71650,70319.3,70545.6,67794.85162652243,78318.574643337,58685.20881531661,0,0
1711440000,70545.6,71367.5,70304.8,70738.4,67765.04664917671,78256.67977364472,58679.99461065333,0,0
1711454400,70738.4,71213,69333,70320,67738.93991453532,78200.72401369538,58676.745498435885,0,0
1711468800,70320,70605.5,69465.5,69520,67715.99582264428,78145.60967816997,58678.35837658488,0,0
1711483200,69520,70390,69431.2,70046,67696.18239652549,78090.37077469238,58685.50841288664,0,0
1711497600,70046,70829.5,69889,70444.3,67679.78239876557,78035.38496094673,58698.409033755954,0,0
1711512000,70444.3,70647.8,69678,69772.8,67666.3311074398,77980.50697712702,58716.37083463298,0,0
1711526400,69772.8,70458.7,69468,70307.8,67655.75402579136,77925.97765246489,58739.09048933952,0,0
1711540800,70307.8,71898,68400,68908,67647.61500359967,77886.50210488826,58754.72247440979,0,0
1711555200,68908,69482.5,68402.7,68701.4,67640.99247659302,77846.09802483795,58773.708372109984,0,0
1711569600,68701.4,69721.2,68670.2,69548.6,67636.25285676119,77805.13830671225,58796.40856713288,0,0
1711584000,69548.6,70104.1,68955,69356.3,67633.46761593226,77764.42228318479,58822.3484140056,0,0
1711598400,69356.3,70549.9,69337.2,70467,67633.15876057406,77725.01485104205,58851.63447957437,0,0
1711612800,70467,71084,70352.5,70733,67635.77996321303,77684.60319263561,58886.81338679781,0,0
1711627200,70733,71615.8,70415.5,71349.9,67641.57351739718,77646.45180128036,58925.840933712854,0,0
1711641600,71349.9,71393.8,70452.6,70859.7,67650.18984011098,77608.73604322512,58969.497748991715,0,0
1711656000,70859.7,71165,70594,70858.8,67661.47190365911,77569.25581230465,59019.19171749282,0,0
1711670400,70858.8,70990,70324.8,70489.2,67675.043812211,77528.41168628965,59073.976305832206,0,0
1711684800,70489.2,70603.3,69816.6,69863.7,67690.32366132467,77486.51649120066,59132.60945077095,0,0
1711699200,69863.7,70387.9,69633,70193.6,67707.20225007969,77443.45759109866,59194.99695814344,0,0
1711713600,70193.6,70740,69000.5,69236.4,67725.20911461154,77404.7944210784,59256.07042719358,0,0
1711728000,69236.4,69746.3,69111.3,69733.3,67744.15800517038,77363.64236341549,59320.77140669518,0,0
1711742400,69733.3,69984.6,69313.7,69899.2,67764.18061484605,77320.57410820125,59388.90427760563,0,0
1711756800,69899.2,70249.7,69757.7,69848,67785.41756336727,77274.86490058036,59461.28589356551,0,0
1711771200,69848,70400,69825,69901.5,67807.88144856326,77227.26514916906,59537.376827488,0,0
1711785600,69901.5,70254.5,69878.2,70250,67831.57852707345,77176.8174857693,59617.94221850281,0,0
1711800000,70250,70331.1,69967.2,70052.9,67856.42410534613,77123.61363897532,59702.78200291259,0,0
1711814400,70052.9,70350,69712,69950.2,67882.24018864783,77069.34601131748,59790.28980410186,0,0
1711828800,69950.2,69956.8,69582,69638.7,67908.70009444634,77012.2647052306,59881.26133114796,0,0
1711843200,69638.7,70236.7,69609.4,69985.9,67935.95631388074,76954.28420224987,59974.49275405745,0,0
1711857600,69985.9,70544.5,69936.3,70361.7,67964.26447619282,76895.7300978774,60070.191672676374,0,0
1711872000,70361.7,70588,70215,70453.7,67993.68209528251,76835.43675205387,60169.38277832801,0,0
1711886400,70453.7,70812.8,70343,70437.7,68024.23906413034,76774.22566836825,60271.49163629336,0,0
1711900800,70437.7,71363.3,70378.2,71122.1,68056.25155548203,76715.64700999041,60374.29854668222,0,0
1711915200,71122.1,71514.2,70681.9,71378,68089.84701574959,76658.97666110778,60478.59583521326,0,0
1711929600,71378,71394.6,70585.9,70660,68124.63906412943,76603.72992812138,60584.07928664321,0,0
1711944000,70660,70734.9,68850.2,69634.2,68159.47743607697,76555.15975871029,60684.536208945814,0,0
1711958400,69634.2,69872.4,69195.8,69515,68194.12684881571,76505.64252138414,60785.56801052314,0,0
1711972800,69515,70161,68150,68277.7,68227.92973020689,76462.55896680466,60880.12823754677,0,0
1711987200,68277.7,69876,68043.8,69684.3,68261.21278716937,76424.98617901318,60969.499690335164,0,0
1712001600,69684.3,69985.3,69369.6,69706.8,68294.42765171548,76385.90697474852,61060.07027994388,0,0
1712016000,69706.8,69743.9,65611,66731.3,68325.30764122446,76364.49221727642,61132.43902657439,0,0
1712030400,66731.3,67157.5,66120,66520,68353.17044308234,76340.35582884384,61201.65224401241,0,0
1712044800,66520,66757.7,65101.2,65686.5,68377.36900196158,76316.7497513618,61263.93756105928,0,0
1712059200,65686.5,66308.3,64620,64893.3,68397.45717175488,76293.30214456831,61318.779185849,0,0
1712073600,64893.3,66219.2,64490,65925,68413.86442998993,76270.60968312912,61366.45381084907,0,0
1712088000,65925,66132.2,65209.8,65484,68426.79691934637,76243.6162781478,61411.391080402405,0,0
1712102400,65484,66345,64406,66255.3,68436.45185640924,76219.0404660178,61448.5293183765,0,0
1712116800,66255.3,66530.9,65950,66168.2,68443.50971267161,76188.80510395831,61485.59510018086,0,0
1712131200,66168.2,66687.8,65566.1,66095.8,68447.97613835924,76156.45435932284,61519.74217880401,0,0
1712145600,66095.8,66950,65657.4,65860.1,68449.99819046525,76123.20027186401,61550.25321506975,0,0
1712160000,65860.1,66648.7,65460.4,65792,68449.49110144851,76088.28678873203,61577.58348609755,0,0
1712174400,65792,66318.3,65503.6,65971.5,68446.52935416004,76049.46841137517,61603.683477281746,0,0
1712188800,65971.5,66384,65467.2,65645,68441.12344413059,76007.48374351427,61627.97592538936,0,0
1712203200,65645,66298.6,65035.7,66094.7,68433.36289338504,75964.67879520007,61648.719262321654,0,0
1712217600,66094.7,66522,66023.5,66363,68423.85142392917,75916.87423253205,61670.392663212006,0,0
1712232000,66363,67909.4,66336.6,67619.8,68413.64965575823,75871.94970468534,61688.50909246894,0,0
1712246400,67619.8,69315.8,67494.3,68481,68403.90877455869,75832.36179462496,61703.138671988505,0,0
1712260800,68481,68576.4,67263.2,68480.4,68394.30498755338,75794.57405848596,61716.5676149973,0,0
1712275200,68480.4,68775.9,67413.5,67875.6,68384.75917413978,75758.7272306692,61728.53555295644,0,0
1712289600,67875.6,68036.9,66305,66933,68374.36943547615,75726.12801682796,61736.34540855013,0,0
1712304000,66933,67696.2,66374,66490,68362.94817256395,75693.92372591345,61741.97944563305,0,0
1712318400,66490,68591,65943,68214.1,68351.2676593087,75670.95643595302,61739.61597259175,0,0
1712332800,68214.1,68411.6,67308.9,67389.5,68339.46829170785,75647.51436829216,61737.427401195644,0,0
1712347200,67389.5,67955.8,67322.7,67814,68327.56108653646,75620.8187666789,61737.70239699573,0,0
1712361600,67814,68050,67457.9,67791.7,68315.62957597114,75590.86110343918,61740.60165784993,0,0
1712376000,67791.7,68220.2,67606.2,67994.3,68303.8552155549,75558.12631100466,61746.06048466811,0,0
1712390400,67994.3,68135,67605.4,67664,68292.10776997528,75522.11633735328,61754.254380702434,0,0
1712404800,67664,68311.9,67522,68100.9,68280.56912449331,75484.76490859604,61763.93508822843,0,0
1712419200,68100.9,68499.8,67916.2,68264.2,68269.48175191975,75445.18099985812,61776.27353938575,0,0
1712433600,68264.2,69699.9,68165,68894.6,68259.5025847409,75409.82876839544,61787.167126800385,0,0
1712448000,68894.6,69779.8,68803.4,69390.1,68250.97832285704,75375.64791086418,61799.74794426541,0,0
1712462400,69390.1,69475.9,69020,69345.5,68243.81170114486,75339.5158951576,61816.402457142096,0,0
1712476800,69345.5,69560.8,69190,69347.1,68238.03150085922,75301.1412276167,61837.42858606914,0,0
1712491200,69347.1,69894,69192.4,69551.3,68233.75336514921,75262.78070567836,61861.18895212094,0,0
1712505600,69551.3,70366,68855,69070,68230.80635431442,75229.07539820463,61883.55913079663,0,0
1712520000,69070,69489.9,68897.5,69355,68228.96161534349,75194.3152360792,61908.81835272563,0,0
1712534400,69355,69859.5,69050,69447.2,68228.36740459896,75160.05280534734,61935.961257943,0,0
1712548800,69447.2,70865,69257.4,70697.1,68229.74383166799,75131.73735879938,61961.80345335527,0,0
1712563200,70697.1,72730.9,70631.7,72446.3,68234.54468076791,75113.40214107945,61985.65043088863,0,0
1712577600,72446.3,72854.5,71305,71822.4,68242.6699918209,75101.52011350538,62010.22296984241,0,0
1712592000,71822.4,72184.1,71321,71806.4,68253.76380626095,75091.75047440342,62038.45621242813,0,0
1712606400,71806.4,72073,71540.2,71674.4,68267.6805572041,75082.13143349564,62071.70893634663,0,0
1712620800,71674.4,71814,70876,71349.2,68283.90257752954,75074.56863315319,62107.46776317119,0,0
1712635200,71349.2,71400,70185,70434.8,68301.69077266876,75069.9220739801,62143.676635335665,0,0
1712649600,70434.8,70959.7,69608,70855.1,68320.77531590009,75068.70439402263,62179.417873866645,0,0
1712664000,70855.1,71033.3,68503.5,69324,68340.27843784112,75076.79566538786,62208.21780643483,0,0
1712678400,69324,69404.7,68200.3,69058.8,68359.46591334307,75085.4059421301,62236.01672419676,0,0
1712692800,69058.8,69464.6,68892.2,69187,68378.61336442105,75091.06540815625,62266.19292490583,0,0
1712707200,69187,69648.2,68505.5,69187.9,68397.63988390396,75097.18201643978,62295.77483565338,0,0
1712721600,69187.9,69559.9,69038.7,69372.3,68416.73262096327,75100.2872615603,62327.98133282574,0,0
1712736000,69372.3,69372.3,68650.6,69084.7,68435.59575468187,75101.39931191028,62361.4314674359,0,0
1712750400,69084.7,69267.2,67506.1,68691.9,68453.6949971141,75106.23612971744,62390.40325046778,0,0
1712764800,68691.9,70121.5,68579.6,70113.4,68472.11440825109,75114.37536357093,62417.21945824004,0,0
1712779200,70113.4,71269,69576.3,70655.8,68491.66793047484,75127.32601634583,62442.10761444867,0,0
1712793600,70655.8,71094,70305.9,70875.6,68512.53026739067,75139.89822382179,62469.69871662646,0,0
1712808000,70875.6,71341.7,70402.9,70749,68534.69374675318,75153.02353170159,62499.20530449352,0,0
1712822400,70749,71284,69901,70002.6,68557.67395027285,75168.7965656091,62528.001939867616,0,0
1712836800,70002.6,71101,69580,70038.6,68581.26744364567,75187.75374104104,62555.27010922685,0,0
1712851200,70038.6,70560.1,69600.6,70493.6,68605.40521745026,75206.4934600363,62583.71330065571,0,0
1712865600,70493.6,70800,69742.6,70038.5,68630.0181963322,75225.53329661557,62612.77509402246,0,0
1712880000,70038.5,71049.1,70024.5,70999.4,68655.5306817938,75245.14282518145,62643.00546481638,0,0
1712894400,70999.4,71281.1,70606.7,70800.4,68682.07235120841,75263.44714951566,62676.20260716404,0,0
1712908800,70800.4,70998.9,70534.6,70914.1,68709.49935478927,75279.2038733845,62713.14066400388,0,0
1712923200,70914.1,70989.9,69250,69375.9,68736.85784981682,75298.96122066815,62746.624262448226,0,0
1712937600,69375.9,69628.6,64669,66818.6,68761.3772782107,75339.50479911666,62757.6066209008,0,0
1712952000,66818.6,67458.5,66641.8,67120.5,68783.18932285046,75374.81427860107,62768.010491353976,0,0
1712966400,67120.5,67159.3,65684.7,67135.4,68801.97740694249,75408.71085335943,62774.07532281848,0,0
1712980800,67135.4,67937.6,66992.6,67432.1,68818.6395124071,75438.74314990448,62779.48102777526,0,0
1712995200,67432.1,67831.8,67080,67341.6,68833.21486624575,75463.8393590763,62785.18968903875,0,0
1713009600,67341.6,67937,67150,67660,68845.94092763611,75484.56974768382,62791.158485168366,0,0
1713024000,67660,67751.8,63258.7,64708,68854.53991210846,75521.78180892563,62775.89793237404,0,0
1713038400,64708,65597.3,59765.9,63905.1,68856.95399303752,75582.30408325973,62730.02881701514,0,0
1713052800,63905.1,64273.7,62088.7,63406.3,68853.62447000654,75641.384780518,62674.97106792413,0,0
1713067200,63406.3,64870.5,63360,64439.9,68845.8133979374,75695.62516896581,62615.85146887523,0,0
1713081600,64439.9,64870,63842.8,64156.2,68833.79301125446,75742.1389547422,62555.548677432365,0,0
1713096000,64156.2,64842.1,63407.7,64166.8,68817.6040266462,75783.65788754154,62491.87167761167,0,0
1713110400,64166.8,64747,62514.2,64144.4,68797.09634637399,75825.18149564635,62420.43042078338,0,0
1713124800,64144.4,65824,63268.3,65618.9,68773.61807766932,75869.77253942283,62341.172052881266,0,0
1713139200,65618.9,65845,64904.2,65104.7,68747.71253134601,75907.34526487577,62263.38125514109,0,0
1713153600,65104.7,66531.6,64624.8,66205.4,68720.02198482644,75944.75074005107,62182.591628476446,0,0
1713168000,66205.4,66834.9,65783.8,65837.7,68691.02000059478,75976.9338140579,62103.79903287257,0,0
1713182400,65837.7,66350,63755.9,64530.2,68659.50541520622,76012.53167126853,62017.76970471034,0,0
1713196800,64530.2,64861.8,62222,63268.6,68624.14757252751,76050.41890414794,61923.04655141328,0,0
1713211200,63268.6,63600,62600,63413.7,68584.89665379058,76079.60716348806,61828.500755832145,0,0
1713225600,63413.7,63899.4,62710.2,62936,68541.94330655412,76101.61923485619,61733.21986409318,0,0
1713240000,62936,63786.7,61631,63482.3,68495.27211066359,76122.9057217757,61631.93925703981,0,0
1713254400,63482.3,63634,61512.5,63071.3,68444.8592766593,76143.01699752072,61524.99528031878,0,0
1713268800,63071.3,63433.7,61701,61738.7,68390.45233518525,76158.89948277957,61414.41121623388,0,0
1713283200,61738.7,63277.7,61657.5,62682.4,68332.5505063383,76170.28799627358,61301.2971531591,0,0
1713297600,62682.4,64357.6,62514.2,63772.3,68272.426757607,76179.82778754603,61185.807197831695,1,0
1713312000,63772.3,64285,63538.4,63815.1,68210.5861339734,76180.81479707483,61074.222862195704,0,0
1713326400,63815.1,64479.9,62850,63249.3,68146.80522621045,76178.94404001787,60961.55730511978,0,0
1713340800,63249.3,63552,62483.2,62558.7,68080.54955200099,76170.01343423525,60850.208872606534,0,0
1713355200,62558.7,62961,59821.2,60270.6,68010.04257075166,76166.22599048789,60727.255818781094,0,0
1713369600,60270.6,61946.4,59605,61000.1,67935.37307980558,76161.96150733711,60597.374649387966,0,0
1713384000,61000.1,61746.8,60745.5,61245,67857.2348477364,76148.59013267055,60468.67464201818,0,0
1713398400,61245,62224,60902.5,61966.3,67776.35031655793,76129.17120116012,60339.99306382545,0,0
1713412800,61966.3,62067.2,60757,61143.3,67692.53208255603,76103.4889361565,60211.15409823023,0,0
1713427200,61143.3,63039.9,60805.1,62551.8,67606.8596409952,76078.87934208087,60078.27021170486,0,0
1713441600,62551.8,64166.1,61538.2,63465.5,67520.47027193803,76058.75584596778,59940.684738210344,0,0
1713456000,63465.5,63825.9,62274.7,63445.8,67433.6155083213,76036.01052739898,59804.459347397365,0,0
1713470400,63445.8,63800,63103.8,63445.1,67346.68074638919,76005.49101636361,59674.31230172017,0,0
1713484800,63445.1,63445.5,59521.7,61768.2,67257.81523057677,75987.09162885162,59531.344240484505,0,0
1713499200,61768.2,65200,61751.6,64523.4,67169.52441753763,75979.02112033583,59381.45745958567,0,0
1713513600,64523.4,65431.6,64122,64841.9,67082.85175550457,75967.93215962203,59236.95527470036,0,0
1713528000,64841.9,65421,63789,64413.9,66997.55237386192,75955.74761867049,59095.88365351066,0,0
1713542400,64413.9,64857,63433.5,64307.5,66913.30561408137,75940.87784372756,58958.89796556086,0,0
1713556800,64307.5,64489.2,62888,63774.8,66829.66181165144,75924.11377256562,58824.574643550455,0,0
1713571200,63774.8,64238.5,63038.5,63927.4,66746.69564566814,75902.99644273365,58694.934171363035,0,0
1713585600,63927.4,64257.3,63785.1,63935.9,66664.7198450407,75873.32590802167,58573.745368764765,0,0
1713600000,63935.9,63957.6,63228,63676.2,66583.39660239877,75836.76526572219,58459.09550042714,0,0
1713614400,63676.2,64949.3,63525.9,64774.9,66503.57646835636,75798.94767089766,58348.11457126058,0,0
1713628800,64774.9,65407,64410,64839,66425.73502653505,75757.71267401366,58243.287951445454,0,0
1713643200,64839,65006.6,64520,64900,66349.78330082867,75709.95728005015,58146.82641786331,0,0
1713657600,64900,65694.2,64566,65147.2,66276.03204476168,75660.40318319363,58055.63067068063,0,0
1713672000,65147.2,65218,64810,65108,66204.36461236823,75604.56481129992,57972.92669651482,0,0
1713686400,65108,65436.2,64695.9,65201.8,66134.8212944554,75544.94166085441,57896.855719142855,0,0
1713700800,65201.8,65350,64742,65021.8,66067.3018339352,75480.85573232059,57827.75419366728,0,0
1713715200,65021.8,65069.4,64200,64507.9,66001.34266006922,75413.74863953717,57763.701069330746,0,0
1713729600,64507.9,65149.9,64300,64910.9,65937.12943126069,75343.91507344057,57704.79319261486,0,0
1713744000,64910.9,66089.1,64463.1,65691.3,65875.25911541055,75277.04460099511,57647.7169969172,0,0
1713758400,65691.3,66455,65489.3,65936,65816.21355062046,75209.49466074276,57596.1051949727,0,0
1713772800,65936,66180,65655.8,65847.9,65759.858936543,75138.576652461,57551.78285257548,0,0
1713787200,65847.9,66443.8,65562.6,65961.8,65706.21944502668,75066.81227171399,57512.862783235716,0,0
1713801600,65961.8,66798.9,65872.3,66481.5,65655.60248452883,74994.99507362396,57479.277562117546,0,0
1713816000,66481.5,67198.9,66261.9,66770.3,65608.26258773413,74923.62004737118,57451.096424058895,0,0
1713830400,66770.3,67145.7,66365.7,66398.4,65563.996110193,74851.66881540538,57428.74746772099,0,0
1713844800,66398.4,66620,65935.8,66065.3,65522.29852909643,74778.22342356856,57412.0567189473,0,0
1713859200,66065.3,66300,65821.3,66022.4,65482.94280887452,74702.01105697,57401.61125836573,0,0
1713873600,66022.4,67110,65750,66398.1,65446.21646127413,74628.97672884027,57393.35358514583,0,0
1713888000,66398.1,66897.4,66320.9,66457.7,65412.16961699536,74554.4347906062,57390.97809566775,0,0
1713902400,66457.7,66466.6,65929.8,66397.8,65380.43613955917,74477.99229033887,57394.154948957555,0,0
1713916800,66397.8,66887,66369.7,66597.1,65351.278913958995,74400.05765319882,57403.04228791735,0,0
1713931200,66597.1,67084.5,66521,66590.1,65324.71914154156,74321.17130670864,57417.2723046965,0,0
1713945600,66590.1,66722.5,66169.2,66559.4,65300.432168111685,74241.14690411765,57436.43005474168,0,0
1713960000,66559.4,66714.5,64481.1,64596.4,65277.17390243348,74169.1052735569,57451.271887025614,0,0
1713974400,64596.4,65116.4,63714.9,63966,65253.950519039565,74098.72363171795,57464.93123828375,0,0
1713988800,63966,64450,63562.6,64259.1,65230.61134594863,74026.64241864122,57479.74671744277,0,0
1714003200,64259.1,64710,63813.6,64256.4,65207.35059914479,73953.23530476687,57495.77492637044,0,0
1714017600,64256.4,64367.2,63800.1,63996.3,65183.986090723236,73876.37267585068,57514.35660382027,0,0
1714032000,63996.3,64166.5,63286.1,63815,65160.25138773778,73797.94082796032,57533.56141482644,0,0
1714046400,63815,64298.8,62745.2,64103.2,65136.1466526547,73722.28864655591,57549.99849634141,0,0
1714060800,64103.2,64950,63940.4,64738.8,65112.5228621197,73646.78037273107,57567.22306138799,0,0
1714075200,64738.8,65272.3,64412.2,64464.6,65089.55025781201,73570.72092488481,57586.08179318814,0,0
1714089600,64464.6,64638,63780,64362.2,65066.77799243452,73493.74977145839,57606.06325683673,0,0
1714104000,64362.2,64593.9,63914.5,64244.5,65044.21058871255,73414.8702199171,57627.96172540266,0,0
1714118400,64244.5,64545,64023.1,64216.4,65021.87134688401,73333.2893490281,57652.44939891365,0,0
1714132800,64216.4,64798,63301.1,63479.1,64999.37818860662,73254.81189306751,57674.28863339059,0,0
1714147200,63479.1,64140,63273,63723.8,64976.61532328065,73175.3482770123,57696.48711321404,0,0
1714161600,63723.8,64100,63650,63746,64953.73477217148,73092.56369628898,57721.161326125475,0,0
1714176000,63746,63900,62370,63069,64930.05421484079,73012.68309122391,57742.18617708784,0,0
1714190400,63069,63176.4,62746.3,62951.1,64905.47835671028,72928.61770595866,57764.99340353169,0,0
1714204800,62951.1,63041.1,62641,62837.8,64879.95373870814,72840.33392990692,57789.526352083376,0,0
1714219200,62837.8,63389.6,62783.8,62935.3,64853.742945612525,72749.61113619608,57814.851631047626,0,0
1714233600,62935.3,63623,62712,63329.6,64827.08602188632,72658.75535040296,57839.56884234931,0,0
1714248000,63329.6,63535.7,63118.6,63412.9,64800.16171467722,72564.9404261508,57866.2496460215,0,0
1714262400,63412.9,64336.8,63412.8,63991.4,64773.556630110754,72472.1019546916,57892.81013454246,0,0
1714276800,63991.4,64050.5,63781.2,63890.4,64747.27650795437,72376.27062036809,57922.43478786998,0,0
1714291200,63890.4,63961.9,63309.8,63463,64721.010090170086,72279.68327523505,57952.78779987538,0,0
1714305600,63463,63862.4,63387.2,63507.5,64694.7899091013,72181.3986443021,57984.687467858406,0,0
1714320000,63507.5,63968.3,63456.2,63694.3,64668.757916381335,72081.95141187277,58017.9666134663,0,0
1714334400,63694.3,63736,62674.2,63092.8,64642.401510144824,71984.31819060739,58049.31098929278,0,0
1714348800,63092.8,63343.2,61832.2,62250,64615.07348416801,71890.6020151279,58075.848641326804,0,0
1714363200,62250,62598,61856.4,62363.7,64586.641775990065,71795.74416972122,58101.41456350146,0,0
1714377600,62363.7,62669.9,62128,62240.1,64557.25702767867,71698.72400733388,58127.10745746982,0,0
1714392000,62240.1,63119,61729.9,63017.3,64527.266030276194,71605.30059960585,58148.880410746504,0,0
1714406400,63017.3,63199.9,62520,62959.1,64496.99425833782,71511.2765542012,58170.717526027365,0,0
1714420800,62959.1,64193,62793.3,63827.9,64467.18437821814,71421.88756706663,58189.695109256056,0,0
1714435200,63827.9,64705.3,63088,63628.3,64438.04275358956,71338.48542807747,58205.06741903977,0,0
1714449600,63628.3,63697.9,63039,63114.8,64409.056174037054,71254.563418699,58221.20462451086,0,0
1714464000,63114.8,63209,61001.7,61194.5,64378.77345460986,71178.27797643677,58228.81066175888,0,0
1714478400,61194.5,61554.6,60500.8,60760,64346.40878482776,71101.36053496809,58233.2080898488,0,0
1714492800,60760,60879.1,59132,59276.4,64310.87790331074,71027.13194432697,58229.706078183845,0,0
1714507200,59276.4,61049,59254.2,60655.9,64272.934316650404,70956.45510944648,58218.946807596265,0,0
1714521600,60655.9,60820,59550,60222.9,64232.598944338046,70885.750058764,58203.89519365858,0,0
1714536000,60222.9,60333,57016.5,57474,64188.00830367752,70826.43569831038,58171.78810949627,0,0
1714550400,57474,57892,56505,57870.1,64138.488153112914,70764.69056278883,58132.744308645255,0,0
1714564800,57870.1,58265.7,56636.5,56860.6,64084.131712752074,70702.05893356488,58085.6625580916,0,0
1714579200,56860.6,59455.2,56580.7,56936.4,64025.649036556344,70647.21664694934,58024.70258719388,0,0
1714593600,56936.4,58540,56723.9,58298.5,63963.49928712696,70593.21024302214,57956.41290386992,0,0
1714608000,58298.5,58560,56887.3,57412.9,63897.664609287756,70538.81288743278,57881.772819690275,0,0
1714622400,57412.9,57927.2,57163.8,57651.3,63828.340492445604,70478.06365834328,57806.02982751328,0,0
1714636800,57651.3,58650,57518.5,58524.3,63756.45065601163,70414.44377877864,57727.99985501714,0,0
1714651200,58524.3,59428.7,58194.1,59225.4,63682.94165117558,70349.5571706545,57648.08224036335,0,0
1714665600,59225.4,59549,58902,59317.4,63608.28254674874,70280.05428939947,57569.87027765133,0,0
1714680000,59317.4,59581,58572.1,59030.4,63532.40101324352,70208.33098752236,57491.26808362588,0,0
1714694400,59030.4,59980,58780,59682.8,63455.86540674861,70136.2292872735,57411.795521919325,0,0
1714708800,59682.8,59818.4,58979.7,59150,63378.61453154133,70061.3455809317,57333.309068373805,0,0
1714723200,59150,59557.9,58816.1,59275.8,63300.65818895622,69983.17150624975,57256.24090639037,0,0
1714737600,59275.8,62100,58972,61653.3,63223.82815932829,69918.63575151317,57170.05779870018,0,0
1714752000,61653.3,62190,61497.6,62030.2,63149.14006810021,69852.98060851319,57088.67190206244,0,0
1714766400,62030.2,63343.7,61940,62843.7,63077.354479266294,69791.42238221456,57009.19271014814,0,0
1714780800,62843.7,63650,62512.8,62686.6,63008.64167452951,69732.4407994393,56933.17027418865,0,0
1714795200,62686.6,63444,62650,62926.5,62942.98317632456,69673.99102647476,56862.23901871306,0,0
1714809600,62926.5,64499.9,62906.6,63847.6,62881.0165584875,69621.57016398424,56793.063329591845,0,0
1714824000,63847.6,64142.3,63420.2,63584.5,62822.59948941295,69569.76904542054,56729.79888765319,0,0
1714838400,63584.5,63990,63266,63883.1,62767.62452451673,69518.62978910231,56672.21434603578,0,0
1714852800,63883.1,64183.7,63491.7,63860,62716.11400084864,69468.10984474036,56620.38256342807,0,0
1714867200,63860,64178.9,62866.1,63203.9,62667.553097137956,69421.46749598336,56570.71728438799,0,0
1714881600,63203.9,63936,63067.8,63705.9,62622.00182653826,69376.11180026429,56525.43809392359,0,0
1714896000,63705.9,63916.9,63524.1,63838.8,62579.54884152373,69329.41554955849,56486.84475652692,0,0
1714910400,63838.8,64630,63592.5,64400,62540.51798436853,69285.70600734795,56451.99587543089,0,0
1714924800,64400,64520,63779.5,63850,62504.644808182245,69242.99037291414,56422.037834536735,0,0
1714939200,63850,64223.5,63536.1,63997.8,62471.69923100532,69200.83691300661,56396.907593984,0,0
1714953600,63997.8,64468.8,63680,63842.1,62441.65550099311,69159.92268066047,56376.007817530255,0,0
1714968000,63842.1,64584.2,63751,64516.5,62414.682649079696,69120.78259656657,56359.20867566733,0,0
1714982400,64516.5,65540,63800,64198,62390.883894420265,69088.81166373966,56342.29768016144,0,0
1714996800,64198,64330,62888,63594.1,62369.28721182244,69061.19303273801,56325.815070510034,0,0
1715011200,63594.1,63705.1,62669,63205.6,62349.42590946607,69034.98694749633,56311.31522044828,0,0
1715025600,63205.6,63625.1,63031.4,63149.3,62331.31414418461,69007.61592487805,56300.92665671082,0,0
1715040000,63149.3,64000,62803.5,63219,62314.96077086002,68982.77611128245,56291.650681172214,0,0
1715054400,63219,63840,63068.5,63652,62300.47404243683,68958.06480791855,56285.64369843865,0,0
1715068800,63652,64398.7,63309.3,63473.8,62287.981434203546,68935.54401215109,56281.45373689667,0,0
1715083200,63473.8,64305.3,63020.2,63720.2,62277.364495520545,68916.25550614418,56278.01597784344,0,0
1715097600,63720.2,63883.4,62780,63041.4,62268.1277660497,68898.57730920575,56275.7590492515,0,0
1715112000,63041.4,63199.5,62230,62314.5,62259.59524323889,68881.0334833872,56274.6666800058,0,0
1715126400,62314.5,62987.2,62075.5,62891,62251.81141370386,68863.38219957825,56275.01729520169,0,0
1715140800,62891,63024.5,62037.1,62187.8,62244.5254608221,68845.84654732015,56276.17560312711,0,0
1715155200,62187.8,62499.4,62001.1,62219.2,62237.55246212297,68825.35352214184,56280.32023445196,0,0
1715169600,62219.2,62820.7,61742.2,62268,62230.92124483007,68805.55714651104,56284.51711733021,0,0
1715184000,62268,62767.4,61908.4,62154.4,62224.623057632285,68785.13051795521,56289.83597921251,0,0
1715198400,62154.4,62222.4,60850,61164,62217.809801103635,68766.36177476261,56292.86989364897,0,0
1715212800,61164,61788,61110.7,61644,62210.61038137308,68745.11392019369,56297.2380628517,0,0
1715227200,61644,61759.5,61100.1,61233.8,62202.90232915291,68721.24902630503,56302.833737627334,0,0
1715241600,61233.8,61422,60544.5,61033.6,62194.35780851165,68695.86912098095,56308.16223317532,0,0
1715256000,61033.6,62259.4,60855.1,62123.7,62185.75146586144,68672.9995138505,56311.32632547888,0,0
1715270400,62123.7,62653.3,61712.9,62426.2,62177.59584029873,68650.2508556779,56315.211908068086,0,0
1715284800,62426.2,63405.5,62306,63035.5,62170.503792117466,68629.20867647698,56319.628570779365,0,0
1715299200,63035.5,63061.7,62623.4,62876.8,62164.376758429855,68605.85208322108,56327.69830008616,0,0
1715313600,62876.8,63363.1,62628.1,63041.8,62159.32818829821,68582.21177212238,56337.962585090216,0,0
1715328000,63041.8,63309.4,62767.7,63276.3,62155.417460246,68557.2962383679,56351.34597818883,0,0
1715342400,63276.3,63447.8,60615.9,60899.3,62151.19129399962,68543.36733713743,56355.132952017215,0,0
1715356800,60899.3,61279.1,60111,60686.3,62145.72396853894,68529.12854847683,56356.92572453815,0,0
1715371200,60686.3,60985.9,60440.8,60789.1,62139.12093552427,68510.85538338147,56359.97870749591,0,0
1715385600,60789.1,61094.7,60650,60720,62131.52016421014,68488.21501695605,56364.81834078938,0,0
1715400000,60720,61068.4,60700,60993.2,62123.07023362836,68461.06667642856,56371.833548732706,0,0
1715414400,60993.2,61044.1,60461,60657.9,62113.61988156121,68430.73345414226,56379.664224650165,0,0
1715428800,60657.9,61500,60605.3,61161.9,62103.5844800266,68399.65631400592,56387.055332002434,0,0
1715443200,61161.9,61399.9,61000.5,61127.2,62093.08458231214,68364.9888334349,56396.574017438536,0,0
1715457600,61127.2,61135.3,60720.9,60810.2,62081.868944121816,68326.71794525259,56407.77967241594,0,0
1715472000,60810.2,61081.1,60779.5,60906.1,62070.01284101655,68284.3966265426,56421.18381970728,0,0
1715486400,60906.1,61094.8,60566.6,60789.3,62057.452336063056,68239.51315715641,56435.446448358234,0,0
1715500800,60789.3,61356,60750,61118.4,62044.4841132622,68192.96493983582,56450.368630798446,0,0
1715515200,61118.4,61554.3,61052.2,61397.1,62031.39286883188,68144.5137696119,56466.66897142468,0,0
1715529600,61397.1,61854.2,61122.7,61379.9,62018.311579149035,68095.78475204474,56483.24613827023,0,0
1715544000,61379.9,61527.3,60805.4,61449.7,62005.065777272146,68046.59942010457,56499.93114730049,0,0
1715558400,61449.7,61779,60707.8,61129.2,61991.62141492396,67999.05917556235,56514.91612155057,0,0
1715572800,61129.2,62423,60769.9,62311.2,61978.612389894064,67957.24143920116,56525.96121361758,0,0
1715587200,62311.2,63266.8,62311.2,62695.8,61966.91866902958,67917.63447863683,56537.58466134371,0,0
1715601600,62695.8,63197.4,62400.7,62977.3,61956.58948957231,67879.35325801194,56550.612180829834,0,0
1715616000,62977.3,63437.3,62530,63142.3,61947.7440976508,67843.19152617843,56564.600108873965,0,0
1715630400,63142.3,63176.9,62675,62909.4,61940.21577535119,67806.61235270686,56581.35979925426,0,0
1715644800,62909.4,63095.9,62385.6,62458.4,61933.69341710317,67770.61087067553,56599.49543030426,0,0
1715659200,62458.4,62752.9,61368.2,62002.5,61927.55881261943,67738.58636854714,56615.03651146671,0,0
1715673600,62002.5,62014.3,61488.8,61780,61921.53041976853,67705.04449900554,56632.05685630467,0,0
1715688000,61780,62288.5,61000.1,61749.4,61915.53032432246,67674.53281277811,56646.61041617501,0,0
1715702400,61749.4,61786.9,61123.6,61563.8,61909.38077475769,67643.05045631301,56661.71767917706,0,0
1715716800,61563.8,61774.4,61439.1,61546,61903.18657894234,67608.81722228428,56679.06444847987,0,0
1715731200,61546,61999.9,61310,61927.5,61897.110039622494,67574.25821523886,56696.918803810695,0,0
1715745600,61927.5,62245,61790,62157.5,61891.45914639419,67538.35074554716,56716.70499775021,0,0
1715760000,62157.5,62977,61880,62444.8,61886.575616220915,67505.31299967674,56735.50823356036,0,0
1715774400,62444.8,65048.4,62381.1,64674.2,61883.94278295472,67485.56038921534,56747.2856752926,0,0
1715788800,64674.2,66387.1,64674.2,65950.9,61884.97225390119,67474.42997495449,56758.534933717354,0,0
1715803200,65950.9,66430,65690.1,66185.4,61889.89494651812,67466.53123423587,56774.211248426174,0,0
1715817600,66185.4,66673.9,65742.3,65938,61898.552495180746,67462.79307826355,56793.24300364803,0,0
1715832000,65938,66243.3,65618.7,66106.9,61910.659586928756,67461.23449962385,56816.77483251429,0,0
1715846400,66106.9,66567.8,65961,66476.1,61926.368661833534,67461.98669078677,56844.97779791956,0,0
1715860800,66476.1,66770,65330,65808.9,61945.18058882647,67469.20059169235,56873.43802106362,0,0
1715875200,65808.9,65810,64580.4,65157,61966.227289238195,67480.73545888468,56902.363294500356,0,0
1715889600,65157,65487.5,65014.8,65226,61989.44913447858,67492.21661408698,56935.332646847164,0,0
1715904000,65226,65868,65070.1,65558.7,62014.96646003422,67505.69449662448,56970.8391820408,0,0
1715918400,65558.7,66492,65331.4,66362.1,62043.17051029293,67523.60706857328,57007.54408839694,0,0
1715932800,66362.1,66554.9,66041.1,66194.7,62074.10403255528,67542.34704991829,57048.57115191346,0,0
1715947200,66194.7,67443.8,65771.7,67160,62108.09914019347,67568.71771710494,57088.78470889793,0,0
1715961600,67160,67297.1,66161,67017.9,62145.025624826485,67599.45145092192,57130.70338616884,0,0
1715976000,67017.9,67017.9,66640,66973,62184.772713964325,67630.2284628153,57177.77457477525,0,0
1715990400,66973,67044,66703,66914,62227.194691163895,67660.82440161146,57229.92283020116,0,0
1716004800,66914,67221.7,66705.1,66850.4,62272.17557935573,67692.21280835505,57286.11446585005,0,0
1716019200,66850.4,67346.5,66800.9,67165.2,62319.727587600646,67724.6583344739,57346.15045840412,0,0
1716033600,67165.2,67200,66469,66771,62369.438666042,67758.82842590265,57408.70923957913,0,0
1716048000,66771,66963.8,66667.7,66878.1,62421.19447141834,67792.25689167995,57475.67197039029,0,0
1716062400,66878.1,67006.2,66735.7,66875.8,62474.895298524825,67824.8369082603,57546.9506523249,0,0
1716076800,66875.8,67272.5,66817.1,67134,62530.59347620696,67857.77865401868,57621.6197766016,0,0
1716091200,67134,67320,66900,67297.5,62588.24373122855,67890.93541193481,57699.7242649721,0,0
1716105600,67297.5,67737.7,66916.2,67299.9,62647.84367626301,67926.59086901642,57779.32128013946,0,0
1716120000,67299.9,67300,66631.2,66867.6,62708.91148298326,67963.41670960563,57860.65165297732,0,0
1716134400,66867.6,66970.5,65822,66006.3,62770.72438401868,68003.35946431586,57940.72338090889,0,1
1716148800,66006.3,66431.7,65945.6,66235.6,62833.13814453551,68042.5286733481,58022.58272974348,0,0
1716163200,66235.6,66765.4,66034,66641.6,62896.32321979856,68082.54423195236,58105.165122674356,0,0
1716177600,66641.6,67279.5,66250.1,66793.1,62960.45795603256,68125.24474056154,58187.22972855876,0,0
1716192000,66793.1,67350,66711.4,66970.8,63025.65966825906,68168.53987040005,58270.77687406987,0,0
1716206400,66970.8,67474.4,66708.9,67390,63091.98862935103,68213.23544111275,58355.229794700754,0,0
1716220800,67390,70094.4,67350,70002.8,63161.08923099632,68271.65200375716,58433.08424155808,0,0
1716235200,70002.8,71638.3,68861.5,71436.9,63234.092930807106,68344.434585134,58505.868591261955,0,0
1716249600,71436.9,72061.7,70692.5,71250,63311.369237880215,68424.04987720713,58580.710758402915,0,0
1716264000,71250,71393.2,70800,70892.1,63392.41331309065,68505.85192549134,58660.653837696074,0,0
1716278400,70892.1,71490.8,70855.1,71136,63477.1150832133,68590.01932944212,58745.34194157777,0,0
1716292800,71136,71479.1,69690,69865.7,63564.54494331322,68681.71076832639,58828.636163119605,0,0
1716307200,69865.7,70288.9,69155,69316,63653.84953420142,68776.44734765032,58912.79234069337,0,0
1716321600,69316,70403.9,69263.8,70167.8,63745.18989955418,68874.38751268532,58997.972716371754,0,0
1716336000,70167.8,70398.9,69850.1,69993.6,63838.52237658731,68972.27592994264,59086.88504589162,0,0
1716350400,69993.6,70123.8,69232.4,69750.3,63933.349650323544,69071.51892575837,59177.40424825394,0,0
1716364800,69750.3,70336.5,69673.9,69767.7,64029.72531229044,69170.94269661752,59270.635381521955,0,0
1716379200,69767.7,70658,69466,70481.6,64127.745132086275,69273.53971296058,59364.19176449879,0,0
1716393600,70481.6,70713,69251.7,69670,64226.96966967997,69380.23364344274,59456.4678774307,0,0
1716408000,69670,70013.8,68812.4,69210.1,64326.786886144204,69488.91234941053,59548.140432658765,0,0
1716422400,69210.1,69690.4,69210.1,69496.1,64427.19099068562,69595.6066534821,59642.60013735509,0,0
1716436800,69496.1,69899,69382.1,69773.4,64528.26463838645,69700.70040855394,59739.671378261,0,0
1716451200,69773.4,70098.3,69568.9,70013.6,64630.07699264503,69804.42234817565,59839.286846908384,0,0
1716465600,70013.6,70159.4,67631.7,68129.5,64731.37658883012,69916.51274491847,59930.77959096986,0,0
1716480000,68129.5,68238.4,66781.3,67249.5,64830.9721745546,70029.61623125356,60018.249125033595,0,0
1716494400,67249.5,68436,66311.1,68000.3,64928.988113207364,70147.52690484226,60098.676081964746,0,0
1716508800,68000.3,68062.2,67655.8,67900,65025.666320043056,70260.53809224916,60180.826893382895,0,0
1716523200,67900,67944.7,66834.9,67176.7,65120.456427116325,70372.16783822981,60260.66803888059,0,0
1716537600,67176.7,67549.8,66628.2,67362.8,65213.216853302736,70481.18820842695,60338.989175091905,0,0
1716552000,67362.8,68464,66921.1,68339.8,65304.62259978311,70591.79255317706,60413.45004360803,0,0
1716566400,68339.8,69279.9,67958.3,69123.9,65395.45578248406,70703.34662491191,60486.042615301114,0,0
1716580800,69123.9,69231.9,68530.4,68580,65485.65022157531,70812.23181370893,60559.740529351555,0,0
1716595200,68580,68921.5,68524.4,68779.3,65575.11304624681,70916.72583644945,60635.842959601294,0,0
1716609600,68779.3,68847,68626.5,68764,65663.7954169946,71015.92342836405,60715.03150859257,0,0
1716624000,68764,69636.3,68764,69097.3,65752.03395287103,71113.97377872338,60794.38033363008,0,0
1716638400,69097.3,69307,68821.7,68950,65839.63729669155,71208.54652360869,60875.5276014896,0,0
1716652800,68950,69277.7,68833.1,69158.6,65926.60924153637,71299.52971645579,60958.57607154886,0,0
1716667200,69158.6,69387.3,69054.2,69306.2,66013.04228782856,71386.51425539525,61044.04729028066,0,0
1716681600,69306.2,69326,68808.8,69086.5,66098.71699504605,71470.43902749685,61130.73387880389,0,0
1716696000,69086.5,69460,68932.9,69348.8,66183.74542192413,71551.57274455522,61218.614630764845,0,0
1716710400,69348.8,69598.7,69001.1,69160,66268.08108789689,71630.34847950951,61307.23449332783,0,0
1716724800,69160,69424.5,68647.3,68851.2,66351.41591971726,71707.53052362375,61395.370366309275,0,0
1716739200,68851.2,68985.7,68700,68917.5,66433.6143185104,71780.24681003667,61485.23176718143,0,0
1716753600,68917.5,68928.1,68121,68528.6,66514.32683487213,71851.22881504052,61573.834536426024,0,0
1716768000,68528.6,69349,68494,68899.1,66593.90190059469,71921.11721509967,61661.27476972736,0,0
1716782400,68899.1,68930.5,68311.7,68680.1,66672.05630105222,71988.29728757968,61748.412712875914,0,0
1716796800,68680.1,68940,68277,68471.9,66748.7021203346,72052.98983124661,61834.89741624892,0,0
1716811200,68471.9,70629.6,68412,70439.2,66825.00777030758,72125.17738416382,61914.32486490017,0,0
1716825600,70439.2,70737.9,69090,69305.9,66900.80967365963,72201.12245906892,61989.59493363185,0,0
1716840000,69305.9,69934.3,69212.8,69450,66975.89221023854,72275.26604762684,62065.079558496946,0,0
1716854400,69450,69613.7,67712,68042.8,67049.20563240474,72353.29992324232,62133.945247912045,0,0
1716868800,68042.8,68122.1,67430,67683.5,67120.07728465016,72427.4187718086,62201.64754029537,0,0
1716883200,67683.5,68925,67563.4,68403.9,67189.06698527012,72502.09833019378,62265.38026239562,0,0
1716897600,68403.9,68587,67522.1,68400,67256.06567426368,72575.42702977151,62326.582909740406,0,0
1716912000,68400,68659.2,67250,68457.6,67321.04694592902,72649.34191710287,62383.543226962676,0,0
1716926400,68457.6,68706.3,68150,68443.6,67384.32897245484,72719.11432571513,62440.91162510679,0,0
1716940800,68443.6,68971.7,68288.9,68872.1,67446.1858776514,72785.84840611182,62498.24779209037,0,0
1716955200,68872.1,68989,67955.5,67980,67506.23535311704,72851.21891556708,62553.40513700937,0,0
1716969600,67980,68068.8,67630.5,67800,67564.04035030206,72911.32664686747,62608.921801224285,0,0
1716984000,67800,68325.4,67309.4,67404.9,67619.49150488865,72969.53382420584,62661.70813692286,0,0
1716998400,67404.9,67778.5,67124.7,67297.6,67672.36341928225,73023.48486470687,62713.36925697396,0,0
1717012800,67297.6,67885.3,67173.8,67676,67722.88553529944,73073.82446323255,62763.77702846159,0,0
1717027200,67676,68239.3,67483.5,68150,67771.47377545523,73121.28787922132,62813.07114398337,0,0
1717041600,68150,68455.7,67523.7,67606.6,67818.07055408275,73166.86745918587,62860.29255310313,0,0
1717056000,67606.6,68153,67137,67819.9,67862.56143540668,73210.9524984696,62904.89451930864,0,0
1717070400,67819.9,68855,67760.1,68558.9,67905.65497304713,73254.67857774968,62947.21466048608,0,0
1717084800,68558.9,69560,68405.6,68677.5,67947.83681789662,73298.80395032068,62987.50156088062,0,0
1717099200,68677.5,68687.7,68023.8,68371.8,67988.60805685035,73339.94995693334,63027.73356434536,0,0
1717113600,68371.8,68740.1,68290,68534.7,68028.14319509252,73377.12188871593,63069.08948528393,0,0
1717128000,68534.7,68650,68080.1,68187.2,68066.24938165712,73410.92910359747,63110.68885053656,0,0
1717142400,68187.2,68486.4,67876,68370.3,68102.89125913518,73441.66222702592,63152.2171096346,0,0
1717156800,68370.3,69077,67200.9,67226.7,68137.69991177125,73476.3755679031,63186.92387019014,0,0
1717171200,67226.7,68072.5,66660,67705.9,68170.37378087129,73511.88639213819,63216.98557201907,0,0
1717185600,67705.9,67827.2,67246,67555.8,68201.03375516227,73543.27961627152,63246.853139299754,0,0
1717200000,67555.8,67780.2,67456.9,67742.7,68229.84964460424,73569.30125386533,63277.920317079406,0,0
1717214400,67742.7,67845,67600,67656,68256.91136502431,73589.73408991573,63310.54197587086,0,0
1717228800,67656,67797.7,67647.2,67697.7,68282.28096806003,73604.25640034683,63345.11239188504,0,0
1717243200,67697.7,67913.5,67673.5,67708.9,68306.05581989475,73613.68578630291,63381.11197440836,0,0
1717257600,67708.9,67851,67563.9,67777.7,68328.24749886367,73618.47513902679,63418.17590556097,0,0
1717272000,67777.7,67942,67736.8,67792.8,68348.99273220677,73618.43440933601,63456.72581859226,0,0
1717286400,67792.8,67940.5,67670,67816.1,68368.31875531693,73614.14164746989,63496.31884336821,0,0
1717300800,67816.1,67900.1,67730,67730,68386.24607865524,73605.17397278151,63537.362936738384,0,0
1717315200,67730,68342.4,67374.5,68260,68403.01728390313,73596.63653408793,63575.90501265339,0,0
1717329600,68260,68498.6,67801.3,68138,68418.8148725837,73587.07534354892,63613.53820238836,0,0
1717344000,68138,68198,67279.7,67740.1,68433.2699959216,73577.4417487335,63648.7533546967,0,0
1717358400,67740.1,68009.5,67569.7,67776.3,68446.47110563409,73564.98529374086,63684.09356853375,0,0
1717372800,67776.3,68824.9,67621.5,68399.7,68458.94197841788,73554.79453794131,63716.128448797615,0,0
1717387200,68399.7,69259.6,68301,68921.8,68471.22787637834,73545.87298331539,63746.731892930555,0,0
1717401600,68921.8,69375.3,68868.9,69111.9,68483.6041009349,73535.84542427462,63778.47434260121,0,0
1717416000,69111.9,70344.1,68556,69658.3,68496.43718042652,73532.50241520056,63805.28000964973,0,0
1717430400,69658.3,69759.2,68821,69253.5,68509.46502816341,73530.45638991495,63831.32961335579,0,0
1717444800,69253.5,69547.8,68749.9,68837,68522.44398185864,73528.618267529,63857.1135957339,0,0
1717459200,68837,69418.4,68668,69201,68535.41246588211,73526.76664871881,63882.89565770583,0,0
1717473600,69201,69336.7,68807.6,69061.1,68548.33233317272,73523.60063713176,63909.73544467583,0,0
1717488000,69061.1,69252.3,68604.9,69004,68561.08327289927,73519.75101118739,63936.861522261424,0,0
1717502400,69004,70544.9,68882,70485.9,68574.62966905393,73522.03790764419,63960.139953614744,0,0
1717516800,70485.9,71110,70101,70448.1,68589.47295398173,73526.97983781697,63983.53108589576,0,0
1717531200,70448.1,70755.2,70185.3,70559.3,68605.49352023621,73531.93781400232,64009.10789350768,0,0
1717545600,70559.3,71381.9,70450.1,70986.1,68623.03728705639,73539.35590616537,64035.38878569278,0,0
1717560000,70986.1,71420,70874.2,71250.1,68642.24814033942,73547.18864165756,64064.4233556898,0,0
1717574400,71250.1,71299.6,70734,71005.4,68662.87963391915,73555.3588502049,64095.81998265155,0,0
1717588800,71005.4,71810,70406,71617.4,68685.09836462767,73568.79330042054,64125.59627142359,0,0
1717603200,71617.4,71819.6,70888,71300.5,68708.8698437151,73584.65041735706,64156.16257500111,0,0
1717617600,71300.5,71377.5,70707.6,71140.6,68733.862523766,73601.10815077017,64188.488137410306,0,0
1717632000,71140.6,71274,70909.1,71078.7,68760.01209709367,73616.42720414,64223.970697216624,0,0
1717646400,71078.7,71137.9,70820.8,71065.5,68787.17070352605,73630.297687796,64262.60658973666,0,0
1717660800,71065.5,71244.9,70901,71221.2,68815.37670278105,73643.03058658852,64304.198686902986,0,0
1717675200,71221.2,71699.9,71039.5,71336,68844.77929950452,73656.65586903799,64347.25525992562,0,0
1717689600,71336,71420.8,70467.6,70508,68874.77660880187,73672.22798761018,64389.72978678122,0,0
1717704000,70508,71030,70144.1,70835.8,68905.19396859698,73689.16635184713,64431.80172754064,0,0
1717718400,70835.8,71049.9,70661.3,71021.3,68936.21126229706,73704.82304286782,64476.1228235512,0,0
1717732800,71021.3,71478.6,71021.3,71152.8,68968.06117739186,73719.9172881985,64522.50134754191,0,0
1717747200,71152.8,71774.9,71081.4,71769.6,69000.98119659958,73736.09389901563,64569.94335249224,0,0
1717761600,71769.6,72169,70668,71146.9,69034.69552267861,73757.5863894346,64614.22369145768,0,0
1717776000,71146.9,71244.2,68336.7,69316,69067.53480522583,73790.67000953389,64646.71432655031,0,0
1717790400,69316,69598.9,69028,69389.9,69099.22321199777,73821.18248326414,64679.30325532182,0,0
1717804800,69389.9,69580,69333.3,69480.8,69129.90017387005,73847.46265074513,64713.70750611723,0,0
1717819200,69480.8,69609.6,69265.2,69609,69159.60803310495,73870.25803934604,64749.3525844337,0,0
1717833600,69609,69610.5,69344.6,69392.4,69188.31588054488,73889.19620890038,64786.50871843473,0,0
1717848000,69392.4,69529.6,69204,69452.7,69215.98704806973,73904.71490782,64824.72558096055,0,0
1717862400,69452.7,69526.6,69334.5,69482.2,69242.68952784385,73916.2296197961,64864.645798509584,0,0
1717876800,69482.2,69504.1,69298.1,69326,69268.36992527025,73923.90830276834,64906.0254289126,0,0
1717891200,69326,69365,69157.1,69290,69292.94550927723,73927.81402787716,64948.6578291234,0,0
1717905600,69290,69459.3,69257.2,69320.3,69316.51211184189,73928.14843622106,64992.549563124514,0,0
1717920000,69320.3,69420,69299.9,69385.2,69339.1121481928,73924.61731771595,65038.04345494322,0,0
1717934400,69385.2,69792.5,69240,69515.3,69360.90748279498,73920.02806759917,65082.97700370582,0,0
1717948800,69515.3,69864.7,69497.2,69704,69382.07778000935,73913.5400333491,65128.42863295809,0,0
1717963200,69704,69829.5,69577.1,69642.3,69402.62403888686,73904.57632974855,65174.91152363479,0,0
1717977600,69642.3,69808.4,69421,69622,69422.48992690389,73893.96312815795,65221.59461514341,0,0
1717992000,69622,69686.3,69256.4,69302.4,69441.49063752056,73881.82467241529,65268.02286410307,0,0
1718006400,69302.4,69569.4,69168.4,69489,69459.63907100436,73868.070792487,65314.301674775874,0,0
1718020800,69489,70180.6,69234.6,70044.9,69477.3503472937,73856.31708315921,65358.01407272274,0,0
1718035200,70044.9,70126.1,69385,69498.1,69494.48167441646,73845.15721175571,65400.13137688844,0,0
1718049600,69498.1,69688.9,69324,69516,69510.88711720922,73832.26698990127,65442.436279009125,0,0
1718064000,69516,69570,67857.8,68444,69525.72140890601,73824.6700959984,65477.10854844479,0,0
1718078400,68444,68444.2,67301.7,67539.4,69538.18901052349,73818.0148427442,65506.499208419074,0,0
1718092800,67539.4,67648.6,66700.1,66882.1,69547.69767674252,73810.46027325524,65531.12166255101,0,0
1718107200,66882.1,67272.2,65931.6,66218.9,69553.75972040644,73803.80733080482,65548.45428990254,0,0
1718121600,66218.9,67547.8,66142,67383.6,69557.07169409476,73798.97022243447,65558.9936834465,0,0
1718136000,67383.6,67539.3,67136,67276.3,69558.04214848188,73790.18454562906,65568.62890806496,0,0
1718150400,67276.3,67571.8,66859.4,67386.5,69556.72727420156,73779.42289345378,65575.71365236213,0,0
1718164800,67386.5,67592.2,67151.1,67410,69553.33932639874,73765.2851843701,65581.89261197628,0,0
1718179200,67410,68030,67317.8,67747.1,69548.28392949548,73749.84992581028,65586.0832585223,0,0
1718193600,67747.1,70000,67704.7,69712.8,69543.052516302,73743.78256752736,65581.61223770404,0,0
1718208000,69712.8,69855,67228,67522.2,69536.74152137908,73747.69797316528,65566.22856445685,0,0
1718222400,67522.2,68660.1,67420.4,68240.9,69529.31109865605,73753.04291958622,65547.46638894093,0,0
1718236800,68240.9,68376.3,66937.7,67442,69520.30132873791,73760.41627034827,65523.92924579271,0,0
1718251200,67442,67714,67268.4,67707.7,69509.76836554633,73763.85391929335,65501.0230826371,0,0
1718265600,67707.7,67942.8,67152.6,67707,69497.82645525191,73765.5945313181,65476.97354969053,0,0
1718280000,67707,68500,66313.9,66433.1,69484.0327424585,73773.43049367775,65444.03281570047,0,0
1718294400,66433.1,67038.9,66225.9,66579.9,69468.01329736144,73778.52364970619,65409.344518668804,0,0
1718308800,66579.9,66953.4,66477.9,66742.5,69449.99223901797,73779.08125481447,65374.91847236728,0,0
1718323200,66742.5,67000,66450.5,66723.9,69430.0758330786,73775.74185283136,65340.38573008322,0,0
1718337600,66723.9,67191.7,66694.8,66886.8,69408.5676227481,73768.56723007385,65306.260380743646,0,0
1718352000,66886.8,67232,66727.3,67000.4,69385.6213933056,73757.84296332904,65272.57661980104,0,0
1718366400,67000.4,67341,66311.1,66362.6,69361.00788779704,73746.5396258901,65236.273316911924,0,0
1718380800,66362.6,66505.8,65030,65490.1,69333.8177579596,73736.42345942339,65194.07993173563,0,0
1718395200,65490.1,66600,65447.7,66021.2,69304.5457755489,73725.84039411422,65148.393554813956,0,0
1718409600,66021.2,66261.1,65958.6,66235,69273.44383331212,73709.82853209254,65104.07249743763,0,0
1718424000,66235,66381.3,66045.3,66051.9,69240.63244369566,73688.84997953445,65060.93096220754,0,0
1718438400,66051.9,66322.2,66051.9,66289.9,69206.28295859268,73662.81708662867,65019.365133867395,0,0
1718452800,66289.9,66446.1,66135.4,66284.6,69170.5661829062,73632.29242706497,64979.196876194874,0,0
1718467200,66284.6,66326.9,66040.7,66118.4,69133.45115457881,73597.22636100432,64940.41018745417,0,0
1718481600,66118.4,66250,65808.1,66184,69094.95546401574,73558.71135209482,64902.07322587036,0,0
1718496000,66184,66228.7,66049,66105.6,69055.22685623424,73515.41116681501,64865.642189573155,0,0
1718510400,66105.6,66320,66007.5,66232,69014.4194176795,73468.44437922174,64830.419751019544,0,0
1718524800,66232,66745.7,66156.1,66450.2,68972.88748829706,73419.95283384166,64795.18202959819,0,0
1718539200,66450.2,66780.2,66438.7,66670.2,68930.88399592081,73368.758804021,64761.44405210637,0,0
1718553600,66670.2,66716.9,66473.2,66522,68888.41299746261,73314.39182962813,64729.629843170274,0,0
1718568000,66522,66949.6,66421.1,66638.2,68845.63644938337,73258.84506351459,64698.28529253197,0,0
1718582400,66638.2,66887.4,66110,66188.9,68802.3369025729,73203.42649161899,64665.846807008566,0,0
1718596800,66188.9,66535,65904.3,66134,68758.37642728549,73147.11144505248,64632.960010563234,0,0
1718611200,66134,66281.9,65526.8,65778.6,68713.49843830777,73090.40970199596,64598.69204293689,0,0
1718625600,65778.6,65793.2,65058,65324.9,68667.31400660964,73032.80327906799,64562.76907330158,0,0
1718640000,65324.9,67289.9,65084.3,66656,68620.88507449832,72984.12277076958,64518.49648446293,1,0
1718654400,66656,66740.7,66105.2,66454.8,68574.35881861833,72934.73948751976,64474.662149019896,0,0
1718668800,66454.8,66552.8,64500,65474.2,68526.8588775559,72892.32301417299,64422.83896908319,0,0
1718683200,65474.2,65828,65306.7,65641.3,68478.56047038035,72847.48294217416,64371.65780755781,0,0
1718697600,65641.3,65720.9,65080,65339.6,68429.33433717553,72800.87367779475,64320.29673920244,0,0
1718712000,65339.6,65404,64200,64660.2,68378.6373102808,72755.39974617538,64265.16872593659,0,0
1718726400,64660.2,64878,64026.6,64398.8,68326.25999304526,72708.59620774363,64208.05858083688,0,0
1718740800,64398.8,65307.5,64166.6,65146.5,68272.77893934958,72662.77984309827,64148.004716668256,0,0
1718755200,65146.5,65587,64780,65380.9,68218.67835567489,72616.2980382383,64087.37710843416,0,0
1718769600,65380.9,65700,65136,65289.4,68164.16742744,72567.8874654903,64027.683364568766,0,0
1718784000,65289.4,65512.6,64953.5,65179.2,68109.15830667797,72517.49232648862,63968.80664818131,0,0
1718798400,65179.2,65280.1,64710,64900.9,68053.47507167724,72465.06135956968,63910.46088198466,0,0
1718812800,64900.9,65246.5,64752,64848,67997.18934129005,72410.26806147714,63853.06783272431,0,0
1718827200,64848,65089.5,64650,64940.2,67940.32892107223,72352.88942012415,63796.87571426313,0,0
1718841600,64940.2,65397.9,64811.1,65170.1,67883.21210658607,72294.22590274409,63741.33519469418,0,0
1718856000,65170.1,65978,65070,65843.1,67826.41260256658,72236.82419819798,63685.27821643029,0,0
1718870400,65843.1,66458,65550.8,66156.3,67770.39468129484,72181.08929142269,63629.21979073325,0,0
1718884800,66156.3,66288.2,64616.1,64789.9,67714.35848215313,72130.72929426796,63568.390192526706,0,0
1718899200,64789.9,65198.8,64514.2,65042.2,67658.04682660908,72079.37354549512,63507.92293584967,0,0
1718913600,65042.2,65175.8,64833.6,64853.9,67601.56494929978,72025.09690368082,63449.71100428813,0,0
1718928000,64853.9,65070.7,64311,64461.5,67544.63501882504,71970.24285678491,63391.16749827921,0,0
1718942400,64461.5,64720.1,64133.3,64147.7,67487.05101515258,71913.5657504201,63333.002712290094,0,0
1718956800,64147.7,64345.9,63422.1,63731.1,67428.39217377378,71856.74279358317,63272.94968268793,0,0
1718971200,63731.1,64339.8,63333,63701.7,67368.7244035171,71800.30119493717,63210.66837080435,0,0
1718985600,63701.7,64250,63433.1,64209.5,67308.32966655299,71743.31303749884,63147.50533103229,0,0
1719000000,64209.5,64440,63801.3,64108.3,67247.45649448961,71684.9263609825,63084.67671719169,0,0
1719014400,64108.3,64296.8,63904.1,64286.6,67186.23456405963,71623.82851667392,63023.58039749288,0,0
1719028800,64286.6,64498.9,64204,64470,67124.9717814263,71559.85358379615,62964.939292127776,0,0
1719043200,64470,64491.5,64171.2,64238.3,67063.64042642013,71493.2541410555,62908.478866699574,0,0
1719057600,64238.3,64371.5,64220.4,64273.7,67002.29344225064,71423.1906279791,62855.03751722394,0,0
1719072000,64273.7,64347.1,64190,64260,66940.97026757053,71349.90587731748,62804.476688010975,0,0
1719086400,64260,64301.5,64212.7,64223.1,66879.71142814576,71273.19269963002,62757.0567739597,0,0
1719100800,64223.1,64484.1,64223.1,64376,66818.69119414169,71194.44052888431,62711.88395794303,0,0
1719115200,64376,64418.5,64299.7,64388.3,66757.96768576447,71112.98309219805,62669.656872016654,0,0
1719129600,64388.3,64409.4,64224.6,64310,66697.53406439397,71029.36630879217,62629.88509472795,0,0
1719144000,64310,64406.3,64032.8,64064.1,66637.29058684081,70944.74824092352,62591.36309392955,0,0
1719158400,64064.1,64160,63878.3,64124,66577.17512204697,70858.59845255096,62554.44425985731,0,0
1719172800,64124,64133.3,63123.1,63179.9,66516.66286080341,70774.85085210347,62514.66989854187,0,0
1719187200,63179.9,63329.9,62631,62815.1,66455.27117659607,70691.05411885952,62473.29484901122,0,0
1719201600,62815.1,62923,62111,62429.9,66392.65535222381,70607.54236973851,62429.37421099618,0,0
1719216000,62429.9,62951.7,60348.5,61234.6,66327.92663013168,70534.46400816878,62372.25890796628,0,0
1719230400,61234.6,61673.3,60622.6,60812.6,66260.75170132227,70461.33959556778,62310.58394893839,0,0
1719244800,60812.6,61027.1,59000.8,59290.1,66189.97529228001,70393.1339808002,62237.78629301535,0,0
1719259200,59290.1,60409.5,58320,60257.1,66115.7185230286,70330.10817831721,62153.86765413814,0,0
1719273600,60257.1,61555,60217.9,61271.8,66039.64832564496,70268.57865612472,62065.225088976935,0,0
1719288000,61271.8,61388.1,60581,60640.3,65961.77518259222,70205.06517313536,61974.95543247175,0,0
1719302400,60640.3,61588.8,60624.8,61162.7,65882.5292857072,70140.97017001336,61882.6294327152,0,0
1719316800,61162.7,62102.8,60933,61779.6,65802.55225344824,70078.14105810974,61787.82452972478,0,0
1719331200,61779.6,62401.3,61110.7,61931,65722.17497090058,70017.52446869694,61690.331323221326,0,0
1719345600,61931,62141.4,61614,61764.4,65641.5244078671,69954.42755090939,61594.524856241194,0,0
1719360000,61764.4,62467.9,61589.3,61891.5,65560.84177791375,69891.31495108793,61498.68517478414,0,0
1719374400,61891.5,61947.8,61482.6,61694.7,65479.930293206344,69825.45030485476,61404.84955676763,0,0
1719388800,61694.7,61725.4,61120,61403.8,65398.58384859271,69757.58183486231,61311.97006694309,0,0
1719403200,61403.8,61940,61131,61432.9,65316.99299772877,69689.2031560963,61219.08963012931,0,0
1719417600,61432.9,61506.6,60676,60962.5,65234.78704687598,69620.07910786942,61125.719700169575,0,0
1719432000,60962.5,61116,60666,60838.5,65151.89849101191,69547.78821981676,61033.85866947852,0,0
1719446400,60838.5,61275,60725.9,61009.3,65068.57805676657,69473.29868911722,60943.12390830457,0,0
1719460800,61009.3,61166.9,60564.8,60760.2,64984.753354306566,69396.93236732527,60853.09572715952,0,0
1719475200,60760.2,61441.9,60694.2,61166.6,64900.81159560291,69320.03191726819,60763.32092280345,0,0
1719489600,61166.6,62380,61122.7,61561.1,64817.44239562308,69246.37777469921,60671.77769759043,0,0
1719504000,61561.1,61987.7,61386.1,61432.8,64734.61709785748,69171.83377005518,60582.03783835987,0,0
1719518400,61432.8,61678.7,61323.2,61659.5,64652.34567697815,69094.98079017362,60495.36093264138,0,0
1719532800,61659.5,62218,61443,61788.4,64570.9515155293,69018.80793170663,60409.73329684888,0,0
1719547200,61788.4,61796,61200.3,61315,64490.09323519959,68941.88972594152,60325.76336415381,0,0
1719561600,61315,61780,61155.1,61666.3,64409.92595441832,68864.62215481632,60243.393946560696,0,0
1719576000,61666.3,61859.6,60695.4,61020,64330.15276450219,68790.0141604817,60159.437459188484,0,0
1719590400,61020,61074.9,60040.3,60100.9,64250.03442693834,68716.44850628517,60073.9271833175,0,0
1719604800,60100.9,60439.6,60011.5,60406.1,64169.54614050037,68640.11799801336,59990.14529661773,0,0
1719619200,60406.1,60959.8,60378.1,60713.8,64089.194725218964,68562.58374916797,59907.67348491121,0,0
1719633600,60713.8,61115.2,60666,61033,64009.314015849064,68483.43848691156,59827.490723361094,0,0
1719648000,61033,61198.9,60870,61070,63930.07291054645,68402.21992579066,59750.31551288565,0,0
1719662400,61070,61156,60918.5,61086.1,63851.529491039204,68318.56258148525,59676.574920356215,0,0
1719676800,61086.1,61111,60880.1,61018.5,63773.680307692724,68232.57301873031,59606.16931258554,0,0
1719691200,61018.5,61074,60762.3,60939.9,63696.493656493105,68144.85521809194,59538.51235205941,0,0
1719705600,60939.9,61040.8,60703.6,60857.7,63619.95857199478,68055.67325920773,59473.35372447759,0,0
1719720000,60857.7,61776.5,60673,61509.9,63544.57669308812,67970.26034246538,59407.05842171117,0,0
1719734400,61509.9,61696.6,61370.1,61513.6,63470.5771479808,67884.08003411553,59344.01941476161,0,0
1719748800,61513.6,61835,61280.5,61679.3,63398.04156949868,67798.68917101837,59283.029273757726,0,0
1719763200,61679.3,62077.7,61540.7,61987.3,63327.24287536718,67714.30694022779,59224.40723990155,0,0
1719777600,61987.3,63041.3,61777.2,62749.5,63258.81404236695,67635.88770179891,59165.003817053905,0,0
1719792000,62749.5,63790,62556.3,63398.2,63193.41779950028,67563.71942660619,59105.80540966517,0,0
1719806400,63398.2,63470,63165,63233.7,63131.01934896157,67492.25922002997,59051.595695527685,0,0
1719820800,63233.7,63277.1,62560.3,62637.7,63071.094362833224,67423.46354220739,58999.68253092174,0,0
1719835200,62637.7,63133,62464.4,63108.3,63013.66333450075,67357.08626556607,58950.31966167003,0,0
1719849600,63108.3,63845,62931.6,63186.4,62959.072671018715,67294.8826152038,58902.619003886524,0,0
1719864000,63186.4,63390,62771.3,62860.1,62906.94490885199,67234.72776063284,58857.733935562996,0,0
1719878400,62860.1,63259,62738.1,63093.7,62857.24164446553,67176.05254699355,58816.09111203363,0,0
1719892800,63093.7,63209.8,62550.1,62590.9,62809.66397735284,67119.40035128318,58776.65575527677,0,0
1719907200,62590.9,62838,62401.3,62803,62764.06310081532,67063.35381271386,58740.39088358731,0,0
1719921600,62803,63139.2,61801.9,61911.7,62720.01025994129,67012.75917112699,58702.249178572136,0,0
1719936000,61911.7,62354.8,61779.6,61923.6,62677.22103385348,66962.74809134263,58665.96202365861,0,0
1719950400,61923.6,62158.6,61854.7,62092.6,62635.696169947645,66911.78118305326,58632.87997013641,0,0
1719964800,62092.6,62250,60555.1,60967.7,62594.65733758441,66867.34464069553,58594.986061777236,0,0
1719979200,60967.7,61169.8,60777.8,60842.3,62553.79946314677,66821.19119260773,58558.93553284135,0,0
1719993600,60842.3,60956.1,59500.2,60352.4,62512.497337225665,66779.14770202542,58518.45160967996,0,0
1720008000,60352.4,60732.1,59722,60140.6,62470.74074066886,66738.32307718696,58476.04897375494,0,0
1720022400,60140.6,60637.4,59611.2,59624.6,62428.35057521075,66698.55185322752,58431.53782585203,0,0
1720036800,59624.6,60360.3,59350.2,60184.8,62385.40516802497,66659.76448810232,58385.12643820223,0,0
1720051200,60184.8,60464.6,57770.2,59072.9,62341.10061179643,66631.36282459882,58327.07993262517,0,0
1720065600,59072.9,59117.1,58059.5,58198.1,62294.88370962882,66602.29263503673,58266.05035446973,0,0
1720080000,58198.1,58458,56930,57744.3,62246.11450505473,66574.82064349871,58198.86157447353,0,0
1720094400,57744.3,58332.6,56687.5,58110,62194.957611100326,66549.66479442522,58125.20264670968,0,0
1720108800,58110,58691.8,57730,58250,62142.10540968425,66522.97033829808,58049.741993031756,0,0
1720123200,58250,58820.7,56815,57034.6,62086.99797964475,66500.62384945298,57966.303095908785,0,0
1720137600,57034.6,57523.4,54926.1,55214.1,62028.03259556147,66484.70213208898,57870.10702149244,0,0
1720152000,55214.1,55350,53314.3,54386.6,61963.77816337701,66470.00982585856,57763.03951720688,0,0
1720166400,54386.6,55653.7,53861.2,55458.4,61895.24546152703,66455.55838609215,57647.870302816395,0,0
1720180800,55458.4,56656.4,54810,56630,61823.82263212683,66442.69560842251,57526.03818747179,0,0
1720195200,56630,57035.1,55782.6,56430.3,61750.124366416065,66427.87797688138,57401.77129540252,0,0
1720209600,56430.3,56843.6,56280.8,56602.8,61674.50066697602,66406.98821534158,57279.2733828888,0,0
1720224000,56602.8,56977.8,56141.8,56386,61597.04138528401,66381.9658457046,57157.02237923258,0,0
1720238400,56386,56660.5,56002,56574.9,61517.81795171626,66351.80933659966,57036.00193239952,0,0
1720252800,56574.9,56875.5,56410,56711.6,61437.260149838454,66315.82036685567,56917.593929146715,0,0
1720267200,56711.6,57432.3,56480.7,57294.8,61355.93372890734,66277.79253212226,56799.577353478366,0,0
1720281600,57294.8,58079.9,57153.5,57829.9,61274.59586795805,66238.31948197726,56682.84050900721,0,0
1720296000,57829.9,58489.6,57782.2,58204.1,61193.81060592137,66196.62562967287,56569.08370862347,0,0
1720310400,58204.1,58420,57803.6,57935.4,61113.527320825124,66152.17860118653,56458.657909208276,0,0
1720324800,57935.4,57992.2,57057,57362.4,61033.21040277103,66106.52321121463,56349.246505781775,0,0
1720339200,57362.4,57897,57318.2,57428,60953.02264932898,66057.62776778001,56242.87604075537,0,0
1720353600,57428,57595.2,56520.6,56795.9,60872.44776417843,66008.18158511771,56136.29716529061,0,0
1720368000,56795.9,57376.5,56718.6,57128.2,60791.69344471696,65955.77186971859,56031.94211988549,0,0
1720382400,57128.2,57303,55710,55840,60710.033972795085,65905.63501131936,55924.02264760683,0,0
1720396800,55840,56002.2,54228.3,55130.8,60626.373022176704,65857.81109631142,55810.49604653468,0,0
1720411200,55130.8,55893.3,54936,55833.8,60541.349629363205,65807.43568384013,55696.669789016676,0,0
1720425600,55833.8,58195.4,55716.4,57135.3,60456.63107878364,65765.65696229853,55576.1838354546,0,0
1720440000,57135.3,57635.9,54856,55723.9,60371.31728198508,65733.16530036555,55446.83469459885,0,0
1720454400,55723.9,56555.9,55379.2,56456,60285.58485734961,65699.55217327939,55317.755165320974,0,0
1720468800,56456,56954.4,56163.3,56696.5,60200.03092931586,65662.93641405135,55191.618313235675,0,0
1720483200,56696.5,57340,56257,57143.4,60115.05066209864,65625.63634749192,55067.188940786546,0,0
1720497600,57143.4,57744.2,56974.9,57100,60031.06914051303,65586.11325769036,54946.52881767615,0,0
1720512000,57100,57888.8,57005,57409.2,59948.28801555908,65545.38369573807,54829.14331051665,0,0
1720526400,57409.2,58153.3,56862,57450.1,59866.78982401775,65506.10577144638,54712.95357318231,0,0
1720540800,57450.1,58315.7,57337,57841.7,59786.940731388444,65466.67171292889,54599.96954927889,0,0
1720555200,57841.7,58235.7,57682.1,58029.9,59708.89498546115,65424.68470374694,54492.46192822152,0,0
1720569600,58029.9,58188,57309.1,58167.6,59632.553618548285,65382.20252492409,54388.523386214336,0,0
1720584000,58167.6,59471.4,58164,58936.6,59558.868822008495,65342.81264001626,54286.90183417138,0,0
1720598400,58936.6,59003.6,58275,58477.1,59487.524829420814,65302.66151643589,54190.220247612626,0,0
1720612800,58477.1,58552.9,57457.9,57675.1,59417.805080582206,65263.353547397826,54095.834318872934,0,0
1720627200,57675.1,57998.5,57322,57376.5,59349.377338921215,65222.010848205784,54005.519681314036,0,0
1720641600,57376.5,57859.8,57127,57713.8,59282.25192308134,65179.12490990182,53918.87967090191,0,0
1720656000,57713.8,58382.7,57016.1,57536.9,59216.51392595491,65138.74581428648,53832.71473387398,0,0
1720670400,57536.9,58288,57461.6,58169,59152.488925028185,65097.84620928958,53750.118472065,0,0
1720684800,58169,58880.1,58030.9,58735.8,59090.72601065552,65057.19845798414,53671.44579275747,0,0
1720699200,58735.8,59661.5,57235,57382.1,59030.73697379719,65025.82835883981,53588.36627870371,0,0
1720713600,57382.1,57974.1,57162,57361.2,58971.91532995167,64993.07418457066,53508.57520305742,0,0
1720728000,57361.2,57610,57103.9,57312.1,58914.110777669135,64957.00371931722,53433.38285308388,0,0
1720742400,57312.1,57557,56513.3,56884.6,58856.9796957577,64920.73599658333,53359.59313660809,0,0
1720756800,56884.6,57390,56680.8,57065.2,58800.60861858032,64882.324990475,53288.95927239106,0,0
1720771200,57065.2,57303.3,56733,57180,58745.045814297715,64841.082333672464,53222.128371719315,0,0
1720785600,57180,58250,57063,58189.4,58691.06133236003,64801.71485622985,53156.62846208905,0,0
1720800000,58189.4,58514.2,57464.4,57541.9,58638.6426125929,64763.313631706245,53093.18215249582,0,0
1720814400,57541.9,57883.9,57118,57860.9,58587.555485930956,64723.96207032641,53032.934758960255,0,0
1720828800,57860.9,57949.6,57724.4,57785.8,58537.98482847922,64680.66157107732,52978.67375728186,0,0
1720843200,57785.8,58198.8,57711.2,58146.7,58490.10469109364,64635.427825970655,52929.05859594995,0,0
1720857600,58146.7,58852.2,57885,58515.2,58444.27179135703,64591.668727095755,52881.94240117433,0,0
1720872000,58515.2,58888,58408,58812.6,58400.71310792789,64546.738323799305,52839.9014432763,0,0
1720886400,58812.6,58950,58530.6,58585.1,58359.354683059275,64500.35521920526,52803.03135460899,0,0
1720900800,58585.1,59869.9,58228.5,59181.8,58320.52461691649,64460.25753261407,52765.591106604894,0,0
1720915200,59181.8,59822.5,59170.3,59445.8,58284.51323814223,64420.742378596406,52732.77453778378,0,0
1720929600,59445.8,60298.8,59400.2,60027.9,58251.63329067286,64383.68005539767,52703.61647720926,0,0
1720944000,60027.9,60380,59863.3,60070,58221.95923090479,64346.965729310905,52679.97485607999,0,0
1720958400,60070,60217.2,59426,60061.9,58195.18655182827,64312.02052777981,52660.13585032996,0,0
1720972800,60061.9,60174.1,59860,59886.1,58171.27888345071,64276.09649479938,52646.284878391634,0,0
1720987200,59886.1,61387.9,59850,60755.8,58150.7750320458,64246.9770976684,52633.02321114686,0,0
1721001600,60755.8,62788.8,60601.9,62612.9,58134.76671667726,64229.23689970355,52618.57783675591,0,0
1721016000,62612.9,63088.4,62382.5,62814.2,58123.75465546871,64214.745267889186,52610.51556235771,0,0
1721030400,62814.2,63333,62275,62438.2,58117.45849889999,64205.23593484673,52606.908660827525,0,0
1721044800,62438.2,63295.9,62427.3,62983.6,58115.87466868795,64199.66579254525,52608.605462535445,0,0
1721059200,62983.6,63777,62820,63300.1,58119.15229352287,64198.709293748,52615.32358636774,0,0
1721073600,63300.1,64900,63204.4,64696.1,58127.92911416873,64207.047791047306,52624.380957334004,0,0
1721088000,64696.1,64948.7,64422.6,64727.8,58142.336859778756,64218.32200237701,52641.22808115195,0,0
1721102400,64727.8,65019.7,62704.2,62902.2,58161.10742353757,64241.04276039892,52656.59259842424,0,0
1721116800,62902.2,63845.8,62350.3,63729.6,58183.83064353238,64270.1107105834,52673.911884172136,0,0
1721131200,63729.6,64955.2,63029.3,64850.7,58211.17185916586,64308.397713297665,52692.0378940908,0,0
1721145600,64850.7,65213.7,64088,65134.2,58243.37550142488,64351.58344696767,52714.954443903895,0,0
1721160000,65134.2,65365,64111.1,65027,58280.227063687205,64400.12670644319,52741.897264856045,0,0
1721174400,65027,66119.2,64910,65669.5,58322.13030941267,64454.1415364816,52773.50380817423,0,0
1721188800,65669.5,65977,65169.4,65230.1,58368.74453883104,64511.10930647922,52811.21927161068,0,0
1721203200,65230.1,65499,64528.3,64694.3,58419.35511293964,64571.24142527372,52853.5765532911,0,0
1721217600,64694.3,65384.9,64501.8,64680.5,58473.70645309762,64633.83791983778,52900.68571517703,0,0
1721232000,64680.5,64732.2,63800,64547.9,58531.16207043694,64698.5787375196,52951.65674681245,0,0
1721246400,64547.9,64644.9,64001.3,64048.6,58591.429649977596,64763.61678274318,53007.472389080875,0,0
1721260800,64048.6,65132.9,63858.7,64833.1,58654.67063505577,64832.662966162454,53065.38756710452,0,0
1721275200,64833.1,65033.4,64366.2,64643.8,58720.77062771821,64902.24875149136,53128.03438161086,0,0
1721289600,64643.8,64924.4,64401.2,64719.6,58789.55432659257,64971.50868427884,53195.804867552346,0,0
1721304000,64719.6,65086.9,63344.7,63506.8,58860.23069497112,65046.40128922493,53262.389445042616,0,0
1721318400,63506.8,63925,63200,63532.5,58932.278267927075,65120.67469704426,53331.963128539646,0,0
1721332800,63532.5,64097.5,63403.3,63966.8,59005.81772633818,65194.370177199446,53404.7114204886,0,0
1721347200,63966.8,64357.2,63281,64303.7,59080.86333219516,65269.706815021105,53478.84313269523,0,0
1721361600,64303.7,64476.4,63579.6,63678.8,59157.22482678778,65345.472173256254,53555.007452213016,0,0
1721376000,63678.8,64180.3,63361.9,64101.9,59234.753048816834,65421.13470802782,53633.370689973,0,0
1721390400,64101.9,65881.7,64012.6,65813.8,59314.53230659168,65503.60207640512,53710.23319673278,0,0
1721404800,65813.8,67368.4,65807,67118,59397.728528135165,65592.10386460448,53788.3364983191,0,0
1721419200,67118,67332.8,66576.2,66631.9,59484.202178400556,65682.08503043414,53871.162999184795,0,0
1721433600,66631.9,66797.4,66202,66566.5,59573.46574047417,65772.2612975665,53958.88403889739,0,0
1721448000,66566.5,66743.7,66400.1,66524.6,59665.358652419905,65861.22535642846,54052.3654677862,0,0
1721462400,66524.6,66725.3,66421,66445,59759.67285835185,65948.70897532153,54151.45429872797,0,0
1721476800,66445,66824.2,66251,66800,59856.31103065754,66036.22505453939,54254.7362033459,0,0
1721491200,66800,67599.9,66633.6,67199.3,59955.54502577353,66126.25491823217,54360.66784339308,0,0
1721505600,67199.3,67410.5,66754,67103.2,60057.137468736415,66216.91422071625,54470.369140371105,0,0
1721520000,67103.2,67398,66927.8,67147.9,60160.96536744493,66307.16248799644,54584.47652013637,0,0
1721534400,67147.9,67210.3,66556,66672,60266.549670275745,66397.60193958452,54701.62932186374,0,1
1721548800,66672,67036.4,66640.1,66851.1,60373.754109858644,66486.7861907538,54822.77598529159,0,0
1721563200,66851.1,67498.9,66562.9,67137.3,60482.61561880382,66577.78995375267,54945.45244942874,0,0
1721577600,67137.3,67772,65738,67395.8,60592.88793489757,66676.31409687856,55064.502560181805,0,0
1721592000,67395.8,68371.7,67247.7,68150,60705.2477551817,66777.87054162279,55184.85502949732,0,0
1721606400,68150,68467.9,67698.5,67849.9,60819.58613405607,66880.41983657092,55307.99696767457,0,0
1721620800,67849.9,67972.8,67110,67212.4,60935.227389735875,66983.8161605716,55432.821685433395,0,0
1721635200,67212.4,67592.8,66925,67498.5,61051.93752981147,67086.81159054616,55559.93775487843,0,0
1721649600,67498.5,67940,66543,67043,61169.428422134944,67193.11089735547,55685.752951765084,0,0
1721664000,67043,68249.8,66784,68186.3,61288.06095004262,67303.37327749777,55810.373716765804,0,0
1721678400,68186.3,68222.6,67132.1,67493.6,61407.57761740927,67415.1868055368,55935.32803988968,0,0
1721692800,67493.6,67719.8,67176,67437.1,61527.687417934765,67525.28615643864,56062.79565004287,0,0
1721707200,67437.1,67494,66230,66559.3,61647.65508671802,67636.93789938668,56188.72609733285,0,0
1721721600,66559.3,67141.7,66403.2,66640.8,61767.350093203546,67747.07644601319,56315.42699228744,0,0
1721736000,66640.8,67347.2,65920.7,66552.2,61886.5669256512,67859.33740075723,56439.50136478001,0,0
1721750400,66552.2,66740.6,65371.6,65504.7,62004.553862211455,67972.55898157695,56560.540860230074,0,0
1721764800,65504.7,66042.9,65453.8,65922.1,62121.19220709454,68082.20604849566,56682.101612305974,0,0
1721779200,65922.1,66163.3,65449.4,66031.7,62236.49772376627,68189.0897247918,56803.5394599512,0,0
1721793600,66031.7,66065,65603,66063.3,62350.4446061689,68291.83576010977,56925.95460814551,0,0
1721808000,66063.3,66611.8,65982,66361,62463.35472109809,68391.83775935121,57048.77673769268,0,0
1721822400,66361,67105.2,66067,66156.4,62575.279996354286,68491.49230555494,57170.102954590766,0,0
1721836800,66156.4,66693.1,65550,65640.6,62685.71763622361,68590.86973326145,57288.95421284973,0,0
1721851200,65640.6,66068.9,64903,65364.6,62794.14988110758,68689.56179825225,57404.7228729203,0,0
1721865600,65364.6,65618,63828.5,64067.9,62899.67744621289,68790.2055494682,57513.5572169868,0,0
1721880000,64067.9,64376,63750,64108.3,63001.91391911898,68885.53400412241,57620.82293264274,0,0
1721894400,64108.3,64463.7,63800,64075.8,63100.928045078406,68975.92185959524,57726.334245379345,0,0
1721908800,64075.8,64997,63378.5,64764,63197.00899613947,69067.30977738177,57825.648037127496,0,0
1721923200,64764,65150,64330,64654.7,63290.49836457087,69155.2260680103,57923.13048469219,0,0
1721937600,64654.7,66205.8,64379.4,65767.6,63382.10799384833,69246.21759176138,58014.59998043003,0,0
1721952000,65767.6,67467,65695,67010.5,63473.008953562654,69340.85955003038,58101.71508924249,0,0
1721966400,67010.5,67153.9,66835.5,66875.9,63563.35848196451,69430.94695919674,58191.63814489147,0,0
1721980800,66875.9,67500,66875.9,67295,63653.34206050683,69518.55165652366,58282.97424104447,0,0
1721995200,67295,68012.8,66857.6,67529,63743.11411522937,69606.88520822958,58373.314435089334,0,0
1722009600,67529,68136.3,67270.4,67958.2,63832.89453080792,69694.5224469371,58464.25631631998,0,0
1722024000,67958.2,68212.6,67370.5,67881.2,63922.6314376625,69781.30509323154,58555.83819270773,0,0
1722038400,67881.2,68058.9,67616,67770,64012.238998106994,69864.9556570088,58649.815247391554,0,0
1722052800,67770,68288.1,67748.3,68024.1,64101.82770243537,69946.25877731659,58745.73403381603,0,0
1722067200,68024.1,68250,67866.6,68203.6,64191.39555483486,70024.44823331606,58844.23750899068,0,0
1722081600,68203.6,69400,68180,68834.6,64281.494644731494,70104.85346631214,58941.86136122899,0,0
1722096000,68834.6,68973.6,67666.4,68231.2,64371.55567798088,70187.33365267508,59037.677665725976,0,0
1722110400,68231.2,69222,66608.3,67902,64461.15131422811,70278.70440517626,59125.16549536398,0,0
1722124800,67902,68315.5,67226.1,67956.8,64550.146762493736,70369.9243560057,59211.680063485444,0,0
1722139200,67956.8,68042.6,67026.9,67524.6,64638.20677365149,70460.21893843311,59297.257911788096,0,0
1722153600,67524.6,67990,67191.7,67825.1,64725.41520574178,70548.44954531442,59383.01125760054,0,0
1722168000,67825.1,68118,67588,67650,64811.83374497358,70633.20762473436,59470.239773099835,0,0
1722182400,67650,68337.9,67621,68127.9,64897.639542327495,70715.8446120014,59558.132145268726,0,0
1722196800,68127.9,68277.8,67804,68240.9,64982.85101531223,70795.07760898546,59647.80417928806,0,0
1722211200,68240.9,69850,68158.1,69360.6,65068.34334163852,70878.70925510857,59734.28903715818,0,0
1722225600,69360.6,69900,69280,69549.3,65154.438598083325,70960.94626146228,59823.058917364724,0,0
1722240000,69549.3,69850,69371,69576.1,65241.05471890781,71041.01240187573,59914.61941388577,0,0
1722254400,69576.1,70136.9,67621.3,68073,65327.18983282771,71129.33649899393,59998.33460438185,0,0
1722268800,68073,68107.6,66360.9,67285.8,65411.52118061551,71220.0729591327,60076.7020502392,0,0
1722283200,67285.8,67530.9,66562.1,66757.7,65493.75957956695,71308.28895806885,60153.35112567933,0,0
1722297600,66757.7,66850.8,65801.4,66577.6,65573.40024550226,71393.97539978083,60227.36226241907,0,0
1722312000,66577.6,66958.9,66278.9,66909.9,65650.76525410287,71475.30263416727,60300.870644918476,0,0
1722326400,66909.9,66950.7,66362.2,66533.9,65725.7792814448,71551.73393112083,60374.19115952834,0,0
1722340800,66533.9,66924.6,65522,66209.5,65798.08822975794,71627.76562819711,60442.879611292745,0,0
1722355200,66209.5,66547.9,65524.1,65902.8,65867.51605179277,71700.90571403259,60508.71502428016,0,0
1722369600,65902.8,66339.4,65265,66170,65934.05067318311,71771.45331792273,60571.4227203516,0,0
1722384000,66170,66416.9,65850,66019.3,65997.91254163698,71836.61584362508,60633.76467141999,0,0
1722398400,66019.3,66533,65477,66196.2,66059.1254768352,71899.41123380298,60693.23773144674,0,0
1722412800,66196.2,66346.8,65901.3,66070.1,66117.7767851676,71956.31466962585,60752.97806849144,0,0
1722427200,66070.1,66821,65940,66355.4,66174.17331366299,72010.33855135503,60811.00716702999,0,0
1722441600,66355.4,66832,64850.1,65220.1,66227.64015304307,72067.3300665584,60861.14632233694,0,0
1722456000,65220.1,65400,64502.4,64615.9,66277.46866327335,72119.91728472547,60908.3179486886,0,0
1722470400,64615.9,64822.5,63713,63910.2,66323.07671134209,72168.83058976683,60950.835263808294,0,0
1722484800,63910.2,64462.1,63513.5,64292.3,66364.53740042825,72213.16004246984,60989.60108908987,0,0
1722499200,64292.3,64666,64274.4,64637.9,66402.41991602891,72250.11107033398,61028.02203877983,0,0
1722513600,64637.9,64938,62616,62868.2,66435.78401935118,72290.66590518436,61055.09394608226,0,0
1722528000,62868.2,63472.7,62217.7,63395.7,66464.33628061395,72327.71534284599,61076.28280919391,0,0
1722542400,63395.7,65634.3,63300.2,65341.1,66489.99051206575,72369.61537868723,61088.05214952889,0,0
1722556800,65341.1,65576.4,63650,64579.4,66512.6896385496,72413.45195139264,61092.76334352326,0,0
1722571200,64579.4,64625,63756.6,64135.2,66532.10902225168,72452.25694102694,61095.70243687212,0,0
1722585600,64135.2,64980,64012,64639.4,66548.74076786294,72487.18862301286,61096.794922216235,0,0
1722600000,64639.4,65490,62410,63374.6,66561.90129687007,72530.52065220289,61084.44644288806,0,0
1722614400,63374.6,63579.5,62482.1,62611.6,66570.8469347548,72568.83445861182,61068.6074080199,0,0
1722628800,62611.6,63154.6,61171.5,61459,66574.75931302273,72606.91141664919,61043.75590573018,0,0
1722643200,61459,61943.3,60465,61850.6,66573.32245125549,72641.10406895002,61012.38849552771,0,0
1722657600,61850.6,61937.2,61345.9,61630,66566.99824953523,72666.07199441509,60979.83741702996,0,0
1722672000,61630,61977.1,61418.8,61880,66556.13247345363,72682.10712154505,60946.482501066814,0,0
1722686400,61880,62154,60789.1,60851.7,66540.41964537284,72694.18284628824,60907.58948270362,0,0
1722700800,60851.7,61255,59873.5,60216.3,66519.22732006626,72701.75446724576,60862.45972581245,0,0
1722715200,60216.3,60843.3,59822,60682,66492.82024064801,72702.6979099722,60813.357284622674,0,0
1722729600,60682,61088,60270.5,60706,66461.71010556258,72696.21910623732,60761.879564887146,0,0
1722744000,60706,60922.2,60226.1,60340.4,66425.93514237546,72681.64827010671,60708.651558661084,0,0
1722758400,60340.4,60974,60076,60870,66385.89272586613,72660.83627632538,60652.849304545336,0,0
1722772800,60870,61056.8,58920.5,59060.1,66340.79253639778,72641.1184529558,60586.90791232288,0,0
1722787200,59060.1,59466,57150,59221.9,66289.75521670785,72622.81496442512,60508.96882534289,0,0
1722801600,59221.9,59559.4,57970.8,58131.6,66233.03876609472,72600.83038589942,60423.76376239102,0,0
1722816000,58131.6,58278.3,52157.6,53855.1,66166.68641136632,72603.5913721059,60300.46596761211,0,0
1722830400,53855.1,54541.1,48914.1,52644.6,66087.94879584845,72625.62387065451,60138.78770695821,0,0
1722844800,52644.6,53212.3,50588,51302.1,65997.0781176898,72642.73460030027,59959.39365496361,0,0
1722859200,51302.1,55039.8,49521.1,54282.8,65896.25876672067,72678.42629212297,59746.98601751699,0,0
1722873600,54282.8,55555,52521.1,53444,65787.13186738352,72713.59831968979,59520.45861227258,0,0
1722888000,53444,55188,53430.7,53988.2,65670.63641235404,72739.35212825617,59288.84930401138,0,0
1722902400,53988.2,56288,53917.3,55639.8,65548.4994058994,72761.64430566932,59050.42162482326,0,0
1722916800,55639.8,56160.1,55221.1,55980.9,65421.699298989166,72770.94611127944,58814.663926761335,0,0
1722931200,55980.9,56094,54581.1,55186.1,65290.030419663155,72771.297859394,58577.876135134225,0,0
1722945600,55186.1,56600,54324.7,56396.1,65154.42267591608,72769.08777689801,58336.56740684907,0,0
1722960000,56396.1,57056.1,56212.6,56739.7,65016.21454681035,72755.26926683272,58100.37123900667,0,0
1722974400,56739.7,56926.8,55682,55989.8,64875.16026989134,72732.6186072632,57866.55974495317,0,0
1722988800,55989.8,57285.6,55518.4,56837.9,64731.93694540249,72705.60821966577,57632.74337852485,0,0
1723003200,56837.9,57237.6,56510,56904,64587.17537403708,72667.5914234916,57405.2771129563,0,0
1723017600,56904,57762.5,56839.9,56941.4,64441.43133137479,72620.76455643495,57183.342772564094,0,0
1723032000,56941.4,57467.8,55664.2,56079.9,64294.06034038181,72570.80701836736,56961.28188303637,0,0
1723046400,56079.9,56285,54637,54735.3,64143.987092535914,72515.57367914663,56738.861342147946,0,0
1723060800,54735.3,55587.1,54517.7,55109.5,63991.34280214849,72451.14269595202,56519.3563724271,0,0
1723075200,55109.5,57674.8,54705,57031.2,63837.96666900044,72392.83885929518,56294.04859164668,0,0
1723089600,57031.2,57405.9,56660,57176,63684.721495378646,72325.63405005555,56076.15896097115,0,0
1723104000,57176,57665,56953,57295.1,63532.00565855354,72250.02352104569,55865.94365360645,0,0
1723118400,57295.1,59494.7,56622,59394.1,63381.22412187467,72182.3779842961,55653.189647773586,0,0
1723132800,59394.1,59885,59181,59378.1,63233.45357221331,72108.86937696066,55450.45547402243,0,0
1723147200,59378.1,62743.1,59255.7,61670.2,63090.45925006487,72049.51496897549,55245.42462358086,0,0
1723161600,61670.2,61733,60745.3,61329.1,62952.201459451884,71987.79927371294,55050.71287876608,0,0
1723176000,61329.1,61362.2,60544.2,60844,62818.242398069706,71922.43913158211,54866.487088448084,0,0
1723190400,60844,61187.5,60129.2,60632.1,62688.245502674064,71854.92732101705,54690.97625896689,0,0
1723204800,60632.1,61111.1,59488,59775.6,62561.62823890275,71788.50440522283,54520.6695741933,0,0
1723219200,59775.6,60728.2,59680,60655.4,62438.58789624706,71719.76481457084,54358.47800891451,0,0
1723233600,60655.4,60974.1,59891,60814.9,62319.28317363186,71649.3180583321,54204.18729056809,0,0
1723248000,60814.9,61459.9,60247.4,60424.7,62203.806061224765,71578.26067682653,54057.10409718232,0,0
1723262400,60424.7,60834.7,60223,60817.9,62092.006690490365,71502.79992917148,53919.80871617558,0,0
1723276800,60817.9,61089.5,60582.2,60898.2,61984.05132604505,71422.79723983064,53792.66518908042,0,0
1723291200,60898.2,60921.6,60365,60490,61879.606384893945,71338.5695592829,53674.83130100342,0,0
1723305600,60490,61237.1,60371.1,60997.9,61778.882657949,71252.66416344377,53564.738768361116,0,0
1723320000,60997.9,61148.6,60723.5,60893.7,61681.85775509148,71162.51202236685,53464.26746323277,0,0
1723334400,60893.7,61370.4,60859.7,61062.3,61588.625857052146,71069.13277286224,53372.80317016012,0,0
1723348800,61062.3,61240.3,60843.9,61225.6,61499.10766424522,70972.0663307203,53290.54709882841,0,0
1723363200,61225.6,61880,60388,60637.1,61413.087542337904,70878.29844348095,53211.87732081836,0,0
1723377600,60637.1,60744.4,59908.3,60099.8,61329.78700617674,70782.92484087944,53139.12617596027,0,0
1723392000,60099.8,60328.7,59508.8,59596,61248.729737231515,70685.55226002575,53071.76324554136,0,0
1723406400,59596,59653.6,58264,58703.4,61168.95994143426,70589.07125188767,53005.96245225045,0,0
1723420800,58703.4,59073.6,58024.1,58489.1,61090.15218134278,70490.9881871537,52943.03271265166,0,0
1723435200,58489.1,58998.9,57555,58657.6,61012.215671241654,70393.94174219212,52880.83560865509,0,0
1723449600,58657.6,59938,58077.5,59812.4,60936.06086586732,70301.5550554427,52818.227291278294,0,0
1723464000,59812.4,60691.5,57736,60179.8,60861.938622283735,70220.97942303611,52750.26926849544,0,0
1723478400,60179.8,60396.1,58396.2,59015.6,60789.56585218102,70145.27936397183,52681.68221730223,0,0
1723492800,59015.6,59749.3,58516.5,59316.1,60718.85969535339,70069.36076000416,52616.148951774616,0,0
1723507200,59316.1,59902.3,58850,59026.1,60649.87880518416,69992.20282375705,52554.53680099044,0,0
1723521600,59026.1,59465.5,58815.6,59218.7,60582.520923191645,69911.29086477424,52498.556327734106,0,0
1723536000,59218.7,59302,58380,58797.4,60516.44189049557,69828.26076648501,52446.3834396899,0,0
1723550400,58797.4,59740,58663.8,59449.4,60452.101585406584,69744.76435593181,52397.575930464875,0,0
1723564800,59449.4,61576.7,59426.5,60785.6,60390.76013829422,69668.91934570338,52348.219899666154,0,0
1723579200,60785.6,61125,60357.4,60558.8,60332.42125560473,69591.92209280327,52304.9363359971,0,0
1723593600,60558.8,61282,60400,60920.7,60277.18411667318,69514.80984278957,52267.120247501996,0,0
1723608000,60920.7,61132.7,60611.7,60884.4,60224.96962965686,69435.4469222813,52236.24427668513,0,0
1723622400,60884.4,61454.8,60587.2,61255.6,60175.903637720774,69356.3855271262,52210.61263638055,0,0
1723636800,61255.6,61950.3,58769,59398.7,60128.87540550158,69290.94045655365,52178.27372103989,0,0
1723651200,59398.7,59446,58519.9,58868.2,60082.77165058612,69223.46661655842,52149.07062098748,0,0
1723665600,58868.2,59180.7,58399.1,58647.7,60037.39706681696,69152.9968955768,52123.396069175906,0,0
1723680000,58647.7,59057.3,57905.3,58412.8,59992.482991613484,69081.8096639174,52099.06968286765,0,0
1723694400,58412.8,58612,57690,58031.7,59947.70849841442,69008.17950676703,52076.83755602426,0,0
1723708800,58031.7,58881.6,57936.2,58726.5,59903.51204040313,68932.8782367622,52056.8826743259,0,0
1723723200,58726.5,59749.9,58446.5,59655.8,59860.66606621844,68859.11285340891,52038.12819255516,0,0
1723737600,59655.8,59833.7,56612.2,57026,59817.711895948,68797.60945007711,52009.9271627036,0,0
1723752000,57026,57859.5,56052.1,57515.9,59774.01322309512,68738.30605024825,51978.77082078379,0,0
1723766400,57515.9,58544.6,57071.7,57871.1,59730.336201289705,68679.63054899858,51947.179013634355,0,0
1723780800,57871.1,58620,57747.8,58432.8,59687.15785612897,68618.22146933782,51918.52450641546,0,0
1723795200,58432.8,58669.5,58104.2,58375.2,59644.61312131716,68552.4307918973,51894.29219790822,0,0
1723809600,58375.2,58894,57472.7,58034.5,59602.46941964454,68487.70380067927,51869.95860247294,0,0
1723824000,58034.5,59800.1,57962.7,59653.9,59561.736076589244,68427.69604991956,51844.510472327136,0,0
1723838400,59653.9,59688.4,58671.2,58850,59522.32245655503,68366.99269064808,51821.89140091794,0,0
1723852800,58850,59370.3,58765,59127.3,59484.22504906904,68303.14358557487,51803.95577628394,0,0
1723867200,59127.3,59240,59017.7,59223.7,59447.49285543295,68234.04622875099,51792.39107335348,0,0
1723881600,59223.7,59458,59034.9,59106.3,59412.13861914855,68161.30333099695,51786.0140989369,0,0
1723896000,59106.3,59666,59068,59369.4,59378.297632478854,68086.42336087831,51783.92483687312,0,0
1723910400,59369.4,59698.8,59222.5,59447.5,59346.02045975646,68008.92129099308,51786.590311295964,0,0
1723924800,59447.5,59476.3,59101.2,59475.1,59315.16702804426,67928.26374634016,51794.184710842805,0,0
1723939200,59475.1,60288.5,59262,59306.7,59285.96183690103,67848.95385570622,51803.67671403503,0,0
1723953600,59306.7,59666,59222,59549.7,59258.22542194951,67767.30078587284,51817.576315369755,0,0
1723968000,59549.7,60174.9,59402.7,59987.8,59232.27951771481,67685.90190733399,51834.47125618553,0,0
1723982400,59987.8,60249.8,59633,59830,59208.11649318648,67603.92228815892,51854.99509522926,0,0
1723996800,59830,59921.3,59324.7,59684.9,59185.43142272258,67521.08491974552,51878.83602369994,0,0
1724011200,59684.9,59844,58400,58406.4,59163.448177277576,67441.93596590836,51901.14355546977,0,0
1724025600,58406.4,58740,58140.7,58703.2,59141.811371833624,67360.82955221261,51925.635055167724,0,0
1724040000,58703.2,58724,58322.2,58469.1,59120.504510977604,67276.68213095289,51953.12763535383,0,0
1724054400,58469.1,58636.8,57753.1,58358.1,59099.283869960535,67192.46024635089,51980.91186327503,0,0
1724068800,58358.1,58946.6,58020,58511.7,59078.40425036449,67108.76248889892,52008.97348311021,0,0
1724083200,58511.7,59272,58339,58927.9,59058.214475194814,67026.04747512992,52037.570890515206,0,0
1724097600,58927.9,59600,58874,59403.9,59039.13428794043,66943.535250083,52068.05055108202,0,0
1724112000,59403.9,60897,59326.1,60595.4,59022.06726156959,66867.37495655387,52097.221194830316,0,0
1724126400,60595.4,61455.8,60553.3,60907.1,59007.59790393551,66793.99625937142,52128.885908724355,0,0
1724140800,60907.1,60950,60357.5,60488.3,58995.275733941344,66721.13561461508,52164.01859565153,0,0
1724155200,60488.3,60930,58666,58804.4,58983.944701661094,66657.75288103873,52193.56462222222,0,0
1724169600,58804.4,59575.5,58400,59483.1,58973.27090473868,66596.67645974846,52222.52619927265,0,0
1724184000,59483.1,59743,58804.5,58978,58963.25727849051,66536.412876095,52252.076097997015,0,0
1724198400,58978,59484.8,58728.4,59290,58953.87740171651,66475.88614042487,52283.01362323754,0,0
1724212800,59290,59710,59163.3,59674,58945.44626716023,66414.25302191703,52316.5657601848,0,0
1724227200,59674,59989.7,59050.4,59324,58937.87204193901,66353.92209908403,52350.67726132089,0,0
1724241600,59324,60201.1,58805,59484.1,58931.16472651458,66297.6922996836,52383.1532525329,0,0
1724256000,59484.1,61621.4,59335.7,61539.2,58926.55538847706,66251.9844834788,52411.09314721206,0,0
1724270400,61539.2,61835,60861.7,61120.6,58924.36707948495,66208.97700245606,52441.24275759602,0,0
1724284800,61120.6,61198.3,59623.9,60523.6,58923.72650865042,66171.37306298049,52469.90329733148,0,0
1724299200,60523.6,61200,60426.8,60953.8,58924.95296637336,66134.62733291947,52501.24211951217,0,0
1724313600,60953.8,61386.2,60771.6,61300.6,58928.23706429384,66098.09596056219,52536.114286522316,0,0
1724328000,61300.6,61373.4,60066.5,60375,58932.974635929335,66065.32468147369,52570.62636389389,0,0
1724342400,60375,60571.5,60100,60284,58938.828740053505,66030.98146269357,52608.41890123941,0,0
1724356800,60284,60703.4,60262.4,60355.3,58945.860389603324,65995.11277140348,52649.572235842905,0,0
1724371200,60355.3,60928.8,60316.1,60568.3,58954.16629773533,65958.9991578752,52693.24532262953,0,0
1724385600,60568.3,61333,60557.9,61043.8,58964.033642104056,65924.00918427369,52738.862614207734,0,0
1724400000,61043.8,61311.4,60661.1,60712.1,58975.307979501726,65889.30796308002,52786.818662991085,0,0
1724414400,60712.1,62319.7,60712.1,61504,58988.49223208312,65861.06554175453,52833.0689337012,0,0
1724428800,61504,63799.8,61311.6,63580.3,59004.76047358632,65845.29347230644,52874.87647100531,0,0
1724443200,63580.3,65041.9,63445.8,64005,59025.1019021457,65837.40864407575,52917.67592788119,0,0
1724457600,64005,64161.8,63596.8,63800.2,59049.04698134347,65831.06996342866,52965.7189430756,0,0
1724472000,63800.2,64333,63789.7,64288.1,59076.67365763915,65826.3684629354,53019.07809810785,0,0
1724486400,64288.1,64485,63818.1,63888.1,59107.735590223216,65823.8459673145,53076.8805022208,0,0
1724500800,63888.1,64224.9,63833.4,63946.3,59142.003907313556,65821.82492076435,53140.073681993475,0,0
1724515200,63946.3,64422.5,63818,64186.3,59179.43781113199,65821.60384534273,53207.5436488994,0,0
1724529600,64186.3,64313.2,63520,64130.3,59219.73252071929,65824.01273343193,53278.07549545441,0,0
1724544000,64130.3,64800,63965,64075.2,59262.99218787985,65829.42387320384,53351.55674194387,0,0
1724558400,64075.2,64176,63750,63839.5,59308.733762541655,65835.10173088674,53429.33796767858,0,0
1724572800,63839.5,64008,63759.7,63871.7,59356.77447674924,65840.00045843249,53511.94793062051,0,0
1724587200,63871.7,64274.2,63793.2,64110.3,59407.13581493791,65845.617539335,53598.21834196015,0,0
1724601600,64110.3,64224.7,63963.2,64156.8,59459.7255495343,65850.75016721847,53688.97018558109,0,0
1724616000,64156.8,64992.6,64102.9,64180.9,59514.68121938528,65859.17606157306,53781.37857864433,0,0
1724630400,64180.9,64447.6,63729.4,64085,59571.55268595959,65869.49294540094,53875.773605204864,0,0
1724644800,64085,64188.2,63539,63595.5,59629.92734064925,65880.92742754203,53972.042797391,0,0
1724659200,63595.5,64029.9,63177,63821.2,59689.60124986501,65894.47814151259,54068.99937376303,0,0
1724673600,63821.2,63935,63034.8,63504.2,59750.29893996242,65910.13098157103,54166.15276357288,0,0
1724688000,63504.2,63870.7,63150,63312.2,59811.88000808319,65926.7246261343,54264.20029796512,0,0
1724702400,63312.2,63539.9,62777,62812,59873.88501934699,65944.05980796786,54362.472036895,0,0
1724716800,62812,63203.2,62620,62941,59936.12786306976,65960.9638219643,54461.59690623012,0,0
1724731200,62941,63187.2,62700.7,62878.3,59998.54203542554,65976.89001004792,54561.90865966086,0,0
1724745600,62878.3,62977,62200,62393.8,60060.694648900506,65993.1317106185,54661.55262227148,0,0
1724760000,62393.8,62472.3,61410,61695.3,60121.91887582738,66010.66910996239,54758.4985586223,0,0
1724774400,61695.3,62200,61489.8,62082.5,60182.256660428066,66027.47436407796,54854.49885255832,0,0
1724788800,62082.5,62082.6,57869.5,59366.7,60239.63221063071,66062.30009356498,54930.1687003407,0,0
1724803200,59366.7,59637.6,58868.8,59601.6,60293.7186423111,66093.45019650733,55002.91627853738,0,0
1724817600,59601.6,59637.6,58445.9,58561.9,60344.119844950525,66123.10059971442,55070.20643066273,0,0
1724832000,58561.9,60244.9,58503.4,59906.2,60391.59944315457,66155.28005046723,55130.07095609247,0,0
1724846400,59906.2,60133.6,58255,58962,60435.806144013965,66190.24450966385,55181.646348859904,0,0
1724860800,58962,59799,57800,58872.3,60476.543785848335,66228.33599318593,55224.2826795155,0,0
1724875200,58872.3,59597.4,58547.1,59013.1,60514.14492732519,66263.82613617323,55263.360868416,0,0
1724889600,59013.1,59310.6,58833.3,59119.2,60548.739722060236,66293.35235966896,55301.923216062605,0,0
1724904000,59119.2,59745.3,59036.7,59550,60580.772853183036,66318.90369781411,55339.124063504736,0,0
1724918400,59550,60450,59333,60033,60610.80636952925,66343.56470749862,55373.41662241648,0,0
1724932800,60033,61148.7,59953.6,60747,60639.554106360025,66368.45991947685,55405.165747096784,0,0
1724947200,60747,60926.4,58868,59231.5,60666.126660447255,66397.80412656904,55429.226499204786,0,0
1724961600,59231.5,59614.4,58618.2,59315.8,60690.10515794326,66424.56044595683,55450.707379222236,0,0
1724976000,59315.8,59446.7,58858,59003.3,60711.497224587234,66446.24782603573,55471.69352438314,0,0
1724990400,59003.3,59566,58643,59246.3,60730.440981236876,66465.14949221663,55490.531352937054,0,0
1725004800,59246.3,59649.9,59240.8,59364.9,60747.28644144371,66478.5160309148,55510.15621772792,0,0
1725019200,59364.9,59922,57910,58055.9,60761.32278030112,66495.5157667203,55521.613802711225,0,0
1725033600,58055.9,59390.8,57665.7,58666.6,60772.6018024364,66514.23549641475,55526.59670931003,0,0
1725048000,58666.6,59293.9,58661.1,59100.9,60781.67437956332,66528.3270512528,55531.41201847935,0,0
1725062400,59100.9,59437.7,59030.6,59205.4,60788.83113622633,66536.81176861543,55537.40692835025,0,0
1725076800,59205.4,59327.9,59034.6,59064,60794.06610183273,66539.1442364141,55545.02564779584,0,0
1725091200,59064,59150,58801.7,59094.5,60797.331355288276,66535.79274642457,55553.790634340156,0,0
1725105600,59094.5,59230,58855.7,58992.1,60798.7195175799,66527.17576782519,55563.52351222306,0,0
1725120000,58992.1,59119,58705.9,58838,60798.17302979359,66513.62366687969,55573.84547673266,0,0
1725134400,58838,59144,58758.3,58944.4,60795.83756495586,66495.26500193476,55584.91819104645,0,0
1725148800,58944.4,59053.1,58227.6,58504.3,60791.43996756867,66474.65146943823,55594.11131368714,0,0
1725163200,58504.3,58571.7,57719.8,58457.7,60784.727778541484,66451.73026255815,55601.00717487558,0,0
1725177600,58457.7,58489.8,57800,58204,60775.723019487494,66425.53162192386,55606.45761278866,0,0
1725192000,58204,58354.2,56913.4,58190,60764.18569065182,66400.5607699881,55606.25120980703,0,0
1725206400,58190,58790.8,57831.2,58481.5,60750.79226327986,66374.3272179385,55603.70877279096,0,0
1725220800,58481.5,58643.3,57161.9,57266.1,60734.95324237402,66349.43943150208,55595.564588929774,0,0
1725235200,57266.1,57749.9,57072.2,57721.3,60716.6131556205,66320.72555661443,55586.04918974078,0,0
1725249600,57721.3,57970.2,57322.1,57517.3,60695.991113627446,66288.28224698687,55575.483515157735,0,0
1725264000,57517.3,58646.9,57476.7,58394.4,60673.78485658078,66256.12976832314,55561.77491343109,0,0
1725278400,58394.4,58800,58062.9,58516,60650.37476199317,66221.90218892384,55547.60339375259,0,0
1725292800,58516,58646.3,58271.2,58417.9,60625.82294205285,66183.49312823811,55534.850665549755,0,0
1725307200,58417.9,59423.1,58355.1,59116.7,60600.72244922116,66145.88496219202,55520.42373409401,0,0
1725321600,59116.7,59805,59000.9,59089.4,60575.452198817766,66107.79495366322,55506.092914810266,0,0
1725336000,59089.4,59234.6,58823.4,59074.7,60549.793524065266,66066.66203700184,55493.608769784245,0,0
1725350400,59074.7,59169.5,58680.1,59042.8,60523.70969934525,66023.05620281663,55482.42760101652,0,0
1725364800,59042.8,59331.9,57540,57700.4,60496.474399013336,65984.26745031874,55465.091242636765,0,0
1725379200,57700.4,58224,57550,58014.4,60467.903274286786,65943.04889992681,55447.35021180619,0,0
1725393600,58014.4,58221.5,57356.7,57450.2,60437.828656122336,65900.45581467569,55428.01013302487,0,0
1725408000,57450.2,57923.7,55501,56636.6,60405.33914942177,65865.37632176589,55397.92226998757,0,0
1725422400,56636.6,56863,56130,56714.9,60370.45430513168,65826.78767558339,55366.392341211744,0,0
1725436800,56714.9,56879.7,56424,56540,60333.36330569553,65783.18398679179,55335.034079650584,0,0
1725451200,56540,58130,56130,58098.7,60295.05820090282,65745.3520457633,55296.594060667645,0,0
1725465600,58098.7,58499.8,57594.2,58020.9,60256.22163028247,65706.81757713426,55257.770487749665,0,0
1725480000,58020.9,58378,57716.6,57937.8,60216.88869229945,65666.12701160586,55219.85000181156,0,0
1725494400,57937.8,58300,56886,57094.1,60176.53312887806,65627.44506540721,55178.36532874158,0,0
1725508800,57094.1,57269.8,56491,57125.1,60134.76980500167,65586.35435334539,55136.324852245554,0,0
1725523200,57125.1,57202.4,56588,56665.9,60091.55826011657,65541.82036076488,55094.52368354762,0,0
1725537600,56665.9,57319.3,55761.7,55950.1,60046.52080833301,65499.44359321902,55047.561679727696,0,0
1725552000,55950.1,56684.2,55729.6,56018.6,59999.58015746009,65455.20559296622,54998.6756050817,0,0
1725566400,56018.6,56244,55509.8,56150.5,59950.68845718372,65407.67734460887,54948.978352409555,0,0
1725580800,56150.5,56844.7,55948,56558,59900.47993462676,65358.57247037332,54898.19255194219,0,0
1725595200,56558,56722.9,55205,55763.9,59848.49658220972,65311.353825153616,54842.57075331487,0,0
1725609600,55763.9,56247,55592.4,55977.3,59794.915063329005,65260.590172390555,54786.998676934556,0,0
1725624000,55977.3,56997.6,53767,54020,59738.8113317777,65221.78894794979,54716.76930207712,0,0
1725638400,54020,54420.1,53234.2,53511.5,59679.07903124163,65180.25399898511,54642.199983949744,0,0
1725652800,53511.5,53943.4,52500.2,53934,59615.664395660875,65137.63282620794,54561.81453229161,0,0
1725667200,53934,54069,53733,53797,59549.238940451236,65087.14541128634,54482.522408672805,0,0
1725681600,53797,54384.2,53788.7,54260,59480.30601663847,65031.20366410063,54403.21883179289,0,0
1725696000,54260,54478.7,54141,54308.1,59409.227429262835,64968.62191508134,54325.55285465541,0,0
1725710400,54308.1,54812,54308.1,54750.5,59336.50661763614,64901.19021578562,54248.94375401493,0,0
1725724800,54750.5,54827.5,53970.3,54380,59262.05249141621,64831.2224594521,54171.28865172798,0,0
1725739200,54380,54417.8,53782.5,54139.5,59185.72847060491,64757.18030158896,54093.62233318581,0,0
1725753600,54139.5,54488,53942.1,54366.1,59107.860937258156,64678.91936607487,54016.660433117424,0,0
1725768000,54366.1,54565.5,54233.7,54414.5,59028.74844762635,64595.49082045475,53941.739570926606,0,0
1725782400,54414.5,54699.8,54325.6,54534.3,58948.65146009038,64507.62230643302,53868.72720957005,0,0
1725796800,54534.3,54549.5,53630.1,53670,58867.10150231105,64418.489278620116,53794.11529344113,0,0
1725811200,53670,54519.9,53607.5,54315.8,58784.458959201125,64328.428379406636,53718.281359913366,0,0
1725825600,54315.8,55300,54159.9,54850,58701.50808580366,64239.65817498915,53640.80615374872,0,0
1725840000,54850,55375.8,54663.2,55093.7,58618.631469904765,64149.785324843695,53564.38744111856,0,0
1725854400,55093.7,55129.5,54560.3,54946,58535.74053406,64057.8770601245,53489.64213495176,0,0
1725868800,54946,55532.5,54930.6,55239.9,58453.28577918323,63964.70332849656,53416.75081076583,0,0
1725883200,55239.9,55810,54760,55364.9,58371.41007257926,63873.301597978854,53343.43815991223,0,0
1725897600,55364.9,57164.5,55320.6,57069,58291.3841252716,63789.766620928676,53266.93673974282,0,0
1725912000,57069,58150.2,56782.8,57014.5,58213.99008644317,63711.577778657345,53190.78195736876,0,0
1725926400,57014.5,57044.4,56490.5,56495.5,58138.55363743722,63633.04594780277,53118.49163759664,0,0
1725940800,56495.5,57278,56350,57191.4,58065.31909065693,63556.81089020044,53048.30802358049,0,0
1725955200,57191.4,57346,56861.5,57196,57994.44869400098,63480.358049648974,52982.62616431022,0,0
1725969600,57196,57497.1,56485.1,56548.9,57925.61836900426,63406.64144397891,52918.38815333042,0,0
1725984000,56548.9,58039.7,56521.4,57929.8,57859.44076786543,63339.302494102,52853.6746403524,0,0
1725998400,57929.8,57955.3,57409.8,57620.3,57796.01885587134,63272.45556332466,52793.58554758634,0,0
1726012800,57620.3,57732.3,56644,56783.5,57734.69723373771,63208.769166100195,52734.69660375947,0,0
1726027200,56783.5,56783.5,56037.8,56687,57674.900514840534,63145.586442802065,52678.17335752889,0,0
1726041600,56687,56866.1,56293.6,56778.6,57616.75925582542,63082.044738640616,52624.97372901868,0,0
1726056000,56778.6,57148.9,55530.1,56673.2,57560.06347327308,63024.356617723184,52569.53160415964,0,0
1726070400,56673.2,57977.4,56619.4,57551.3,57505.7123797674,62971.59234390106,52514.26608755297,0,0
1726084800,57551.3,57649.9,57182.5,57310.4,57453.6507415986,62918.28446696713,52463.63615127836,0,0
1726099200,57310.4,58466,57298.5,58210,57404.41193007766,62869.24192948968,52414.6054239657,0,0
1726113600,58210,58404.7,57801.2,58105.1,57358.02269533285,62821.11341818738,52370.016838412885,0,0
1726128000,58105.1,58326.3,57868,58035,57314.37307621541,62773.02912989537,52330.394225872544,0,0
1726142400,58035,58580.9,57306.6,57474.9,57273.10585590247,62729.51548064676,52291.31182104245,0,0
1726156800,57474.9,58446,57456.6,58384.3,57234.44754425706,62689.062815624966,52254.441820748354,0,0
1726171200,58384.3,58392.1,57645.6,58104.8,57198.27239949318,62650.097857577886,52220.86600605205,0,0
1726185600,58104.8,58232.1,57800,57821.9,57164.4124265519,62610.65778754989,52191.913701994614,0,0
1726200000,57821.9,58118.2,57700.7,58085,57132.81246107855,62570.73994863128,52167.486949851474,0,0
1726214400,58085,58335.7,57774,57842,57103.41711133544,62531.255686210454,52146.725825469664,0,0
1726228800,57842,59697.7,57579,59636.5,57077.08642845251,62502.18207010724,52122.880950089806,0,0
1726243200,59636.5,59971.2,59283,59699.8,57054.34077839007,62475.46698869137,52103.61696449399,0,0
1726257600,59699.8,60624.2,59584.6,60466.3,57035.56957439205,62453.55121879468,52087.60964254578,0,0
1726272000,60466.3,60584.2,60251.3,60291.8,57020.75231461492,62432.41547038437,52078.173974655685,0,0
1726286400,60291.8,60322.4,59851.2,60109.2,57009.47151400964,62412.55101728603,52074.1387642771,0,0
1726300800,60109.2,60126.7,59560,59670.1,57001.29912058528,62394.15975233211,52074.554963663766,0,0
1726315200,59670.1,59991.8,59596.3,59845.5,56996.13026402406,62376.257384586694,52080.05419504899,0,0
1726329600,59845.5,59963.7,59357.7,59783,56993.737619974236,62359.92357210281,52089.32182443552,0,0
1726344000,59783,60135.9,59750.8,59968,56994.232507848916,62344.09841496115,52103.44879057895,0,0
1726358400,59968,60250.3,59959.6,60131.8,56997.6378119163,62328.40258777741,52122.79765333608,0,0
1726372800,60131.8,60197.3,60018.9,60161.6,57003.835286892725,62312.228340293725,52147.66545772802,0,0
1726387200,60161.6,60175.6,59832,59975.3,57012.57789385368,62296.409669681314,52176.908032705905,0,0
1726401600,59975.3,60392.8,59845.6,60312.9,57023.921323957074,62282.27233854383,52209.52096104708,0,0
1726416000,60312.9,60330,59677.6,59853.1,57037.53218698796,62270.12166713362,52244.639818951575,0,0
1726430400,59853.1,59919.1,58652.1,59101.2,57052.62634668911,62262.67991814958,52278.5427375427,0,0
1726444800,59101.2,59182,58065,58547,57068.54056806328,62258.32934627605,52311.36711771547,0,0
1726459200,58547,58942.2,58282.3,58881.9,57085.322528625664,62254.42251141879,52345.422489454395,0,0
1726473600,58881.9,59159,58474.9,58633.6,57102.96965709878,62251.12404686775,52380.56651321805,0,0
1726488000,58633.6,58760,57529.8,57867.2,57120.764152033604,62250.892644814245,52413.41222090974,0,0
1726502400,57867.2,58250,57450,57922.2,57138.513165307464,62250.94406907107,52445.94657262573,0,0
1726516800,57922.2,58399,57569.5,58185,57156.370301145645,62251.61001293207,52478.17149344463,0,0
1726531200,58185,58314.9,57568,58037.8,57174.24012851935,62252.306580806646,52510.40345035894,0,0
1726545600,58037.8,58772.3,57985.1,58665.9,57192.58000093532,62253.748529182754,52542.87949632528,0,0
1726560000,58665.9,59280,58605,59059,57211.82913391216,62255.73679253183,52576.57464975357,0,0
1726574400,59059,61330,58838.5,61107,57233.26666995086,62269.803442663215,52604.09753388507,0,0
1726588800,61107,61237.5,59531.2,59945.5,57256.60810039777,62290.7820884085,52629.282555959224,0,0
1726603200,59945.5,60431.3,59688,60275.1,57281.65284237104,62312.90232564604,52656.63498076995,0,0
1726617600,60275.1,60747,59835,60490.1,57308.51271880566,62337.247209690795,52685.44533244878,0,0
1726632000,60490.1,60660,60166.2,60406,57337.134797105995,62361.4087154163,52717.65174106454,0,0
1726646400,60406,60406.1,59353.1,59825.9,57366.912412152735,62387.99590753898,52749.93357024829,0,0
1726660800,59825.9,60146,59266.1,59405.7,57397.53173064561,62415.66217849776,52782.851832106644,0,0
1726675200,59405.7,61349,59126.2,60039.8,57429.45224401314,62452.38819821874,52810.50221137028,0,0
1726689600,60039.8,61776.9,59447.4,61743.7,57463.338067869794,62499.093115684365,52833.330169932284,0,0
1726704000,61743.7,62578.2,61523.6,62085.8,57500.043399050024,62549.124255782495,52858.53367622461,0,0
1726718400,62085.8,62150,61782.2,62067.7,57539.36038368989,62598.49429446009,52889.09950118628,0,0
1726732800,62067.7,62723.9,61854.5,62608,57581.49722842946,62650.285642239425,52922.80456630833,0,0
1726747200,62608,63499.3,62536,63121.4,57626.88034563974,62705.434742289646,52959.64140937588,0,0
1726761600,63121.4,63856,62900.2,63217.9,57675.573707230615,62763.94447616349,52999.72508454308,0,0
1726776000,63217.9,63218,62620,62922.8,57727.03912461929,62823.34106817622,53044.15507731395,0,0
1726790400,62922.8,63732.3,62562.5,63730,57781.48764787825,62887.004971350776,53090.46465677461,0,0
1726804800,63730,64131.7,63360,63488.2,57839.027137123994,62952.824429503606,53140.63491964827,0,0
1726819200,63488.2,63686,63076.1,63426.6,57899.246841887085,63019.55300232497,53194.96291467022,0,0
1726833600,63426.6,63537.7,62550,63127,57961.695416013776,63088.8409789445,53251.22610225132,0,0
1726848000,63127,63260,62310,62765.3,58025.96438692526,63160.054394939114,53309.209044989526,0,0
1726862400,62765.3,63289.3,62656.7,63173.8,58092.15433953038,63231.56570044237,53370.47024575273,0,0
1726876800,63173.8,63280,62733.1,62860.9,58160.05418862263,63302.7503700118,53435.14908044097,0,0
1726891200,62860.9,63098,62712.8,63043.9,58229.52723788605,63372.673963839225,53503.78373307165,0,0
1726905600,63043.9,63117.8,62935.6,63055.6,58300.52248106492,63440.29668749771,53577.15992893511,0,0
1726920000,63055.6,63287.9,62984.3,63141.2,58373.00462800602,63506.406041126276,53654.550488884546,0,0
1726934400,63141.2,63391.2,63052,63175.3,58446.90903480564,63571.25988132405,53735.62175895163,0,0
1726948800,63175.3,63544,63014.5,63311.5,58522.186308419965,63635.963352065286,53819.351667067436,0,0
1726963200,63311.5,63421.1,62801,63081.6,58598.54408019356,63700.781069124445,53904.98060914254,0,0
1726977600,63081.6,63186.5,62757.7,62903.2,58675.73298820629,63764.46028836542,53993.111933097745,0,0
1726992000,62903.2,62998.8,62525,62747.1,58753.47616956533,63827.05518145372,54083.1932821291,0,0
1727006400,62747.1,62910.1,62434.1,62628.1,58831.59053001199,63888.46982832827,54174.971690374,0,0
1727020800,62628.1,63298.4,62451.1,63140.1,58910.266876548456,63951.02885058822,54266.828944601744,0,0
1727035200,63140.1,64000,62350,63549.9,58989.71489844829,64019.332587444806,54355.24431697454,0,0
1727049600,63549.9,64774.2,62537.1,64330.9,59070.35234082967,64096.77895420231,54438.09474674071,0,0
1727064000,64330.9,64440,63352.9,63515.1,59151.9590319473,64176.53221059161,54520.77475665954,0,0
1727078400,63515.1,63699.7,63230,63396.4,59234.128140339795,64254.76916328749,54605.782298116326,0,0
1727092800,63396.4,63793.3,63035.6,63592.4,59316.79127777962,64333.09112760462,54691.63172204439,0,0
1727107200,63592.4,63849.7,63070,63272.1,59399.784555342085,64411.46564603359,54778.0487500571,0,0
1727121600,63272.1,63510.4,63060,63305.9,59482.92408257638,64487.91327712313,54866.378482566215,0,0
1727136000,63305.9,63383.5,62634,63100,59565.89817836542,64563.8590691423,54954.83505711289,0,0
1727150400,63100,63548.1,62907,63528,59648.900763256344,64638.9248663276,55044.09873188145,0,0
1727164800,63528,63935,63335.4,63448.1,59732.077898553594,64713.06745739001,55134.47701158896,0,0
1727179200,63448.1,63749.6,62666,63123.4,59814.98878076499,64788.57187776483,55223.20957457219,0,0
1727193600,63123.4,64349,63056.7,64266.6,59898.21553473717,64867.11705159287,55309.93802903606,0,0
1727208000,64266.6,64749.9,63938.6,64248.6,59982.05072342779,64946.22609497004,55397.31290509135,0,0
1727222400,64248.6,64876.5,63957.8,64445.9,60066.49705913766,65026.49652218517,55484.829445247036,0,0
1727236800,64445.9,64451.9,63557.4,63803.5,60151.01111685932,65107.2287523224,55572.08020855093,0,0
1727251200,63803.5,63906.6,63377.4,63813.2,60235.295998808564,65186.10062312726,55660.49893122167,0,0
1727265600,63813.2,63992.4,63245.7,63466.7,60319.16434588825,65264.19186117279,55748.81851177641,0,0
1727280000,63466.7,63650,62957.6,63172.4,60402.27279986626,65340.87310117538,55836.942272567125,0,0
1727294400,63172.4,63550,62900,63130.1,60484.514130565214,65415.831550450195,55924.93992511765,0,0
1727308800,63130.1,63535.5,62650,63486.1,60565.87586468121,65490.42701916168,56011.62622107652,0,0
1727323200,63486.1,63848,63312.2,63828.3,60646.723653154106,65563.05587125046,56099.04909076795,0,0
1727337600,63828.3,64497.2,63552.8,64375,60727.443320742685,65636.44870660332,56185.58659013805,0,0
1727352000,64375,65600,64131,65197.8,60808.72509573156,65714.13236789772,56269.49507705337,0,0
1727366400,65197.8,65850,64650.2,64668.6,60890.544866155076,65794.42682089139,56352.16587858426,0,0
1727380800,64668.6,65239.1,64588,65145.8,60972.74758876707,65874.11410393503,56436.0674764873,0,0
1727395200,65145.8,65421.1,64789,65327.5,61055.41358137672,65953.21495700009,56521.33152301027,0,0
1727409600,65327.5,65535,65063,65450,61138.60298228178,66030.96097139505,56608.728990698226,0,0
1727424000,65450,65980,65311,65417.5,61222.41802568215,66108.60844265224,56697.37356766234,0,0
1727438400,65417.5,66520,65284,65953.6,61307.07238260604,66189.49404835419,56784.79913111761,0,0
1727452800,65953.6,66343.3,65483.6,65608.9,61392.35929568952,66271.26363153155,56872.6409209097,0,0
1727467200,65608.9,65945.9,65581.8,65746.5,61478.127554806946,66351.06215519756,56963.06954068924,0,0
1727481600,65746.5,66319.9,65688.3,66049.8,61564.51574073964,66430.59760475006,57054.8773464709,0,0
1727496000,66049.8,66070.4,65710,65788.8,61651.273748956795,66508.17505313197,57149.058019294134,0,0
1727510400,65788.8,65788.9,65423.7,65766.9,61738.12992394808,66583.64446783453,57245.23968266132,0,0
1727524800,65766.9,65785,65394.5,65596.3,61824.939620986195,66657.0940684829,57343.08122120608,0,0
1727539200,65596.3,65798.7,65466.1,65698.4,61911.68256323898,66728.27926919959,57442.758599359404,0,0
1727553600,65698.4,65968.4,65310,65823,61998.32441354624,66799.06313805963,57542.60687972543,0,0
1727568000,65823,65970,65624.5,65790,62084.87630937067,66867.76153894178,57644.099004347445,0,0
1727582400,65790,65790.1,65370.5,65439.6,62171.024073468005,66934.5533271485,57746.50075652341,0,0
1727596800,65439.6,65733,65404,65682,62256.77204827995,66999.02600854078,57850.17927540329,0,0
1727611200,65682,65843.8,65556.4,65731,62342.15328811689,67061.08363249658,57955.282946184234,0,0
1727625600,65731,65952.7,65633,65935.9,62427.22370054327,67121.07120512034,58061.62191673091,0,0
1727640000,65935.9,66174.5,65496.4,65571.7,62511.83273882124,67180.90176427615,58167.26375715787,0,0
1727654400,65571.7,65604.8,64170,64535.8,62595.01659283305,67243.84785853248,58267.5772882601,0,0
1727668800,64535.8,64689,64300,64543.8,62676.51315906705,67303.61256870661,58367.525186979685,0,0
1727683200,64543.8,64556.9,63225.1,63793.8,62755.69930469565,67365.00390068382,58461.77639991795,0,0
1727697600,63793.8,64174.9,63436,63535.7,62832.4585375838,67424.3755829058,58553.272636878646,0,0
1727712000,63535.7,63730.5,63018.4,63462.7,62906.51967023026,67481.31012842094,58641.8700154194,0,0
1727726400,63462.7,63872.9,62800,63276.8,62977.839036104735,67537.8469291715,58725.712914967095,0,0
1727740800,63276.8,63721.1,62929.9,63686.3,63046.585286106056,67592.45826957934,58806.44110301837,0,0
1727755200,63686.3,64096.6,63609.6,64018,63113.241104078974,67643.86667612527,58886.06607504141,0,0
1727769600,64018,64086.9,63684,63704.7,63177.750334044395,67691.58840923072,58964.90584828053,0,0
1727784000,63704.7,63780,61750,62602.6,63239.065143033666,67744.11458371599,59033.60586730821,0,0
1727798400,62602.6,62776.6,61021.4,61740.8,63296.4104085565,67798.82791912592,59092.991627930656,0,0
1727812800,61740.8,61754.9,60118.9,60790,63348.94007299253,67854.01115394036,59142.97681336934,0,0
1727827200,60790,61859.8,60710,61726.7,63397.347533852975,67907.20824259687,59186.99617232907,0,0
1727841600,61726.7,61921.7,61327,61704,63441.975309594134,67955.33740592469,59228.375353960684,0,0
1727856000,61704,61885.5,60840,61137.1,63482.57596769142,68000.89110840834,59264.48000613621,0,0
1727870400,61137.1,61896.9,60502.8,61843.3,63519.4057005511,68046.18137140301,59293.7740110546,0,0
1727884800,61843.3,62416.3,59952.9,60169.5,63552.01731228815,68097.00243565385,59310.37725599989,0,0
1727899200,60169.5,60978.3,60100.1,60617.5,63580.27307252476,68143.28418868079,59322.81034157002,0,0
1727913600,60617.5,61450.1,60506.7,61441.6,63604.90255470793,68186.14109089739,59331.46478550261,1,0
1727928000,61441.6,61460,60770.9,60895.4,63625.94473842282,68224.03033396794,59337.75568578882,0,0
1727942400,60895.4,61048.5,60092,60740.6,63643.11292662175,68258.34102973393,59339.939440167735,0,0
1727956800,60740.6,60875.9,59840.2,60614.2,63656.369721723444,68289.49608694283,59337.57954502654,0,0
1727971200,60614.2,61056.1,59893.1,61009.1,63666.082544285266,68318.59223536422,59330.40968659731,0,0
1727985600,61009.1,61095,60575.8,60725.9,63672.54243697371,68341.89565858599,59322.2154773355,0,0
1728000000,60725.9,61249.9,60414,60920.9,63675.94695577459,68361.62230758953,59311.43942826638,0,0
1728014400,60920.9,61493.8,60900.2,61412,63676.834863426695,68376.85203732082,59299.88259785626,0,0
1728028800,61412,61649.7,61230.2,61428.8,63675.4824359031,68386.88140118553,59288.66736383618,0,0
1728043200,61428.8,61988,60753.9,61851.4,63672.08330345794,68396.93681424002,59273.62219763077,0,0
1728057600,61851.4,62452.9,61602.8,62331.1,63667.32423408158,68405.2778699327,59257.53540297195,0,0
1728072000,62331.1,62469,61948,62063.9,63661.30024189177,68410.0326702736,59242.204546546665,0,0
1728086400,62063.9,62175.9,61650,61845.9,63653.805306544695,68411.10867992166,59227.32445341416,0,0
1728100800,61845.9,62249.8,61798,62042.2,63645.04933617321,68408.36571171315,59213.405595367796,0,0
1728115200,62042.2,62300,62042.1,62153.5,63635.22986753766,68400.95700605489,59201.547135311244,0,0
1728129600,62153.5,62365.9,62074.1,62135.8,63624.42953435892,68389.32254160417,59191.52117803169,0,0
1728144000,62135.8,62159.8,61758.3,61834.8,63612.43051870093,68374.0292749835,59182.43168356161,0,0
1728158400,61834.8,62086.7,61677.5,62035,63599.31253721952,68355.31885313719,59174.21823307445,0,0
1728172800,62035,62125.7,61848.1,61856,63585.14776229918,68332.58325718806,59167.542382178566,0,0
1728187200,61856,61992,61791.3,61925.6,63569.95622359435,68305.52437554154,59162.701278035,0,0
1728201600,61925.6,62144.3,61900,62074.1,63553.93318725295,68274.76364947236,59159.522606432736,0,0
1728216000,62074.1,62756.4,62034.1,62683.7,63537.57618050042,68243.79246512985,59155.90914669154,0,0
1728230400,62683.7,62973.3,62512,62597.2,63521.114559730355,68211.3065338478,59153.418984991506,0,0
1728244800,62597.2,62890,62253.8,62792.9,63504.521482826,68178.39228326755,59151.06111635974,0,0
1728259200,62792.9,63949,62624.3,63499.4,63488.51155518779,68149.81031747644,59146.03548734384,0,0
1728273600,63499.4,63695.6,63260.7,63502,63473.19880979737,68120.34320137033,59143.0808743638,0,0
1728288000,63502,63680,62633,63115.4,63458.23527117995,68093.28336676728,59138.69069937911,0,0
1728302400,63115.4,64464,62788,63622.5,63444.08586055196,68072.64275725826,59130.24480384092,0,0
1728316800,63622.5,63897.6,62688,63344,63430.42461536249,68055.17075840397,59119.95697091601,0,0
1728331200,63344,63375.7,62055,62191.2,63416.49499781835,68040.65784228049,59106.59839783713,0,0
1728345600,62191.2,62790.6,62108.5,62603.6,63402.28352066546,68025.2184336608,59093.51925940618,0,0
1728360000,62603.6,62750,61944.2,62284.4,63387.645200591476,68009.46071307774,59079.92096904594,0,0
1728374400,62284.4,62649.6,62155,62600,63372.75235503386,67991.72629046519,59067.565425466295,0,0
1728388800,62600,63189.7,61803.4,62255,63357.57964692587,67977.30361115557,59051.81119978696,0,0
1728403200,62255,62595.1,61836,62219.5,63341.958815020575,67962.18402103394,59035.82711941698,0,0
1728417600,62219.5,62543.6,61985.8,62120.7,63325.92472822976,67945.221819179,59020.673350034805,0,0
1728432000,62120.7,62481,61952.7,62365.2,63309.559994187766,67926.39562931658,59006.522420686044,0,0
1728446400,62365.2,62525,62161.3,62245,63292.93849083619,67904.87730646007,58994.23166211459,0,0
1728460800,62245,62263.7,62020.6,62173.8,63275.93298775892,67879.93608141557,58984.19955300379,0,0
1728475200,62173.8,62390,61620,62289.9,63258.525247366706,67854.81323067311,58973.576463442805,0,0
1728489600,62289.9,62321.3,60800,61007.9,63240.03462851045,67833.28225125706,58957.81314254608,0,0
1728504000,61007.9,61101,60266,60607.7,63219.80890972998,67810.41929310512,58939.97235597624,0,0
1728518400,60607.7,60942.5,60339,60849,63197.997088295524,67784.96659727255,58921.42515465833,0,0
1728532800,60849,61144.4,60790,60866,63174.9149198733,67755.78857705167,58903.74769374277,0,0
1728547200,60866,61286.4,60591,61232.2,63150.744600755985,67725.24047716722,58885.23267738599,0,0
1728561600,61232.2,61288,60412.7,60766.5,63125.344189736876,67694.2719731374,58864.7896332205,0,0
1728576000,60766.5,61021.6,58900,59698.9,63097.835799754575,67669.58734725892,58834.95139673053,0,0
1728590400,59698.9,60297.3,59557.7,60295.6,63068.52013667546,67642.69672231398,58803.661370261354,0,0
1728604800,60295.6,60754,60064.4,60580.8,63037.927307327824,67613.83718711296,58771.70183681485,0,0
1728619200,60580.8,60897,60542.7,60644.3,63006.37391987001,67581.33220429134,58741.12014439393,0,0
1728633600,60644.3,61263.3,60617.8,61146.8,62974.24853174304,67547.45142173444,58710.66775528554,0,0
1728648000,61146.8,62449.5,61094.7,62238.3,62942.51613355137,67517.40241219901,58677.61785377225,0,0
1728662400,62238.3,63436,62105.7,63065.4,62912.10673298994,67491.75664976402,58643.208742099865,0,0
1728676800,63065.4,63160,62306.4,62499.6,62882.784311704636,67467.35448286493,58609.74678941426,0,0
1728691200,62499.6,63078.1,62457.9,62541.1,62854.564921590405,67442.8445462571,58578.43568227247,0,0
1728705600,62541.1,62777,62541,62740,62827.420832451935,67416.0207810365,58551.13907239612,0,0
1728720000,62740,63245.2,62647.1,62918.9,62801.572997814445,67389.36197584572,58526.11532979748,0,0
1728734400,62918.9,63467.4,62785.9,63132.3,62777.17303166519,67363.55567283923,58503.049823966154,0,0
1728748800,63132.3,63377.5,62881.7,62965.9,62754.12900133825,67337.46317662309,58482.76012993238,0,0
1728763200,62965.9,63355.6,62965.8,63177.5,62732.49071591992,67310.60475320417,58465.75596597421,0,0
1728777600,63177.5,63269.5,62607,62677.3,62711.914238361,67284.30005149975,58450.250421411416,0,0
1728792000,62677.3,62967,62670.6,62819.9,62692.341662057835,67256.40549340803,58437.99819866101,0,0
1728806400,62819.9,62939.8,62488,62536.4,62673.589051733834,67227.75274904414,58427.93495252539,0,0
1728820800,62536.4,62804.7,62012.1,62193.6,62655.33073253864,67200.07037403998,58417.951757388815,0,0
1728835200,62193.6,62864,62141.5,62700.4,62637.78710859303,67173.16873999067,58408.62426854108,0,0
1728849600,62700.4,63100,62577.3,62838.7,62621.20400545519,67146.14204844975,58401.19880995268,0,0
1728864000,62838.7,64384,62422.5,64288,62606.37612843547,67128.11052836146,58389.22473885409,0,0
1728878400,64288,64694.8,63761.8,64597.7,62593.85696339064,67113.40042066741,58378.66811985987,0,0
1728892800,64597.7,65151.8,64313.3,64903.5,62583.966924975866,67101.74850955317,58370.3555132971,0,0
1728907200,64903.5,66283.8,64611.5,65862,62577.3379943213,67098.39255030907,58360.90972700196,0,0
1728921600,65862,66060.8,65543.9,65905.6,62574.06460701744,67096.80229265381,58356.18729436661,0,0
1728936000,65905.6,67300,65650,66080.1,62574.46660085876,67103.55316566187,58351.06616061658,0,0
1728950400,66080.1,66337,65310.1,65401.5,62577.77953797411,67114.2847933724,58347.913621661624,0,0
1728964800,65401.5,65844.1,65210.2,65651.5,62583.768981807356,67126.55214475503,58348.41824621062,0,0
1728979200,65651.5,65854.3,65254,65380,62592.24675340341,67140.01836895711,58352.5213250518,0,0
1728993600,65380,67999,64762.1,66009.9,62603.79554320586,67169.75019373266,58348.21783781488,0,0
1729008000,66009.9,67396,65972.1,66957.1,62618.743237912175,67205.57705120265,58344.964461924865,0,0
1729022400,66957.1,67150.2,66100.6,67057.4,62636.92504689976,67245.16859011451,58344.47978330599,0,0
1729036800,67057.4,67570.1,66727,67088.9,62658.51035426188,67287.51559294741,58347.95482071042,0,0
1729051200,67088.9,67344.1,66750,66962.9,62683.23516078419,67331.01242297178,58356.28826638027,0,0
1729065600,66962.9,68525,66900.2,67883.9,62711.61741125553,67381.8075850223,58365.11514437114,0,0
1729080000,67883.9,68327,67085.3,67735.4,62743.42794764295,67437.43845523313,58376.14596281529,0,1
1729094400,67735.4,68083.3,67461.5,67700.1,62778.52172048438,67494.34172910581,58392.195381761565,0,0
1729108800,67700.1,67942.8,67461.7,67595.1,62816.65502186914,67551.57804584518,58413.61907872138,0,0
1729123200,67595.1,67921,67357,67573.1,62857.620796860894,67609.48305529058,58439.738239246595,0,0
1729137600,67573.1,67573.1,67050,67272.7,62900.97618798394,67667.45969708251,58470.242907196196,0,0
1729152000,67272.7,67515,66787.5,66861.3,62946.36075105892,67726.33479055022,58503.74664531971,0,0
1729166400,66861.3,67666.6,66650.1,67566.8,62993.86518711555,67787.82692756601,58538.93288912621,0,0
1729180800,67566.8,67574,66675.7,66810.3,63043.10882789232,67850.86127210452,58576.022414021754,0,0
1729195200,66810.3,67457.9,66790.5,67390.4,63094.14909500503,67914.2420459846,58616.15369758944,0,0
1729209600,67390.4,68300,67157,67524.5,63147.26903895572,67980.87975191798,58657.34014667192,0,0
1729224000,67524.5,68400,67512.7,67950.1,63202.598150827835,68049.45991195917,58700.9568949277,0,0
1729238400,67950.1,68035,67644.5,67678.6,63259.8431706945,68116.98901907909,58749.04066678556,0,0
1729252800,67678.6,68950,67621.6,68723.1,63319.45195594013,68189.11993012241,58797.547176283275,0,0
1729267200,68723.1,69049.7,68338.6,68572.8,63381.471173763784,68262.45481263238,58849.49346133448,0,0
1729281600,68572.8,68662,68100,68402.4,63445.508067038056,68335.83382400907,58905.149299141696,0,0
1729296000,68402.4,68685,68271.8,68433,63511.48890302217,68408.45214754333,58965.07077778642,0,0
1729310400,68433,68547.4,68272.4,68329.9,63579.20228045118,68479.45060834917,59029.60562194815,0,0
1729324800,68329.9,68472.8,68051.9,68064.6,63648.347677765785,68549.44339689241,59097.66675499227,0,0
1729339200,68064.6,68339.3,68059.5,68213.9,63718.81062904525,68617.64884256906,59169.71648642864,0,0
1729353600,68213.9,68233.2,67980,68173.3,63790.405052628106,68683.86012733198,59245.58941845294,0,0
1729368000,68173.3,68407,68155.9,68369.5,63863.18395857452,68748.25907878866,59325.229758219386,0,0
1729382400,68369.5,68442.1,68074.9,68166.7,63936.95786606793,68811.41231178152,59407.79943078471,0,0
1729396800,68166.7,68440.5,68150.5,68353.9,64011.69781592715,68872.97490747392,59493.545367864215,0,0
1729411200,68353.9,68502.2,68329.6,68396.9,64087.38200559628,68932.40458205741,59582.89946844967,0,0
1729425600,68396.9,68786.9,68177.5,68614.9,64164.00882596606,68992.22491073981,59673.68111327234,0,0
1729440000,68614.9,68651.3,68400.1,68498.1,64241.46123419049,69050.40132736761,59767.43454303873,0,0
1729454400,68498.1,69428,68447.6,69034,64320.04463062972,69111.3304988731,59860.924560751395,0,0
1729468800,69034,69555,68600,68948.3,64399.69996605523,69174.75735123394,59954.2595380561,0,0
1729483200,68948.3,69205.3,68456.6,68518.5,64480.033510154324,69239.1192448199,60048.05905704354,0,0
1729497600,68518.5,68673.3,68122.1,68249.5,64560.60048755923,69302.89293494482,60142.81596046554,0,0
1729512000,68249.5,68342.4,66853.3,67350,64640.552615704466,69370.46079964108,60233.14526527228,0,0
1729526400,67350,67943.9,66900.1,67766.5,64719.861158804415,69439.16963503447,60321.29200896429,0,0
1729540800,67766.5,67937.4,67333,67368.1,64798.48776437257,69506.459394233,60409.40731470956,0,0
1729555200,67368.1,67700,66560.9,67397,64876.0838003511,69575.02062840389,60494.50235523035,0,0
1729569600,67397,67796.2,67281.9,67385.4,64952.869265415095,69641.48484652456,60579.91490427916,0,0
1729584000,67385.4,67523.4,66732.6,67293.8,65028.52220123069,69707.14112921277,60663.92382722165,0,0
1729598400,67293.8,67678.2,66613.1,67264.9,65103.02050900448,69773.50331171857,60745.16941568005,0,0
1729612800,67264.9,67629.6,66907,67469.4,65176.48229502227,69838.69822987587,60825.5015059278,0,0
1729627200,67469.4,67847,67249.5,67409.5,65249.037337681366,69902.16315967112,60905.65271591472,0,0
1729641600,67409.5,67477.7,66850.5,67065.6,65320.308077041176,69963.72426708299,60985.07036291402,0,0
1729656000,67065.6,67294,66755.4,66832.5,65390.11996548211,70022.73719532734,61063.990931583765,0,0
1729670400,66832.5,67027.2,66162.8,66398,65458.059215322566,70080.68741044865,61140.34657139853,0,0
1729684800,66398,66905.9,65900,66203.3,65523.95517424557,70138.19013010668,61213.280435555665,0,0
1729699200,66203.3,66568,65240.2,66478.2,65587.59941776635,70196.86062556859,61280.991187496445,0,0
1729713600,66478.2,66815.4,66334.6,66659.1,65649.50933896149,70252.20619001501,61348.36626752022,0,0
1729728000,66659.1,67637.1,66509.3,67208.2,65710.18691548321,70308.48076969631,61412.62927599439,0,0
1729742400,67208.2,67480.2,67065.5,67122,65769.72475754475,70361.64824206801,61477.47818245338,0,0
1729756800,67122,67330,66721.5,67287.4,65828.01044606962,70412.78548017688,61541.76304398298,0,0
1729771200,67287.4,68000,67256.9,67671.5,65885.54113793874,70463.19075466518,61605.27907617663,0,0
1729785600,67671.5,68288,67331.4,68276.9,65942.59712323974,70514.36001403927,61667.242168717756,0,0
1729800000,68276.9,68847.2,67926.8,68171.2,65999.47165946444,70566.31592305057,61728.1801146938,0,0
1729814400,68171.2,68258,67802.9,67970,66055.8341699117,70616.08858813594,61790.07242006822,0,0
1729828800,67970,68010,67215.1,67506.1,66111.24537293166,70665.2214991212,61850.7473979167,0,0
1729843200,67506.1,68174.1,67295.1,68084.6,66165.95133553004,70714.43807270884,61910.03188958843,0,0
1729857600,68084.6,68755,67377.4,67653.2,66220.00280195482,70766.54455836628,61965.56294301194,0,0
1729872000,67653.2,67837.4,65950,66825.4,66272.37246033087,70823.35386085622,62013.82894334063,0,0
1729886400,66825.4,67367,65524.5,66666.8,66322.74330036248,70884.0727724763,62054.93147952634,0,0
1729900800,66666.8,67023.8,66408.4,66883.9,66371.39357656089,70941.64670261346,62095.5685418628,0,0
1729915200,66883.9,67212,66755.6,66988.4,66418.55339912532,70995.44474533795,62136.722313048755,0,0
1729929600,66988.4,67240,66933.2,67104.6,66464.3429910894,71044.82181141671,62179.18177011029,0,0
1729944000,67104.6,67151.3,66701.5,66858,66508.59516519506,71090.54664085786,62221.961144768444,0,0
1729958400,66858,67162,66761,67149.9,66551.44806856425,71132.57043940184,62265.36188223326,0,0
1729972800,67149.9,67442.7,67021,67069.1,66593.06653752115,71171.2743480929,62309.359379758665,0,0
1729987200,67069.1,67307.3,66905.2,67267.5,66633.44603498663,71206.63503661437,62353.9664276289,0,0
1730001600,67267.5,67297.9,67094,67176.8,66672.62859457628,71237.65095608906,62400.14015131351,0,0
1730016000,67176.8,67246.9,67012.1,67099.1,66710.56001541582,71264.58266283423,62447.55320641634,0,0
1730030400,67099.1,67837.4,67099,67760,66747.68370003629,71290.90316276535,62493.99406749321,0,0
1730044800,67760,67999.3,67500.6,67814.9,66784.19484585423,71315.44157771282,62540.85486309156,0,0
1730059200,67814.9,68311.6,67684.2,68001.1,66820.3007131115,71339.20042624316,62587.64551204798,0,0
1730073600,68001.1,68103.2,67642.9,67694.1,66855.8078794535,71361.05883252739,62634.9877697869,0,0
1730088000,67694.1,68675,67571.4,68399.4,66891.08945467685,71385.11832991679,62679.98082953932,0,0
1730102400,68399.4,68826.1,68200,68757,66926.47963543757,71408.91853167734,62725.40977364985,0,0
1730116800,68757,69280,68365.2,68454.6,66962.03987299434,71434.15781112223,62769.89778207117,0,0
1730131200,68454.6,69941.5,68414.1,69599.2,66998.30895881455,71464.76391130558,62811.00164147684,0,0
1730145600,69599.2,70449.9,69410.7,69947.6,67035.79714090619,71498.30331268212,62851.81452018641,0,0
1730160000,69947.6,71645,69735.4,70934.5,67075.18704242581,71540.1410333626,62888.89918008786,0,0
1730174400,70934.5,71393.4,70827.8,71019,67116.6438859153,71582.81540159795,62929.12427705677,0,0
1730188800,71019,71594,70978,71463.5,67160.28387743348,71626.7748910028,62972.31359866834,0,0
1730203200,71463.5,72443.6,70923.4,72392.3,67206.49562976239,71677.34838608564,63014.51095127396,0,0
1730217600,72392.3,73681.8,72345.2,72537,67255.9676222568,71733.98382901055,63057.492967185804,0,0
1730232000,72537,73030.1,71887.1,72757.5,67308.25389137221,71795.11351220075,63101.80206255308,0,0
1730246400,72757.5,72813.6,72028.6,72274.2,67363.02260387031,71858.40098945984,63148.869886419285,0,0
1730260800,72274.2,72649,72114.4,72262.7,67420.09354278263,71922.3275226834,63199.69291711225,0,0
1730275200,72262.7,72636.3,71930,72000,67479.18097736372,71987.58845225403,63253.12409091031,0,0
1730289600,72000,72491,71455.1,72065,67539.98005251736,72055.6902784286,63307.268140349355,0,0
1730304000,72065,72220.4,71659.1,71833,67602.27406597525,72123.78823764481,63364.21824978261,0,0
1730318400,71833,73044.2,71644.1,72386.3,67666.3553329033,72196.7659798905,63420.23194382532,0,0
1730332800,72386.3,72638.3,72056.5,72377.8,67732.0910326084,72269.93817006337,63479.176429542094,0,0
1730347200,72377.8,72506.7,72150,72436,67799.3590543566,72342.01951492923,63541.95139980759,0,0
1730361600,72436,72736.4,72157.7,72223.1,67868.04231852072,72414.1918149116,63607.29924213601,0,0
1730376000,72223.1,72280.6,70459,70654.5,67936.885644479,72492.04602901345,63667.95647102842,0,0
1730390400,70654.5,70945.1,70067,70144.8,68005.12704902262,72569.41524436857,63727.91194996691,0,0
1730404800,70144.8,70688,69719.3,70332.3,68072.59784277364,72646.63682160384,63786.553374016024,0,0
1730419200,70332.3,70506.8,68855,69396.9,68138.64570106029,72726.87739121418,63839.878797484416,0,0
1730433600,69396.9,69720,69086.3,69287,68203.05713460094,72803.98067033327,63892.89376317211,0,0
1730448000,69287,70265.1,69252.7,70034.6,68266.29951886785,72880.61421188798,63944.13247466306,0,0
1730462400,70034.6,71650,69018,69392.1,68328.52145995862,72965.93337978571,63985.84419667621,0,0
1730476800,69392.1,70537.7,68800,69275.8,68389.25066343146,73054.09481026979,64022.27853828895,0,0
1730491200,69275.8,69631.4,68839.7,69495.5,68448.28653990364,73139.34377029545,64058.10728850933,0,0
1730505600,69495.5,69919,69476.4,69597.4,68505.96904621781,73220.05410993697,64095.388237693725,0,0
1730520000,69597.4,69818.1,69435.5,69809.1,68562.32213528112,73296.01910967189,64134.34281537617,0,0
1730534400,69809.1,69844,69387.5,69597.5,68617.27383472449,73367.70280550695,64174.42673639444,0,0
1730548800,69597.5,69687,68981.6,69381.7,68670.58292135251,73436.38364249052,64214.068352214745,0,0
1730563200,69381.7,69604.4,69209.6,69497.4,68722.35053129299,73500.4270447273,64254.884664438185,0,0
1730577600,69497.4,69568.7,69136.3,69363.6,68772.51450708965,73560.0979022913,64296.52605832834,0,0
1730592000,69363.6,69382.9,67820,68360.9,68820.2896683008,73621.24516380353,64332.4119211914,0,0
1730606400,68360.9,68766,68285.6,68395,68865.69238168873,73677.42861227464,64368.201721134494,0,0
1730620800,68395,68600,68181.4,68344.8,68908.67482999401,73728.33488312157,64404.07849103465,0,0
1730635200,68344.8,68565.5,67456.1,68073.3,68948.96199747075,73777.84064523342,64436.14124447548,0,0
1730649600,68073.3,68699.9,67644,68673.3,68986.92880757099,73825.95034341532,64465.08746805927,0,0
1730664000,68673.3,69339.7,68482.8,68743.6,69023.13810087017,73871.99400947466,64492.55441352715,0,0
1730678400,68743.6,69497,68200,69037,69057.68359130701,73918.63124285213,64516.39570177008,0,0
1730692800,69037,69385,68600,68600.3,69090.55456725362,73962.75915482656,64539.3003851878,0,0
1730707200,68600.3,69036.2,68438.3,68779.4,69121.68330242974,74003.25428959864,64562.121604332315,0,0
1730721600,68779.4,69246.3,68160.5,68627.2,69151.04257942893,74042.9984974789,64582.293894875314,0,0
1730736000,68627.2,68826.3,67213.2,67849.6,69177.98049559035,74084.40576348601,64596.49552601196,0,0
1730750400,67849.6,68107.3,66808,67838.7,69202.20106801033,74125.18302678653,64606.17616184171,0,0
1730764800,67838.7,68279.8,67449.5,68236.3,69224.19473205329,74162.92773050391,64614.34685688984,0,0
1730779200,68236.3,68990,68210.8,68900,69244.73136123449,74198.12604279316,64622.02048774319,0,0
1730793600,68900,69112,68620,68810.2,69263.99649747109,74229.31413832559,64630.81690154904,0,0
1730808000,68810.2,70329.6,68665.4,69610.2,69282.69067448945,74264.08933365466,64635.42837684412,0,0
1730822400,69610.2,70540,68678,68978.9,69300.68936620615,74303.25324000389,64634.92965938872,0,0
1730836800,68978.9,69889.4,68810.7,69345.7,69317.95651893345,74342.03324888284,64633.409741089556,0,0
1730851200,69345.7,75389,69256.7,74394.9,69337.9536617393,74411.97099438413,64609.92436768471,0,0
1730865600,74394.9,75499.8,73117.6,73440.8,69361.46142635496,74491.45955305517,64584.75052127514,0,0
1730880000,73440.8,74573.6,72729.6,74315.7,69388.17566773966,74577.06610249795,64560.31557851578,0,0
1730894400,74315.7,74816.4,73500,74308.1,69418.23858426523,74665.85162609236,64539.43460356893,0,0
1730908800,74308.1,75964,74091.9,75830.8,69452.45557294664,74761.56740912367,64520.364570679994,0,0
1730923200,75830.8,76433.6,75520.1,75599.9,69491.11282372149,74859.14927681233,64508.01015147228,0,0
1730937600,75599.9,76119,75026.5,75072.1,69533.59280405976,74958.99373212355,64500.87291084852,0,0
1730952000,75072.1,75087.8,74476.3,74801.6,69579.14406382106,75057.77664826077,64500.408949512195,0,0
1730966400,74801.6,75228.9,74701.4,74787,69627.70139716617,75155.10018202802,64506.823756616446,0,0
1730980800,74787,76119.9,74522.1,76113.9,69679.70211849731,75257.3565954061,64515.4322045228,0,0
1730995200,76113.9,76770.8,75597.1,76564.9,69735.59849501742,75362.58673209503,64528.75237345353,0,0
1731009600,76564.9,76890,75500,75874.8,69794.98119271695,75471.52192141088,64545.39772981229,0,0
1731024000,75874.8,76397.3,75610,75935,69857.5566127003,75580.59314614737,64567.87401046459,0,0
1731038400,75935,76288,75703,76213.2,69923.21359077653,75688.69115481603,64596.91301651285,0,0
1731052800,76213.2,76374,75803,75974.4,69991.74999790257,75795.65979512883,64632.26365480796,0,0
1731067200,75974.4,76659.8,75649,76464.7,70063.1695025385,75904.01265961769,64671.78148742374,0,0
1731081600,76464.7,77220.3,75836.1,76938.3,70137.6496759556,76015.96578540174,64713.9038653349,0,0
1731096000,76938.3,77114.2,76258,76514.2,70214.96620235132,76128.39285351333,64760.87690809319,0,0
1731110400,76514.2,76656,76150,76350.1,70294.71766930519,76239.06713466346,64813.848305348096,0,0
1731124800,76350.1,76831,76311,76544.9,70376.8900038823,76348.19692728826,64872.607945614596,0,0
1731139200,76544.9,76745.3,76401,76508.1,70461.30100688037,76454.78496755495,64937.66141241659,0,0
1731153600,76508.1,76558.6,76265.1,76321.3,70547.63242808988,76558.39917720098,65008.784074615505,0,1
1731168000,76321.3,76752.4,75703.7,76223.5,70635.58980973932,76663.02166724415,65082.049197410764,0,0
1731182400,76223.5,76950,76189.9,76701.7,70725.37377974257,76767.30318426064,65158.971186965675,0,0
1731196800,76701.7,77542.2,76508.2,77242,70817.25961148099,76873.08236029152,65238.49577638919,0,0
1731211200,77242,79899.7,77167.6,78855.9,70912.43674828768,76990.56909033273,65314.15139534683,0,0
1731225600,78855.9,80196,78855.8,79933.5,71011.57198060937,77112.68130397564,65393.17878572181,0,0
1731240000,79933.5,80221.8,79200.8,79730.8,71114.4672213733,77237.49278804378,65476.846355668255,0,0
1731254400,79730.8,81163.5,79357.5,79800,71221.2160766321,77369.20394649696,65561.76567283894,0,0
1731268800,79800,81700,78529.9,80428.5,71331.66752782537,77514.68822729395,65641.84038746596,0,0
1731283200,80428.5,81943.8,80267.8,81680,71446.49760524617,77666.35299913223,65724.75496710245,0,0
1731297600,81680,81800,80490.5,81158.8,71565.30723926603,77821.78862249869,65811.81557127387,0,0
1731312000,81158.8,82440.9,81067.8,82184.7,71688.47044068052,77981.68270837012,65903.12770427957,0,0
1731326400,82184.7,84381.4,81463.7,84099.8,71816.89816926947,78154.79051089396,65992.97149848152,0,0
1731340800,84099.8,87128.3,83852,86163.7,71952.24582001947,78343.94613720791,66082.01314594921,0,0
1731355200,86163.7,89828,86102.8,88765.4,72096.14373570064,78552.30280374202,66170.61188575612,0,0
1731369600,88765.4,89594.2,86565.6,88157,72248.04153971057,78775.49064822715,66261.46614094388,0,0
1731384000,88157,90077,87800,89095.3,72408.20424595257,79009.804549232,66358.19531557804,0,0
1731398400,89095.3,89594.2,85458.2,87255.9,72574.94947247201,79262.58682767052,66451.56941929528,0,0
1731412800,87255.9,87976.4,85150,86658.6,72747.20945093535,79525.96740651864,66546.26979695774,0,0
1731427200,86658.6,89866.4,85784.6,88781.1,72925.87928096062,79806.69597386032,66638.3165473126,0,0
1731441600,88781.1,90000,87347.2,87968,73110.80487143487,80097.04376676191,66733.92097358697,0,0
1731456000,87968,88616.3,87065.3,87185.6,73300.94302123798,80390.40251632503,66836.68795801421,0,0
1731470400,87185.6,87749.8,86113.6,87383.4,73495.50229536125,80686.45400278871,66945.42379394636,0,0
1731484800,87383.4,88174,87107.5,87710.2,73694.62912533546,80982.47001668406,67062.64159146867,0,0
1731499200,87710.2,92818.5,87550,92625.8,73900.65102935457,81301.46341805591,67173.52914645773,0,0
1731513600,92625.8,93400,89965.4,90219,74113.30052903529,81633.3478820657,67285.99840401534,0,0
1731528000,90219,91243.4,87968.8,90411.2,74331.11512558463,81975.87999630738,67399.27251847491,0,0
1731542400,90411.2,90646,89520.1,90001.4,74553.87214796837,82317.90188690834,67522.12732403948,0,0
1731556800,90001.4,90954.5,89162,90858.6,74781.42407503439,82662.695266943,67651.57328382554,0,0
1731571200,90858.6,91755.8,90400.1,91549.9,75014.13614676436,83008.44068518815,67789.74012036092,0,0
1731585600,91549.9,91889.7,87817.8,87956.3,75250.01036860765,83366.74381841267,67923.53642610312,0,0
1731600000,87956.3,89708.5,87514.1,89499.9,75488.48023649951,83727.33122615541,68060.34021345028,0,0
1731614400,89499.9,89499.9,86661,87367.3,75728.3728636303,84092.25326910637,68196.37045782254,0,0
1731628800,87367.3,88550.1,87281.5,88242.3,75969.5869496941,84453.1179283069,68338.24828358038,0,0
1731643200,88242.3,88421,87083.7,87672,76211.6215656767,84809.84797337146,68485.10403524808,0,0
1731657600,87672,89806,87400.1,89775.3,76455.30191067411,85168.94502856016,68633.15247467435,0,0
1731672000,89775.3,90787.8,87768.1,88450.5,76700.37128316442,85533.13225516106,68779.74417475279,0,0
1731686400,88450.5,90899.9,88391.6,90416.4,76947.32147116748,85900.07299098039,68927.65134447432,0,0
1731700800,90416.4,91948,90368.2,91125.2,77196.90272226142,86265.55850534598,69081.58821624026,0,0
1731715200,91125.2,91796.9,90935.5,91321.3,77448.98053979802,86625.82048493139,69244.30329288977,0,0
1731729600,91321.3,91856.3,91123,91220.5,77703.295974401,86980.10691349291,69415.89772119191,0,0
1731744000,91220.5,91683.6,91070,91246.5,77959.50245075325,87327.63946053214,69596.33925655144,0,0
1731758400,91246.5,91390,90125,90582.2,78216.79240238901,87671.17954613696,69781.95851122192,0,0
1731772800,90582.2,91491.9,90268.2,91207.8,78475.15299434177,88010.61666622943,69972.8040861276,0,0
1731787200,91207.8,91266,90268.6,90625.4,78734.1036689262,88344.36571507879,70169.26354468297,0,0
1731801600,90625.4,90955,89418.6,90314.1,78992.99131253462,88674.76801820302,70368.29997932733,0,0
1731816000,90314.1,90968.7,90214.8,90629.9,79251.91604555979,88997.82129653892,70573.25792240171,0,0
1731830400,90629.9,91601.8,90548.9,90771.5,79510.96944299543,89315.4118869451,70782.79244535413,0,0
1731844800,90771.5,91275.2,90000,90328.2,79769.5543586174,89628.25064315405,70995.26942578396,0,0
1731859200,90328.2,90799,89758.6,90130.6,80027.20651047818,89934.7025589655,71211.1520875017,0,0
1731873600,90130.6,90311,88735.7,89900,80283.23867859782,90237.12349841464,71427.3478901169,0,0
1731888000,89900,91091.4,89667.2,90755.5,80538.22720229173,90535.3243469894,71645.03013241438,0,0
1731902400,90755.5,92444,90517,91800,80792.91793085363,90832.843631764,71862.72417325272,0,0
1731916800,91800,92333,90092,90339.9,81046.53377995137,91130.53738398284,72078.3705034893,0,0
1731931200,90339.9,92757.6,89424,92444.7,81299.42931464427,91434.69323040238,72287.62927253004,0,0
1731945600,92444.7,92746.2,89721,90672.3,81550.98635034115,91742.64891501097,72491.51243577576,0,0
1731960000,90672.3,92044.1,90303.7,90535,81800.9621540736,92046.92997091143,72695.49795356335,0,1
1731974400,90535,91649.4,90435.9,91514.9,82049.40582806553,92344.76188893993,72901.8610155179,0,0
1731988800,91514.9,92117.1,91282.3,91690.5,82296.5894096509,92634.48156348093,73112.3930759997,0,0
1732003200,91690.5,92050,91242,91719,82542.32226326517,92915.95139707145,73326.86005115225,0,0
1732017600,91719,92877,91020,92453.3,82786.83262047093,93195.38686294325,73540.76082552379,0,0
1732032000,92453.3,93980,92147,93280.5,83030.83526681286,93473.3595842778,73754.91408211034,0,0
1732046400,93280.5,93643,91228,92341.4,83273.50458217085,93752.2276269927,73965.99249872423,0,0
1732060800,92341.4,92460.7,91511,92092.2,83514.34419345789,94023.31160787476,74179.96204123492,0,0
1732075200,92092.2,92916.5,91901.1,92903.5,83753.69517270509,94287.5349427889,74396.70004458938,0,0
1732089600,92903.5,93733.6,92764.5,93527.6,83992.07395423064,94545.3622673918,74616.758748896,0,0
1732104000,93527.6,94898.9,93367.4,94776.2,84230.18076577978,94800.79051731488,74838.22986201917,0,0
1732118400,94776.2,94881.5,93100,94031.1,84467.52284047812,95054.72914182833,75059.52075420812,0,0
1732132800,94031.1,94650,93781.2,94315.3,84704.1350965117,95302.23621696504,75284.59758398512,0,0
1732147200,94315.3,96100,94032,95859.7,84940.77494399727,95550.85348030762,75508.85193897031,0,0
1732161600,95859.7,97969.1,95859.6,96980,85178.61053328926,95801.87653646518,75733.335866549,0,0
1732176000,96980,98450,96779.3,98034.8,85418.08760758681,96053.36531870821,75960.37542597474,0,0
1732190400,98034.8,98330.1,95666.1,96739.1,85658.22553293644,96309.66808722513,76184.7875418507,0,0
1732204800,96739.1,99111,96350.2,97922.2,85899.54567038949,96571.64530259909,76406.81613385271,0,0
1732219200,97922.2,98814.4,97533.3,98382.9,86142.17912800379,96831.33917783256,76632.98977300368,0,0
1732233600,98382.9,99428.6,97824.5,98916.2,86386.27643340694,97090.750145872,76861.99503883722,0,0
1732248000,98916.2,99572,98565.1,99261.5,86631.92196350686,97346.84230158478,77096.38777845557,0,0
1732262400,99261.5,99407,98305.4,98955,86878.64308512822,97599.79746602279,77335.18737004277,0,0
1732276800,98955,99037.6,97210,98715.2,87125.70477803206,97852.92215243979,77574.46856051334,0,0
1732291200,98715.2,99690,98275.2,99144.5,87373.4938782096,98104.37952574197,77816.37750924651,0,0
1732305600,99144.5,99535.6,98536.3,98947,87621.7454553073,98351.74724446936,78062.36789622872,0,0
1732320000,98947,98970.9,98334.9,98729.4,87869.94797390641,98592.70024680534,78313.38159527896,0,0
1732334400,98729.4,98874.6,98325,98631.2,88117.83055336137,98826.72937649635,78569.3517373203,0,0
1732348800,98631.2,98735.4,98390,98479.3,88365.1256065002,99052.70186155103,78830.71614105579,0,0
1732363200,98479.3,98935,98417.9,98440.1,88611.69510583158,99271.70873325532,79096.37710203411,0,0
1732377600,98440.1,98527,97380,97581.2,88856.68103005605,99486.5431599349,79362.59028504262,0,0
1732392000,97581.2,98128.9,97185.9,97740.2,89099.80094554677,99695.92191859467,79629.88230369498,0,0
1732406400,97740.2,98653.3,97697.3,98275,89341.37199010067,99900.42313942396,79898.3677770193,0,0
1732420800,98275,98499.9,97956,98475,89581.3298789201,100097.87574450423,80169.67995763385,0,0
1732435200,98475,98500,97293.6,97340.1,89818.99444633289,100291.4575446083,80440.06898356305,0,0
1732449600,97340.1,97710,95979.9,95981.2,90053.20879815026,100483.00025207039,80705.99399400552,0,0
1732464000,95981.2,96873.4,95800.3,96408.9,90283.71627943112,100668.55266955998,80970.16604560311,0,0
1732478400,96408.9,98473.7,96268.7,98027.7,90511.55748392694,100855.68454173935,81228.36184583916,0,0
1732492800,98027.7,98199.5,96938.6,97964.6,90736.72981560035,101038.96862393148,81484.93843274646,0,0
1732507200,97964.6,98467.9,97621.6,98129,90959.46727830688,101216.41113622191,81741.92894883755,0,0
1732521600,98129,98979.9,97935.7,98264.1,91179.95095650578,101389.47819855079,81998.48351275599,0,0
1732536000,98264.1,98406.8,94650,96053.8,91396.23737618997,101571.69330870264,82240.15898934666,0,0
1732550400,96053.8,96578.4,94400,94721.9,91607.24147666231,101752.51598346586,82473.50554287178,0,0
1732564800,94721.9,95379.4,92620,93004.1,91811.50331183798,101933.81197724529,82694.36781449243,0,0
1732579200,93004.1,94975,92731.2,94538.2,92009.48399782776,102112.82727716827,82905.79520012374,0,0
1732593600,94538.2,95063.1,93550,93828,92201.30461010241,102285.209521994,83111.53305089468,0,0
1732608000,93828,93828,91500.2,92400.1,92385.52537714022,102454.42272719598,83306.16748421371,0,0
1732622400,92400.1,93624,91783.9,92853.7,92562.44053299539,102617.7024899564,83492.4695206743,0,0
1732636800,92853.7,94749.9,91616,91737.9,92732.11877114703,102782.73435753041,83664.30320751721,0,0
1732651200,91737.9,92442.3,90835.5,92025.6,92893.7771237871,102939.33623771784,83828.53575426497,0,0
1732665600,92025.6,93149.9,91857.6,92658.1,93048.34614100936,103086.55985844164,83987.61905980993,0,0
1732680000,92658.1,93718.2,92419.9,93655.7,93196.64765627972,103225.38979092479,84142.23624595463,0,0
1732694400,93655.7,93967.9,93163.9,93431.3,93339.03876373643,103353.31261709242,84295.08388972029,0,0
1732708800,93431.3,95950,92889,95653.5,93476.87635814829,103485.36442522315,84436.34964430577,0,0
1732723200,95653.5,96714,95286.8,96708.3,93611.54336664554,103612.89894500203,84575.58026763485,0,0
1732737600,96708.3,97276,95810.9,95908.7,93743.13182173477,103736.25218269763,84712.66870399693,0,0
1732752000,95908.7,96648,94840.6,95544.9,93871.02602931796,103856.87369862411,84845.3185040715,0,0
1732766400,95544.9,95978.8,95110.8,95373.3,93995.07492083516,103969.0585312587,84977.9177976986,0,0
1732780800,95373.3,95875,94707,95524,94115.20447368908,104074.70322953198,85108.78665288255,0,0
1732795200,95524,96300,94950.1,95070.5,94231.52893269713,104175.09774703554,85237.07908156406,0,0
1732809600,95070.5,95529,94854.9,95205,94343.86053102215,104266.13983330177,85365.81515463495,0,0
1732824000,95205,96097.6,94770.4,95702.8,94452.56892672605,104352.32365628604,85491.98967761107,0,0
1732838400,95702.8,96951.9,95420.3,96658.2,94558.47968647213,104435.76835083112,85615.36168892279,0,0
1732852800,96658.2,96699.9,95669.8,95702.4,94661.3044129555,104513.22808879407,85738.07083586775,0,0
1732867200,95702.4,97478.6,95700.1,97327.3,94761.84237041738,104590.08253880365,85857.15348397644,0,0
1732881600,97327.3,98735.3,96833.2,98084,94861.07961571797,104667.96115289418,85973.05542920441,0,0
1732896000,98084,98550,96910.5,97407.1,94958.73179769151,104744.96274196591,86086.81991552417,0,0
1732910400,97407.1,97712.8,97040.8,97526.7,95054.58869129333,104815.25319988147,86202.86223075374,0,0
1732924800,97526.7,97539.8,96429.6,96725.7,95148.13497736264,104881.07215436864,86318.4119279937,0,0
1732939200,96725.7,97324.1,96589.2,96866,95239.40455581229,104940.37939737359,86435.21428294637,0,0
1732953600,96866,97051.4,96151,96334.8,95328.01159948757,104993.94579093889,86551.94094340147,0,0
1732968000,96334.8,96800,96310,96704.6,95414.07068186485,105039.64799801804,86670.55780933004,0,0
1732982400,96704.6,97129.9,96574.5,97061.1,95497.90793979722,105078.48159275763,86790.84701873497,0,0
1732996800,97061.1,97108.7,96381.9,96484,95579.28506710051,105111.43475442906,86911.56918636891,0,0
1733011200,96484,96749.5,95750,96402.5,95657.88501907028,105139.98250532166,87030.93483830968,0,0
1733025600,96402.5,96620.6,96263.3,96539.8,95733.91538885144,105160.67160119594,87152.18737320749,0,0
1733040000,96539.8,97290,96493.3,97177.1,95807.90076257945,105176.92542937203,87273.45671172162,0,0
1733054400,97177.1,97473,96733,97094.6,95879.96452102596,105188.69562655265,87395.0146619427,0,0
1733068800,97094.6,97600,97010,97224.2,95950.28815979882,105195.46452698797,87517.63053041614,0,0
1733083200,97224.2,97929.4,96823.7,97265.4,96018.93636013556,105200.51523888316,87638.69757478235,0,0
1733097600,97265.4,98270.7,96400.8,96537.2,96085.65665820033,105208.10322783141,87754.20459243898,0,0
1733112000,96537.2,97007.8,95792.3,96040,96149.70848294336,105213.52692480566,87866.70983819474,0,0
1733126400,96040,96176.5,94858,95177.1,96210.29359594546,105216.62598070316,87974.88521933464,0,0
1733140800,95177.1,97304.4,94761,97127.8,96268.46248975687,105225.76427482728,88073.64749508195,0,0
1733155200,97127.8,97450,94455,95869.8,96323.80410115015,105242.86322655309,88160.61205541028,0,0
1733169600,95869.8,96397.7,95147.4,95886.6,96376.27352668757,105257.10946184021,88244.7384920664,0,0
1733184000,95886.6,96389,95452.6,96144.1,96426.12083884072,105266.93413934326,88327.800710134,0,0
1733198400,96144.1,96343.6,95321.9,95599.1,96473.17556362526,105272.77563819355,88409.12141726988,0,0
1733212800,95599.1,95725,94655.4,95055,96516.9155215243,105274.47896548113,88487.8754407662,0,0
1733227200,95055,96333,93605.4,95746,96557.52031100082,105282.26185599621,88555.79813968763,0,0
1733241600,95746,96260.3,94914.7,95512.3,96595.4106481385,105287.87444525333,88620.58814886789,0,0
1733256000,95512.3,96221,95327.4,95919.6,96630.91913376637,105288.97991391835,88684.82285867554,0,0
1733270400,95919.6,96736.8,95277.7,95870.2,96664.24818066972,105289.25969144049,88745.7742956638,0,0
1733284800,95870.2,96827.1,95810,96682.1,96695.9225841904,105286.6147393005,88806.17415195148,0,0
1733299200,96682.1,97066.6,96260,96283.1,96726.07624896646,105280.01614039762,88867.13898337685,0,0
1733313600,96283.1,96663.9,95432.7,95819.1,96754.1972878626,105271.59273486461,88925.93385944156,0,0
1733328000,95819.1,97306,94638,97285.2,96780.77075148978,105270.42044829919,88975.77826102194,0,0
1733342400,97285.2,99117.6,97199,98671.8,96807.67974689961,105273.49100858613,89022.66627800834,0,0
1733356800,98671.8,104698.8,97966.7,103140.8,96838.25084858538,105310.98035229323,89047.18953372975,0,0
1733371200,103140.8,103748.6,101416.6,102339.7,96872.81707838243,105357.04996096616,89071.80575176087,0,0
1733385600,102339.7,103288,102339.7,102698.1,96911.4254494346,105403.86733239095,89103.22382217928,0,0
1733400000,102698.1,103697.4,101011,101382.3,96953.18739427997,105460.32051545718,89132.29639324523,0,0
1733414400,101382.3,102138,98725,99129.3,96996.04594611893,105528.31694166844,89153.63384770066,0,0
1733428800,99129.3,99578.7,90530,96977.9,97035.79537796599,105637.817143285,89134.230896336,0,0
1733443200,96977.9,98878.8,96319.6,97801.9,97074.44001912777,105749.6464524286,89110.90695008957,0,0
1733457600,97801.9,98367.2,97425.5,98193.1,97112.30471269507,105854.44961523765,89092.14266278499,0,0
1733472000,98193.1,98750,97660.5,98101.4,97149.5542050818,105953.44248377041,89077.19901306475,0,0
1733486400,98101.4,99545,97517.5,99336.3,97186.77831072194,106052.86049714006,89061.90586601032,0,0
1733500800,99336.3,101879.9,98778.2,101516.2,97225.75387395859,106160.50493105478,89042.97528067205,0,0
1733515200,101516.2,101998.7,99076.4,99789.9,97265.962122812,106274.43510097472,89021.10256984587,0,0
1733529600,99789.9,100496.8,99329.1,99359.9,97306.78712041599,106383.72140978611,89004.32034357231,0,0
1733544000,99359.9,99740,98883.4,99454.4,97347.81546168678,106486.30708399603,88993.57518039871,0,0
1733558400,99454.4,99876.3,99310.6,99655,97389.24033799737,106580.93619289459,88990.2497801903,0,0
1733572800,99655,99897.9,99063.5,99807.9,97430.98289072885,106669.38236585048,88992.7007779559,0,0
1733587200,99807.9,100344.9,99514.2,100144.9,97473.37818083238,106752.19900609383,89001.06548101376,0,0
1733601600,100144.9,100540.2,99653.7,99913,97516.39077493269,106829.89012224047,89014.84836208445,0,0
1733616000,99913,100418.4,99710.3,100000.2,97559.96079447617,106901.57400701691,89034.66612750695,0,0
1733630400,100000.2,100109.9,99344.3,99755.8,97603.73457597847,106967.4635115904,89059.68871689489,0,0
1733644800,99755.8,99953,98729.1,99784.9,97647.4277309142,107030.16778557244,89087.22035797297,0,0
1733659200,99784.9,100596.4,99406.1,99986.1,97691.4818089472,107090.0449214827,89117.76650224724,0,0
1733673600,99986.1,100287.3,99524,100171.2,97735.83796798086,107144.68579512315,89153.22260190152,0,0
1733688000,100171.2,101464.8,99768.8,101186.8,97781.20544056383,107200.43662621696,89189.60069861758,0,0
1733702400,101186.8,101296.1,98245.5,99155,97826.32873318292,107263.87149316838,89219.14210435972,0,0
1733716800,99155,99816,98359.9,99649.2,97870.89938979711,107325.09204091455,89249.51998844952,0,0
1733731200,99649.2,99779.9,98093.1,98137.5,97914.32089097092,107384.86640120938,89279.00696659107,0,0
1733745600,98137.5,100500,97555,97847.9,97956.56621325004,107450.5325124071,89301.4547245996,0,0
1733760000,97847.9,98429.9,97032,97117.9,97996.57664391524,107511.63866678107,89323.62256788845,0,0
1733774400,97117.9,97658.3,93888,97329,98033.20292929893,107581.57210511899,89332.29630801997,0,0
1733788800,97329,98187,95559.7,96946.4,98067.14752001782,107653.42344096422,89334.50618954882,0,0
1733803200,96946.4,97511.8,95934,97213.9,98098.48112591924,107720.73908936285,89335.74055065698,0,0
1733817600,97213.9,97981.4,96960,97759.5,98127.94784699832,107780.9739245946,89339.4612986138,0,0
1733832000,97759.5,98299,95617,95651,98154.57921541751,107843.26407493268,89336.32993769052,0,0
1733846400,95651,96509.4,94190.8,95817.9,98177.46769962761,107904.41115476146,89327.350575937,0,0
1733860800,95817.9,97185.7,95578.8,96552.8,98197.67312530699,107960.95675542693,89317.31708407556,0,0
1733875200,96552.8,97599.9,95574.3,97363.2,98215.69014048806,108015.98998136946,89304.57232708007,0,0
1733889600,97363.2,97767.1,97125.9,97300.1,98232.13426596888,108061.70771347145,89296.68433552231,0,0
1733904000,97300.1,98467,97273,98297.9,98247.65421642833,108102.40082511789,89291.27831902933,0,0
1733918400,98297.9,100800,98066.1,100372.5,98263.93784052203,108149.01581850537,89282.37956534207,0,0
1733932800,100372.5,101179.2,99605.2,101130.6,98281.78144656663,108195.27659227743,89276.6197244523,0,0
1733947200,101130.6,101961,100844.9,101128.3,98301.73346350479,108239.11705371187,89276.69649351184,0,0
1733961600,101128.3,101867.5,100372.5,101073.3,98323.49031731674,108282.59557616334,89280.35661446246,0,0
1733976000,101073.3,101258.7,100426.6,100517.9,98346.60584091763,108321.47734194368,89290.27850955694,0,0
1733990400,100517.9,101149.3,100158.1,100389.6,98370.84063421942,108356.6799981349,89305.26744866637,0,0
1734004800,100389.6,101908.3,100387.7,101832.3,98396.8860553543,108392.20478797934,89323.27932925399,0,0
1734019200,101832.3,102636.2,99300,99466.8,98423.78474696388,108437.61925513206,89334.6927981196,0,0
1734033600,99466.8,100464.1,99444.3,99982.5,98450.99667155203,108478.5404530197,89350.3793943435,0,0
1734048000,99982.5,100346.1,99168,99720.1,98478.274122666,108515.83296627914,89369.17506952699,0,0
1734062400,99720.1,100220,99447.4,100113.4,98505.76181838643,108547.41798348639,89393.05320829354,0,0
1734076800,100113.4,100797,99858.9,100357.4,98533.81481261933,108574.88444557773,89421.34924761602,0,0
1734091200,100357.4,101350,99630.2,99820,98562.31487632844,108602.86578216102,89450.03286806645,0,0
1734105600,99820,101935.7,99728.7,101445.2,98591.94364936603,108634.91879274887,89477.41168844672,0,0
1734120000,101445.2,101865.3,101038.1,101415.8,98623.00397063527,108663.18915584196,89510.50477860031,0,0
1734134400,101415.8,102748,101133.6,102091,98655.92134256155,108692.89409768891,89545.7876685302,0,0
1734148800,102091,102172.6,101565.8,101842.6,98690.46352097852,108718.0030419435,89587.80806733512,0,0
1734163200,101842.6,101897.7,101333,101597.5,98726.29362937072,108738.19499040865,89636.22262308525,0,0
1734177600,101597.5,101770.9,100808,101633.9,98763.13033333978,108755.77118921354,89688.62807537778,0,0
1734192000,101633.9,101738.6,100824.9,101339.5,98800.79880621623,108770.43507145293,89744.95540386393,0,0
1734206400,101339.5,101492.5,100577.1,101419.9,98839.09814272312,108782.17788547445,89804.85141556739,0,0
1734220800,101419.9,102221.7,101243.4,101738.4,98878.50279508672,108792.03286005782,89868.33004190978,0,0
1734235200,101738.4,102888.1,101470.1,101721.4,98919.20230559932,108802.87934759352,89933.36061921515,0,0
1734249600,101721.4,102684.9,101578.9,102660.1,98961.36647463027,108813.16028315295,90001.54052177028,0,0
1734264000,102660.1,103371.7,102480,102701.1,99005.39933731806,108822.17227470981,90074.1907007476,0,0
1734278400,102701.1,103555,102566.1,103263.1,99051.43765658999,108830.7923638474,90150.83956235644,0,0
1734292800,103263.1,105338.2,102600,104515.6,99100.2978143186,108849.91734667448,90223.94565177574,0,0
1734307200,104515.6,106727.8,104150,104579.9,99152.73074964211,108878.97166091831,90295.34229739534,0,0
1734321600,104579.9,105438.9,104456.5,105007,99208.36842947901,108908.43527866363,90372.25024173554,0,0
1734336000,105007,105054,103653.5,103776.1,99266.28547502698,108939.84260734265,90451.71349775197,0,0
1734350400,103776.1,106545.9,103304.3,106352.6,99327.46653724248,108984.62043220634,90526.03541289677,0,0
1734364800,106352.6,107850,105812,106614.6,99392.94619311471,109036.54177338706,90602.265921814,0,0
1734379200,106614.6,106680.5,105476.5,106094.2,99461.87524772807,109090.03200846646,90683.48817632442,0,0
1734393600,106094.2,107074.6,105668.1,106878.3,99534.4587238258,109146.53188739128,90768.88016621865,0,0
1734408000,106878.3,107153.7,106364.4,106833.4,99610.6970611628,109202.66124178833,90861.25609193312,0,0
1734422400,106833.4,107550,106693.7,106816,99690.58074174353,109258.97013715479,90960.14612027247,0,0
1734436800,106816,108421.6,105680.9,106454.6,99773.73434101717,109325.63862132092,91056.39070477347,0,0
1734451200,106454.6,107669.9,106119,106494.8,99859.86387854263,109395.52115518565,91155.39931196134,0,0
1734465600,106494.8,106907.9,105300,106084.6,99948.16559210187,109468.14121674432,91256.1014939221,0,0
1734480000,106084.6,106470.3,104520,104723.5,100037.68299355805,109544.43058129639,91355.9727830499,0,0
1734494400,104723.5,104723.5,103057.1,104218,100127.1391037717,109621.46286600477,91455.11949024616,0,0
1734508800,104218,104978.2,103691.5,104971.5,100216.96126389387,109697.49251444325,91555.77848460338,0,0
1734523200,104971.5,105309.2,103602.9,104386.1,100306.94510758886,109774.74918086313,91655.71601753063,0,0
1734537600,104386.1,104968.2,102777,102777,100396.13791220369,109854.99272861479,91751.71976558483,0,0
1734552000,102777,102965.8,99800,100148.6,100482.08317881638,109941.41397582006,91836.63075476888,0,0
1734566400,100148.6,101265.2,98700,101141.4,100564.25299073412,110029.7285353504,91913.0594449773,0,0
1734580800,101141.4,101666,100554.5,101595,100643.59603648649,110111.99905885599,91989.37000264025,0,0
1734595200,101595,102554.7,101307.8,102417.8,100720.94027184554,110189.9962165494,92065.597219079,0,0
1734609600,102417.8,102742.4,99362.6,100611.4,100795.15711796453,110275.22445240887,92130.06592264728,0,0
1734624000,100611.4,101167,96200,97154.9,100863.63451546353,110374.46156198226,92172.34334552978,0,0
1734638400,97154.9,98342,95640.5,97399.4,100925.50225170323,110472.46948367565,92203.57843330114,0,0
1734652800,97399.4,97755,95912,97056,100980.7570735451,110563.6933655386,92228.40689152166,0,0
1734667200,97056,98221.5,96342.9,97783.8,101030.16750479423,110649.0887095369,92247.43615233249,0,0
1734681600,97783.8,97825.8,92533.3,92681.1,101070.77580019517,110747.091591527,92239.9096360095,0,0
1734696000,92681.1,97524.6,92230,96941.9,101104.16840159467,110858.58805387272,92208.03771387126,0,0
1734710400,96941.9,97698,96267.5,97063.8,101132.08452406837,110959.89865682107,92174.72838377164,0,0
1734724800,97063.8,97775.6,95355,97757.3,101154.68373075049,111057.48712062385,92134.89613315754,0,0
1734739200,97757.3,97757.3,97122.6,97440.1,101172.65167330913,111140.79428892805,92098.54502208151,0,0
1734753600,97440.1,99482.8,97328,98983.7,101187.32412784723,111220.84932381345,92058.94961603906,0,0
1734768000,98983.7,99122.3,97746,98207.7,101198.59128640126,111292.68832777979,92020.0152609288,0,0
1734782400,98207.7,98246.2,96326.7,97464.8,101205.57810064073,111358.93363646371,91977.97342530437,0,0
1734796800,97464.8,97688.4,96758.5,97228,101208.34156154662,111413.49984333488,91937.94662264586,0,0
1734811200,97228,97999,96478.5,97249.7,101207.07971736627,111460.50437125035,91896.8834987556,0,0
1734825600,97249.7,97431.6,96508.4,96939.3,101201.68451098724,111496.2223290596,91857.64982812379,0,0
1734840000,96939.3,97031.4,95839.1,96171.9,101191.72261771883,111522.13189799018,91818.22972777912,0,0
1734854400,96171.9,97317,96151.4,97047.3,101177.89998024725,111538.98593352809,91779.27662453074,0,0
1734868800,97047.3,97265.6,95056,95320.9,101159.42876464875,111552.67801613231,91734.50794708983,0,0
1734883200,95320.9,96437.1,94611.1,94771.1,101135.91062848992,111560.31694269966,91685.58049102276,0,0
1734897600,94771.1,95790.5,94200,95144.7,101107.35731102774,111560.46821249033,91633.69306543749,0,0
1734912000,95144.7,95999.5,93635.9,95969.8,101074.18028651757,111558.57059040261,91575.12387013626,0,0
1734926400,95969.8,96470,94650,95353.8,101036.91347960122,111551.49459060797,91513.4120161212,0,0
1734940800,95353.8,96500,94975.6,95891.3,100996.07895323646,111537.92509361885,91450.58019832155,0,0
1734955200,95891.3,96391.9,93056,93202.7,100950.26344097256,111528.01178779035,91375.74969230668,0,0
1734969600,93202.7,94232,92616.1,93000.2,100898.76455249955,111509.7273346422,91297.51216832177,0,0
1734984000,93000.2,95472.6,92465.8,94837,100842.90127125516,111493.4382334819,91209.76891490498,0,0
1734998400,94837,94837,93508.6,94309.2,100782.88393840661,111468.24421085777,91121.82368037118,0,0
1735012800,94309.2,94639.8,93751.7,94189.9,100718.93438296179,111431.71684803527,91036.05355981037,0,0
1735027200,94189.9,94599.5,93800,94356.3,100651.35406100815,111383.89482779414,90952.96128742001,0,0
1735041600,94356.3,98276.8,94031,98255.2,100583.01932985606,111349.72843341631,90857.37271070057,0,0
1735056000,98255.2,99435.7,97509,97540,100515.33318490288,111315.28486853735,90763.2066629844,0,0
1735070400,97540,99065,97198.6,98628.3,100448.46747766972,111280.42973732259,90670.8811462147,0,0
1735084800,98628.3,98852,97688.1,98000.1,100382.33582723369,111240.77220193486,90583.81335073344,0,0
1735099200,98000.1,98550,97759,98053.5,100316.91222915203,111194.22474982671,90503.64712585557,0,0
1735113600,98053.5,99338.9,97750,97890,100252.4320161853,111146.21079390604,90426.3856893528,0,0
1735128000,97890,98817.9,97562.6,98494.6,100188.88244977107,111094.79988683104,90353.57349542253,0,0
1735142400,98494.6,99298,98101.5,99001.3,100126.78326261192,111040.35073152267,90285.85248940511,0,0
1735156800,99001.3,99590,98337.1,99405.2,100066.43353753434,110983.71200915647,90223.06913014092,0,0
1735171200,99405.2,99950,98418.3,98950.9,100007.80979654615,110926.70194606562,90163.70129858433,0,0
1735185600,98950.9,98950.9,97650.7,97675.3,99949.89989483713,110866.96454286476,90107.8380758365,0,0
1735200000,97675.3,97725.2,95137.5,95659,99890.8245285666,110810.72068062297,90047.03483299093,0,0
1735214400,95659,96240.6,95178.6,95983.3,99830.32031805928,110748.03018932696,89988.89495162122,0,0
1735228800,95983.3,96575.1,95383.3,96050.1,99768.71466972568,110680.26122573247,89932.89604321012,0,0
1735243200,96050.1,96069.7,95250,95743.2,99705.80199345177,110605.05851687535,89880.58127233524,0,0
1735257600,95743.2,96421.4,95351.1,96380,99642.06827853968,110524.78793390973,89830.9054142869,0,0
1735272000,96380,96572.7,94594.9,95059.6,99576.9696086783,110444.73512768964,89778.59256925053,0,0
1735286400,95059.6,97500,95054.7,96900,99511.70959969769,110368.97290528035,89722.50159429362,0,0
1735300800,96900,96995.7,93930,94529.2,99445.02469510875,110299.9050897087,89658.39933015037,0,0
1735315200,94529.2,94979.9,93380.1,94699.9,99376.23763056434,110227.38542799136,89593.31265330505,0,0
1735329600,94699.9,94794,94084.5,94251,99305.53595297002,110146.02753168199,89531.95763751055,0,0
1735344000,94251,94676,94070.2,94537,99233.12918185482,110055.7223741992,89474.80162586446,0,0
1735358400,94537,94759.8,94239.5,94325,99159.18104750443,109956.44268965953,89422.16522739897,0,0
1735372800,94325,94858.3,94243.5,94712.9,99084.00100200732,109849.47649874986,89373.56433080058,0,0
1735387200,94712.9,95302.8,94266.8,94389.8,99007.76901634589,109737.96756454046,89326.77124559382,0,0
1735401600,94389.8,95221.7,94333.2,94984.8,98930.80421458912,109621.53342502947,89282.67756114663,0,0
1735416000,94984.8,95699.9,94825.4,95255.8,98853.63237025452,109500.86580245514,89241.67458568471,0,0
1735430400,95255.8,95300,94758,95124.6,98776.1401647574,109374.00764819246,89205.16012571145,0,0
1735444800,95124.6,95238.1,94899.3,95217.6,98698.47726059708,109240.17763782527,89174.05321197104,0,0
1735459200,95217.6,95274.8,94958.7,94975.1,98620.68023105993,109099.64377001685,89148.21564165289,0,0
1735473600,94975.1,95188.8,93923.8,94465.8,98542.28771853974,108958.18504439766,89122.10188566058,0,0
1735488000,94465.8,94544.9,93233,93550.7,98462.64829015503,108815.5029208812,89094.77829974136,0,0
1735502400,93550.7,93900,92926.7,93699,98381.62728225642,108669.41384137917,89067.79050849423,0,0
1735516800,93699,94244.9,93313.3,93667.3,98299.60551343476,108520.20502020213,89041.5977586668,0,0
1735531200,93667.3,94000,93163.8,93680,98216.58225422716,108367.45047789309,89016.55420664577,0,0
1735545600,93680,94029.5,93417.3,93876.2,98132.84814018235,108210.24780609847,88993.93615066986,0,0
1735560000,93876.2,94232.3,91463.7,92077.1,98047.31787535174,108061.24915736423,88961.36790489007,0,0
1735574400,92077.1,94656,91751,94387.1,97961.18266982498,107922.13306014537,88919.6037732382,0,0
1735588800,94387.1,95000,91831.4,92739.3,97874.1442613696,107793.72488498922,88867.40044576897,0,0
1735603200,92739.3,92850,91981.4,92467.1,97785.56130582816,107660.53242708245,88816.3543717578,0,0
1735617600,92467.1,92989.7,92301.1,92811.7,97695.86697158586,107522.07407810056,88767.65543414831,0,0
1735632000,92811.7,94700,92790,94201.5,97606.41077378669,107387.5814208408,88716.1373604813,0,0
1735646400,94201.5,96322.1,94201.5,95385.1,97518.67047603078,107259.63752278054,88662.34597700277,0,0
1735660800,95385.1,95585.2,93138.2,94140.8,97431.6483806496,107139.08508994686,88603.76302635876,0,0
1735675200,94140.8,94212.6,93329.7,93530,97344.80168834247,107015.48917348974,88548.02691580982,0,0
1735689600,93530,94457.9,93451,93802,97258.42260117341,106890.10383092632,88494.63540451373,0,0
1735704000,93802,93909.3,93472.9,93642.7,97172.3476502489,106759.39236100503,88446.22415919439,0,0
1735718400,93642.7,93737.7,92840,93393.3,97086.29715043768,106626.21309410423,88399.9236291387,0,0
1735732800,93393.3,94481.4,93351.2,94411.6,97001.11354196325,106493.03739118073,88355.22264068764,0,0
1735747200,94411.6,94786.8,93687.7,94583.4,96917.11178204398,106360.08326972347,88312.5160061529,0,0
1735761600,94583.4,95158.4,94500,94564.6,96834.70579239793,106225.1868040012,88274.3587281417,0,0
1735776000,94564.6,95515.7,94339.9,94985.8,96754.10792198307,106091.92149136632,88238.17372881276,0,0
1735790400,94985.8,95987.5,94957.8,95799.9,96675.937647981,105960.11096674763,88205.23907387511,0,0
1735804800,95799.9,96869.8,95591.5,96717.7,96600.95016421146,105832.11408004204,88174.97083702554,0,0
1735819200,96717.7,97400,95889.7,96427,96529.24808637227,105709.41110238538,88146.3214954013,0,0
1735833600,96427,97764,96003,97294.1,96461.18424899751,105593.80613380262,88118.42670893564,0,0
1735848000,97294.1,97844.8,96618.3,96960.5,96396.77678779772,105482.04059761648,88094.03498861086,0,0
1735862400,96960.5,97329.6,96605.3,97024.2,96335.77550464869,105370.95636020918,88075.32893937611,0,0
1735876800,97024.2,97042.8,96253.5,96283.3,96277.64507703783,105260.54797403526,88061.34035960516,0,0
1735891200,96283.3,96810.7,96062.1,96715.4,96222.31616424942,105150.66902251211,88052.07055820574,0,0
1735905600,96715.4,97631.5,96432,97491.8,96170.34562765689,105044.70407728282,88045.70834278867,0,0
1735920000,97491.8,98950,97360.2,98555.2,96122.68116681947,104945.89789859483,88041.26716439998,0,0
1735934400,98555.2,98709,98016.9,98140,96079.17671367544,104848.82745713805,88043.02748880397,0,0
1735948800,98140,98275.2,97750,98144.1,96039.46965742235,104752.32119390767,88051.31597041294,0,0
1735963200,98144.1,98298.6,97832.8,98235,96003.49157467969,104656.1734984452,88066.18937454768,0,0
1735977600,98235,98268.2,97502.1,97848.4,95970.87610933513,104561.94679395201,88085.66924775443,0,0
1735992000,97848.4,98122.7,97442.8,97617.4,95941.36825401746,104469.00432353561,88109.82934178566,0,0
1736006400,97617.4,98380.7,97527.7,98129.3,95915.12863646571,104378.66387507918,88137.85844547713,0,0
1736020800,98129.3,98759.6,98105,98177.2,95892.35384952794,104290.07957364352,88170.83623289273,0,0
1736035200,98177.2,98370,98011,98161.7,95872.75649378153,104201.40282407816,88209.80513318002,0,0
1736049600,98161.7,98516,98161.7,98227.4,95856.32948646923,104112.82032945225,88254.60566280762,0,0
1736064000,98227.4,98227.4,97543,97607.6,95842.46915960065,104025.8009411839,88302.89035508252,0,0
1736078400,97607.6,98245.7,97216,97990.1,95831.0996391439,103942.37678628572,88352.79644345422,0,0
1736092800,97990.1,98308.6,97536.7,98049.2,95822.26229900411,103861.12824302616,88405.60571048554,0,0
1736107200,98049.2,98828.5,97977.5,98340.5,95816.24816313687,103782.89231513749,88461.14429131929,0,0
1736121600,98340.5,99282.2,97861,99001.7,95813.25218431419,103711.18244449177,88516.77396551134,0,0
1736136000,99001.7,99877.7,99001.7,99275,95813.77127845904,103643.30768152997,88575.70230013857,0,0
1736150400,99275,99608.1,98679.2,99238.8,95817.45713373,103579.26417420439,88637.28821372183,0,0
1736164800,99238.8,102471.7,98612.2,102117.4,95825.91667369581,103537.07208757939,88689.06683575868,0,0
1736179200,102117.4,102459.4,101210,101761.6,95839.61334849562,103501.9135548841,88744.55719041829,0,0
1736193600,101761.6,102291.7,101515,102185.9,95858.47855366823,103471.09475785203,88805.9407521323,0,0
1736208000,102185.9,102702.1,101454.1,101650.9,95882.21641685197,103446.96752329306,88870.65174663499,0,0
1736222400,101650.9,101975,101524.7,101646.2,95910.39558915878,103424.68289732584,88942.05642574684,0,0
1736236800,101646.2,101966,100441,100796.4,95942.2085223351,103409.49327581306,89014.14255644756,0,0
1736251200,100796.4,100955.5,97088,97905.1,95975.22683599385,103412.09616609203,89073.17913202464,0,0
1736265600,97905.1,98329.8,96159.2,96415.7,96007.77484891115,103420.64195189954,89126.23879985418,0,0
1736280000,96415.7,97188.8,96113.4,96908.1,96039.6200248851,103428.36763063529,89178.71204797293,0,0
1736294400,96908.1,97224.3,96165.4,96487.5,96070.65543397068,103435.08834004203,89230.5597996937,0,0
1736308800,96487.5,96623.5,95202.3,95608.9,96100.10103562659,103442.15836859166,89279.16397635559,0,0
1736323200,95608.9,96095.9,94458,95101.8,96127.420386031,103450.26309492005,89322.93329785146,0,0
1736337600,95101.8,96037.9,94571,95455.3,96152.8107333807,103458.48642186711,89363.022132665,0,0
1736352000,95455.3,95457.8,92378.5,94211.6,96175.01756854236,103475.13409416692,89389.92044109707,0,0
1736366400,94211.6,95254.5,93530.5,95022.2,96194.73328939703,103492.32290713322,89411.72110825659,0,0
1736380800,95022.2,95356.6,93374.9,93966.1,96211.68201143378,103511.15277144864,89426.96035767181,0,0
1736395200,93966.1,94588.6,93089.4,93175.6,96225.35848400362,103528.06939875975,89437.76957446028,0,0
1736409600,93175.6,93827.2,92705,93410.1,96235.58854112838,103540.60638595001,89445.95579569711,0,0
1736424000,93410.1,94555,91738,94210.8,96242.697219286,103559.3356077024,89442.99143759895,0,0
1736438400,94210.8,94666,91850,91859.5,96246.10506520286,103583.1854493511,89428.73015574073,0,0
1736452800,91859.5,92699.2,91151,92507.7,96245.29344375132,103603.70650740746,89409.50881338886,0,0
1736467200,92507.7,93687.8,92406.6,93655.9,96241.58003143965,103620.52108977923,89388.10217835914,0,0
1736481600,93655.9,94948.4,93457.9,94457.1,96236.12286775402,103636.02955956859,89364.59051911213,0,0
1736496000,94457.1,95233,94342.1,95019.8,96229.57015795581,103647.28484000024,89342.71830738019,0,0
1736510400,95019.8,95079.9,92161.2,93695.9,96220.77453853558,103665.36904760142,89310.80396332139,0,0
1736524800,93695.9,95873.6,93153.9,95275.4,96210.94864661925,103689.81796616373,89271.51017376674,0,0
1736539200,95275.4,95416.6,94534.1,94684.2,96200.25545826562,103709.52836855629,89234.70481272995,0,0
1736553600,94684.2,94709.7,94054.9,94163.1,96188.18474207836,103722.76243489722,89200.93012161556,0,0
1736568000,94163.1,94409.5,93800,94204.3,96174.6397951952,103729.34603938872,89170.14994217012,0,0
1736582400,94204.3,94750,93981,94574.6,96159.99107855652,103730.8140396969,89141.72678418795,0,0
1736596800,94574.6,94611.2,94258.7,94371.5,96144.28024117208,103724.88811386326,89117.69191735162,0,0
1736611200,94371.5,94696.5,93888.3,94201.1,96127.41986871927,103714.44799459148,89095.40598527718,0,0
1736625600,94201.1,94991.9,94142.1,94569.4,96109.77740716997,103700.25816131316,89074.89216552196,0,0
1736640000,94569.4,94663.9,94255,94587.3,96091.3399262606,103679.81694349313,89058.27460957582,0,0
1736654400,94587.3,94610.2,94210.3,94295.1,96072.03250386319,103653.22933828871,89045.32437962272,0,0
1736668800,94295.1,94358.6,93660,94211.2,96051.62170458611,103622.2693388095,89034.08592524956,0,0
1736683200,94211.2,95439.9,94120.6,95043.8,96030.95265842359,103591.63205794324,89022.09266599992,0,0
1736697600,95043.8,95283.7,94540.2,94632.4,96010.00868114475,103557.87413789053,89012.27302792582,0,0
1736712000,94632.4,94782.7,93740,94510,95988.35743094867,103522.47233420807,89002.55716986922,0,0
1736726400,94510,95954.8,93868.4,94217.1,95966.38040000806,103491.99904169566,88988.00151080894,0,0
1736740800,94217.1,94888.2,93151,93557.9,95943.31332750169,103463.4421310745,88969.77698265146,0,0
1736755200,93557.9,93621.2,90769,90811.9,95917.09995024734,103441.41885123098,88940.09928554123,0,0
1736769600,90811.9,93050.9,89100,92081.1,95887.57821749848,103432.26990235569,88893.22128477704,0,0
1736784000,92081.1,92500,91200,92260.7,95855.50513869937,103419.72474687519,88844.53993552951,0,0
1736798400,92260.7,94700,91839.2,94508.2,95822.71485263889,103415.00251876102,88787.82051051436,0,0
1736812800,94508.2,95285.1,94330.3,94849.3,95790.38886154085,103407.45565934098,88734.40062652141,0,0
1736827200,94849.3,95484.3,94714.4,94838.4,95758.72401647532,103396.31146618712,88685.30313348935,0,0
1736841600,94838.4,97395.5,94838.4,96526.2,95728.92109310353,103393.37777980989,88632.62358219564,0,0
1736856000,96526.2,97247.9,95712.1,96415.4,95701.12331271285,103392.53935615347,88581.87505934377,0,0
1736870400,96415.4,97064,95308.8,96518.1,95675.11428861145,103394.84076440363,88531.7625760131,0,0
1736884800,96518.1,96899.5,96100,96523.3,95651.04203471653,103394.79288151982,88487.2592453577,0,0
1736899200,96523.3,97548.7,96450,97281.3,95629.40303673805,103394.80190412619,88447.21936449625,0,0
1736913600,97281.3,97691.7,96707.2,97255.8,95610.22971482833,103394.32394417812,88412.16497587986,0,0
1736928000,97255.8,97499,96469.6,96722.3,95593.12673805759,103393.32159054582,88381.39387519119,0,0
1736942400,96722.3,99765,96500,98955.1,95579.4461142682,103406.02716582632,88345.24224453892,0,0
1736956800,98955.1,99942.5,98555.9,99807.5,95570.0102553902,103422.0836068603,88314.08671802786,0,0
1736971200,99807.5,100700,99400.1,100465,95565.3386334101,103441.53764564879,88288.84562218713,0,0
1736985600,100465,100866.1,99129.8,99437.5,95564.88007123138,103466.29279215027,88266.87471421329,0,0
1737000000,99437.5,99891.8,99293.1,99783.6,95568.3085270781,103489.59256851673,88253.33415705505,0,0
1737014400,99783.6,99799,98599.9,99125.7,95575.00553546414,103514.3932856717,88244.55607728896,0,0
1737028800,99125.7,99498.2,97291,99255.6,95584.3632198077,103545.89897464865,88234.98161306228,0,0
1737043200,99255.6,100400,99029.5,100373.3,95597.42170841694,103580.19039452761,88229.87293697555,0,0
1737057600,100373.3,100620,99331,99945.8,95614.03802826947,103616.6711597089,88229.47278416548,0,0
1737072000,99945.8,102150,99906.1,101016.1,95635.01573076985,103661.488840854,88230.02964838807,0,0
1737086400,101016.1,101911.9,100907.6,101410.4,95660.5000210211,103707.73058350597,88237.69658042418,0,0
1737100800,101410.4,102579.3,101410.4,102205.4,95690.8689233274,103756.81068758393,88251.96471075772,0,0
1737115200,102205.4,104219.8,102164.4,103988.4,95727.13785089746,103814.66762588169,88269.65524898679,0,0
1737129600,103988.4,105815.8,103802,105788.5,95770.50963639273,103882.09726619248,88292.31173983369,0,0
1737144000,105788.5,105806.4,104026,104048.8,95820.19546133048,103956.89046952041,88320.35872542327,0,0
1737158400,104048.8,104617,103008,103530,95875.076112166,104036.96927941607,88353.4985993896,0,0
1737172800,103530,103750.2,102545.5,102773.7,95934.25989699729,104119.21499122081,88392.73541162061,0,0
1737187200,102773.7,103851.9,102244,103538.9,95997.6811630227,104205.85590608598,88436.05485072498,0,0
1737201600,103538.9,104963,103076.7,104521.4,96065.97654925943,104299.00464323549,88482.83722294761,0,0
1737216000,104521.4,104692.3,103107.3,104366,96138.76274494984,104396.55615573053,88534.16283524029,0,0
1737230400,104366,104738.6,103734.2,104520,96216.03211975253,104495.33312064681,88592.71089342165,0,0
1737244800,104520,105431.1,103970.9,104955.1,96297.9324144671,104598.0704663375,88656.43262784346,0,0
1737259200,104955.1,105618.8,104227.7,105158.7,96384.38907334389,104704.33082354761,88725.56067138781,0,0
1737273600,105158.7,105442.4,103427.9,104344.9,96474.60482050982,104816.71398437611,88796.42398120667,0,0
1737288000,104344.9,105700,104281.3,104904,96568.83842813064,104932.13074462861,88872.11656888772,0,0
1737302400,104904,106250,104471.3,106231.4,96667.44992836303,105052.92958303961,88951.3116173128,0,0
1737316800,106231.4,106476.5,99600,101310.7,96767.30830447785,105204.03423860225,89007.15665766732,0,0
1737331200,101310.7,102305.5,99500.1,101880,96867.13798338603,105360.69321180954,89058.28288571481,0,0
1737345600,101880,109951.7,101523.9,107172.9,96971.34974072619,105557.07961573156,89083.96011684286,0,0
1737360000,107172.9,109237.2,107153.9,108271.9,97081.42285478672,105758.82591975333,89115.99180063861,0,0
1737374400,108271.9,108767.6,104500,105000,97195.15385005694,105975.41175470123,89142.35647229895,0,1
1737388800,105000,107089.2,100519,103693.3,97310.21280630642,106217.18942441129,89150.14196593281,0,0
1737403200,103693.3,104343.2,101700,102258.7,97425.53031667351,106460.34842427754,89157.45719389872,0,0
1737417600,102258.7,103250,100000,102915.8,97540.3355185833,106707.55613844845,89160.66862906735,0,0
1737432000,102915.8,102949.9,101073.9,101962.7,97654.48828049922,106950.52762545412,89166.45193862985,0,0
1737446400,101962.7,103978.9,101707.6,103745.9,97768.96674519248,107192.5054762952,89173.87289297386,0,0
1737460800,103745.9,105340.4,102777.1,103931.7,97884.44836934666,107435.66678523472,89182.34995203748,0,0
1737475200,103931.7,107265.6,103800,107008.2,98002.59588431197,107686.51910662602,89189.51861146,0,0
1737489600,107008.2,107211,105330.3,106133.3,98123.37303482853,107935.91995963467,89202.89315487207,0,0
1737504000,106133.3,106387.4,105423.6,105588.9,98246.18407052751,108178.2577834361,89225.99496604117,0,0
1737518400,105588.9,106020,105029.4,105063.5,98370.44965137662,108413.32338899901,89257.89803429224,0,0
1737532800,105063.5,105463.2,104606.8,105112.6,98495.71790923683,108640.14607182205,89298.54015514995,0,0
1737547200,105112.6,105568,103625.7,104152.5,98621.2780477968,108864.34910083989,89341.97985027781,0,0
1737561600,104152.5,104742,103310,104613.8,98746.79638600425,109082.77039086472,89390.19206754201,0,0
1737576000,104613.8,104830,103572.7,103670.4,98871.97866029399,109294.22931443782,89443.5893415487,0,0
1737590400,103670.4,103780,102071.4,102411.6,98995.54984004179,109500.18680072275,89498.64995177809,0,0
1737604800,102411.6,102933.4,101527.8,102659,99117.10564106445,109698.58421377343,89556.31197133019,0,0
1737619200,102659,102669.6,101205.1,101921.5,99236.20127210676,109889.44151766194,89615.74021044867,0,0
1737633600,101921.5,106053.4,101277.8,105235.5,99354.9260783196,110094.07287520931,89663.33135133896,0,0
1737648000,105235.5,106875,103350,103736.6,99473.61349472094,110304.76920251115,89706.00141078816,0,0
1737662400,103736.6,106400,102147.3,103862.4,99591.67971945187,110524.91577661484,89739.97039173014,0,0
1737676800,103862.4,104240,102691.8,103831.5,99708.53267010943,110737.93497086669,89777.6492747657,0,0
1737691200,103831.5,105316,103747.6,105008.8,99825.13426758027,110945.06583932306,89819.74417837015,0,0
1737705600,105008.8,105733.4,104891.5,105384.1,99941.98048627292,111142.79547377782,89869.96791775986,0,0
1737720000,105384.1,106319.3,104622.3,105827.8,100059.18629731203,111336.43747105329,89924.20621580607,0,0
1737734400,105827.8,107118.6,105532.2,105734.3,100177.12157730464,111525.81771952545,89983.25134680553,0,0
1737748800,105734.3,105755.3,104386.7,104800.1,100294.59615271329,111708.61362330869,90046.82531783725,0,0
1737763200,104800.1,105227.3,104308.6,105146.5,100411.4406178588,111882.25197769335,90116.68275111218,0,0
1737777600,105146.5,105165.5,104175,104349.9,100527.2664935843,112047.01169659168,90191.88602759961,0,0
1737792000,104349.9,104640,104036.9,104619.1,100641.88596355532,112200.72153102951,90273.83310988887,0,0
1737806400,104619.1,105072,104405.7,104846.5,100755.56073112336,112344.38636748378,90362.17426152878,0,0
1737820800,104846.5,105276.1,104380.2,104997.8,100868.32631049129,112479.71667632804,90455.59104631895,0,0
1737835200,104997.8,105237.4,104638.9,104709.4,100980.0942792058,112605.16745010656,90555.16431033594,0,0
1737849600,104709.4,105217.5,104466.9,105024.5,101090.84007547586,112721.95060591688,90659.87495987328,0,0
1737864000,105024.5,105591.5,104903.9,104966,101200.73614604435,112830.1872945104,90769.9370361639,0,0
1737878400,104966,105200,104400,104773.6,101309.37765731984,112930.42025443142,90884.19203780223,0,0
1737892800,104773.6,105053.7,104654.6,104934.4,101416.79881176986,113020.6387339866,91004.32625792685,0,0
1737907200,104934.4,105243.6,104861.5,105056.7,101523.11133230048,113101.2474071015,91130.22509372888,0,0
1737921600,105056.7,105188.4,102457.1,102553.7,101626.70492305479,113184.7051180104,91248.96462600067,0,0
1737936000,102553.7,103217.8,100667.7,101345,101726.00841629831,113268.25913169015,91359.93496890945,0,0
1737950400,101345,101347.1,97694.2,98986.3,101818.75709755796,113356.37891945585,91455.45575567223,0,0
1737964800,98986.3,99478.6,98208,98700,101904.58940029837,113433.56168397756,91547.3796879836,0,0
1737979200,98700,102270.4,98655.6,101055.2,101985.55010650674,113516.43011090237,91625.96480848861,0,0
1737993600,101055.2,101195.5,98793.3,99649.9,102060.9970654263,113596.47276957748,91696.92392754125,0,0
1738008000,99649.9,102376.8,99549.6,102024.2,102132.49617374127,113677.74493780421,91759.79678684114,0,0
1738022400,102024.2,102910.4,101280,102594.9,102201.05985092201,113753.73879714242,91821.65566688284,0,0
1738036800,102594.9,103329.9,102458.4,102745.3,102267.30665634574,113820.6122013651,91886.7137372296,0,0
1738051200,102745.3,103178.1,102322.7,102703.8,102331.16537811716,113878.47670124953,91954.7548490229,0,0
1738065600,102703.8,103800,101767,102718.8,102392.70153440592,113934.73964740791,92019.91736637507,0,0
1738080000,102718.8,103077.6,101739.8,102375.4,102451.60291338348,113984.88590890788,92085.28706086394,0,0
1738094400,102375.4,102490,100205.7,101278,102506.88183420227,114033.80794991387,92145.1367123187,0,0
1738108800,101278,102266,101265.3,101970.4,102559.13435610605,114074.22760699475,92206.41910556187,0,0
1738123200,101970.4,102847.4,101899.9,102700.1,102609.06703040567,114106.8099839411,92269.87099483403,0,0
1738137600,102700.1,102974,102150,102591.5,102656.81659880339,114131.20079421854,92336.0301202946,0,0
1738152000,102591.5,102781.2,101516.2,101919.3,102701.9457911777,114149.87368048182,92402.11424866015,0,0
1738166400,101919.3,103985.2,101335.9,103536.1,102745.3739647751,114172.28708506573,92462.12141915076,0,0
1738180800,103536.1,104777,102800,103700,102787.90612759344,114194.94712718474,92520.3252148082,0,0
1738195200,103700,105293.9,103235,105166.3,102830.30795376508,114219.106081036,92577.08799055111,0,0
1738209600,105166.3,105582.2,104777,105100,102873.10157781169,114237.82770146,92638.97293193634,0,0
1738224000,105100,105534,104901,105281.5,102916.31086231794,114250.4052162146,92706.60372245283,0,0
1738238400,105281.5,106421.1,104628,105516.5,102960.14421507056,114264.16739248019,92774.41510054508,0,0
1738252800,105516.5,105970,104711,105676,103004.46819748172,114275.86336163084,92844.8069131666,0,0
1738267200,105676,105789,104633,104684.6,103048.8261582312,114284.5384522668,92917.73599824807,0,0
1738281600,104684.6,104976.2,103875,104273.2,103092.54665972789,114289.34559810942,92992.68554884421,0,0
1738296000,104273.2,104761.1,103911,104146.1,103135.5177885754,114288.8585858363,93070.62089108813,0,0
1738310400,104146.1,104796,103863,104675,103177.894557717,114283.98095794066,93151.09463399985,0,0
1738324800,104675,105998,104050.1,105404.7,103220.3333890331,114281.58544674308,93229.69385919368,0,0
1738339200,105404.7,105535.7,102058.5,102232,103260.99748038017,114288.81998049305,93297.25866854716,0,0
1738353600,102232,102419.9,101468.4,102377.6,103298.77089799827,114289.05281749413,93365.33820152361,0,0
1738368000,102377.6,102735,102117.5,102173.1,103333.98744829524,114280.81964899776,93435.74008972454,0,0
1738382400,102173.1,102517.3,102033,102112.1,103366.60414033075,114263.56860499432,93508.84960052639,0,0
1738396800,102112.1,102222.9,101350.1,101966.9,103396.3345412211,114239.6788794284,93582.21330299317,0,0
1738411200,101966.9,102233,101670.3,102023.4,103423.39965438569,114207.7192977343,93657.4135430002,0,0
1738425600,102023.4,102220,101404,101622.6,103447.66523408573,114169.37306995857,93732.83880455447,0,0
1738440000,101622.6,101622.6,100215.1,100576.5,103468.29678310484,114127.59416124021,93804.55724030771,0,0
1738454400,100576.5,101410,99100.3,99157.1,103484.51894424586,114087.17857480796,93867.21448370261,0,0
1738468800,99157.1,100434.1,98958,99569.9,103496.27035052454,114042.77041665543,93925.09439515075,0,0
1738483200,99569.9,100057.8,98580,98824.4,103503.2300594212,113994.08303636686,93977.84821266374,0,0
1738497600,98824.4,99364.6,98100,99292.7,103505.36163045981,113939.81897765484,94026.47803357753,0,0
1738512000,99292.7,99308.6,96625,98223.3,103501.99320244689,113888.29347336428,94062.89505413298,0,0
1738526400,98223.3,98575,95994.3,97645.7,103492.70586772094,113838.1740914522,94087.420615321,0,0
1738540800,97645.7,97737.5,91166.6,93998.2,103474.5323174431,113812.38293240262,94075.6933687334,0,0
1738555200,93998.2,95336,92609.9,95247.1,103447.98340695591,113785.01927816901,94050.03698073838,0,0
1738569600,95247.1,95885.5,94703,95052.3,103414.31428484482,113746.91561959138,94020.31115086052,0,0
1738584000,95052.3,99468.8,94091,98804,103376.19536805472,113727.67724292359,93966.90434420323,0,0
1738598400,98804,101840,97979.5,101831.8,103336.98150199722,113719.51502408292,93902.36797688303,0,0
1738612800,101831.8,102457.8,100867.2,101294.8,103297.73638562317,113708.89110936901,93839.8241183315,0,0
1738627200,101294.8,101684.7,100500,100580.5,103257.89124308738,113692.8397120956,93780.68250356955,0,0
1738641600,100580.5,100727,98170.6,98409.6,103215.69945009728,113678.21362153899,93716.11563532049,0,0
1738656000,98409.6,99445.5,97800,98923.4,103170.92516914716,113659.0005717073,93650.6545607211,0,0
1738670400,98923.4,100381.1,98248.5,99310.1,103124.32128747723,113639.01630689148,93582.5210971833,0,0
1738684800,99310.1,100765.5,98734,98828.6,103076.14519190916,113617.77698578901,93512.58218115327,0,0
1738699200,98828.6,99464.7,96086.1,97706,103024.80971650731,113602.1929207459,93432.27577065724,0,0
1738713600,97706,98900,97094.2,98000.3,102970.75703620652,113582.40253971523,93350.52409110677,0,0
1738728000,98000.3,98309.6,97313.9,97814.3,102913.97442529158,113553.33948355787,93271.4632628057,0,0
1738742400,97814.3,98198.4,97209.6,98186.2,102854.69389364881,113515.46380749508,93195.12691149038,0,0
1738756800,98186.2,99170,97700.1,98064.2,102793.5386840618,113472.65467132906,93119.4535440928,0,0
1738771200,98064.2,98265.9,96450,97331.8,102729.67874243195,113426.3773986418,93041.73452911178,0,0
1738785600,97331.8,97671.8,96100.1,96568.5,102662.71875366205,113374.7014500838,92962.8363919782,0,0
1738800000,96568.5,97480.4,96363.1,97308.9,102593.14232240338,113315.34926577493,92885.49980019279,0,0
1738814400,97308.9,98400,97230,98164.9,102522.03155996125,113249.97763875817,92810.32256543716,0,0
1738828800,98164.9,99099,97816.5,98829,102450.18104379032,113180.29671377726,92737.33945448957,0,0
1738843200,98829,99000,96880,97292.6,102376.83279136273,113110.88764827278,92661.42376127564,0,0
1738857600,97292.6,97499,95631.8,95953.5,102300.74128847946,113038.8631288178,92582.68686094365,0,0
1738872000,95953.5,97050,95750,96500,102222.1810925503,112960.92162755408,92504.32943324425,0,0
1738886400,96500,97791.7,96365.7,97407.6,102142.11229112615,112878.99372823907,92426.5069939491,0,0
1738900800,97407.6,97833.3,96532.6,96694.9,102060.51333508997,112792.35841472549,92349.77022044592,0,0
1738915200,96694.9,97718.4,96560.9,97706,101977.84799677375,112700.76764023647,92275.16102863051,0,0
1738929600,97706,100120,97139.1,98245.5,101895.42621140296,112616.98770192314,92194.59776605411,0,0
1738944000,98245.5,98550,96823.1,96852.7,101812.22274906305,112531.9014082391,92113.69017484582,0,0
1738958400,96852.7,96890.9,95556.5,96440.6,101727.22863953232,112442.09029315894,92033.41043998084,0,0
1738972800,96440.6,96840,96273,96646.8,101640.90675162218,112343.33136860661,91958.05215527756,0,0
1738987200,96646.8,96646.8,95723.8,96160,101552.98780699316,112237.93384045095,91885.23861449111,0,0
1739001600,96160,96250,95819.4,96080,101463.50387123151,112123.06845781502,91817.34641610102,0,0
1739016000,96080,96444,95635.8,95802.9,101372.52611642935,112001.57056978352,91752.18703583589,0,0
1739030400,95802.9,96700,95703,96541.4,101280.57456784553,111875.44791769663,91689.06114538408,0,0
1739044800,96541.4,96664.8,96302,96406.8,101187.93146005286,111741.21576566299,91631.3412468768,0,0
1739059200,96406.8,97266.8,96314.4,97266.8,101095.21773860349,111603.60623588868,91576.27960528301,0,0
1739073600,97266.8,97275,96727,97013.9,101002.58613512127,111460.45566418947,91525.93487252523,0,0
1739088000,97013.9,97250,96503.1,96513.4,100909.87483910033,111313.13425864301,91478.89786646847,0,0
1739102400,96513.4,96657.1,95681,96447.5,100816.68297441537,111162.90731779349,91433.40895994048,0,0
1739116800,96447.5,96546.1,95805.2,96016.6,100722.98569092939,111008.44336204884,91390.52435324522,0,0
1739131200,96016.6,96740.9,94651.2,96428.6,100628.7160596055,110858.36835633512,91343.02304771419,0,0
1739145600,96428.6,97100,95202.8,96764.3,100534.41468496797,110711.83009792087,91292.57936671855,0,0
1739160000,96764.3,97631.8,96570.2,97405.1,100441.0261238301,110564.48636647128,91244.48600402699,0,0
1739174400,97405.1,97937.3,97318.8,97629.9,100349.02611166207,110414.24840728051,91201.33666458071,0,0
1739188800,97629.9,98343.4,96812.1,97188.9,100258.26403039483,110266.78820671565,91158.17799593964,0,0
1739203200,97188.9,97611,96826.4,97338.5,100168.58586594184,110117.3810143946,91118.6363310888,0,0
1739217600,97338.5,97476.7,97085,97384.2,100080.08807688071,109963.9302184002,91084.63120209781,0,0
1739232000,97384.2,98150,97379.2,97571.8,99993.18635777434,109809.49378679594,91054.39769528265,0,0
1739246400,97571.8,98459,97505.2,98230,99908.25358238409,109655.76804955862,91027.2146319816,0,0
1739260800,98230,98298.7,97826.2,98092.4,99825.29209052888,109499.97563437335,91005.39870651117,0,0
1739275200,98092.4,98102.8,96551.3,96982,99743.44620270583,109348.01949644981,90982.48972598062,0,0
1739289600,96982,97009.3,94821.9,94985.9,99661.14383091372,109202.1697996032,90953.7201313207,0,0
1739304000,94985.9,96450,94871,95748.6,99578.5728794736,109058.66600115728,90922.55150642878,0,0
1739318400,95748.6,96234.5,95050,95256,99495.65116663296,108914.92356024565,90890.98424236165,0,0
1739332800,95256,96130,95219.8,96025.7,99412.75705553098,108769.71822028545,90860.73244546546,0,0
1739347200,96025.7,96429.9,95865,96045.3,99330.29363524712,108621.48311358482,90833.84751197943,0,0
1739361600,96045.3,96600,94001.2,95767.2,99247.66636114425,108482.34129792496,90799.10297180705,0,0
1739376000,95767.2,97675,95060,97170.3,99166.14051162566,108353.21194733771,90758.02412531168,0,0
1739390400,97170.3,98089.1,96805.3,97828.1,99086.67220759149,108226.59867425941,90718.6285944865,0,0
1739404800,97828.1,98047,97328.3,97462.7,99009.28449268814,108099.15430288928,90683.76601991645,0,0
1739419200,97462.7,97524.3,95788,96023,98932.81046221514,107975.9840976829,90647.01811004493,0,0
1739433600,96023,96307.4,95310.1,95890,98856.6800440804,107851.94914365635,90611.65112853682,0,0
1739448000,95890,96439.5,95250,95941.2,98780.99443255662,107728.42596232341,90576.69574135804,0,0
1739462400,95941.2,96347.9,95156.1,95594.3,98705.6323761418,107605.34464825873,90541.98836146481,0,0
1739476800,95594.3,96808.5,95553.2,96570.7,98631.26063256925,107483.82163069063,90507.81249102947,0,0
1739491200,96570.7,97173.8,96330.7,97109,98558.46017865432,107361.99140884135,90476.8060402003,0,0
1739505600,97109,97216.8,96512.6,96907.8,98487.23976520267,107239.1633439831,90449.57172460768,0,0
1739520000,96907.8,97171.7,96757.8,96843.9,98417.64294562727,107113.81943378363,90427.47699759465,0,0
1739534400,96843.9,97569.9,96200,96886.3,98349.6269153168,106991.87208432808,90405.45721789302,0,0
1739548800,96886.3,98821,96436.8,97911.2,98284.00419711901,106880.11504836327,90379.25788766482,0,0
1739563200,97911.2,98262.8,96639,97450.1,98220.46682964812,106773.42188716728,90352.63583130961,0,0
1739577600,97450.1,97933,97175.8,97625.6,98159.10731948484,106666.66781796495,90330.0960540118,0,0
1739592000,97625.6,97746.8,97303.1,97303.5,98099.7646825462,106557.97914845406,90312.93487054233,0,0
1739606400,97303.5,97695.2,97258.1,97581.6,98042.46534245387,106447.58148826942,90301.01836071823,0,0
1739620800,97581.6,97898.8,97370,97599.3,97987.28150727914,106336.31832446996,90293.77251795716,0,0
1739635200,97599.3,97677.8,97268.9,97486.8,97934.03204929872,106223.48893218854,90291.46688597156,0,0
1739649600,97486.8,97700,97349.9,97533.9,97882.73108784958,106108.98585057244,90294.2287914119,0,0
1739664000,97533.9,97678.7,97299.8,97490.7,97833.30470031634,105993.13287945208,90301.65680139502,0,0
1739678400,97490.7,97620.2,97164,97200.9,97785.56112671008,105876.3974783124,90313.00830597513,0,0
1739692800,97200.9,97341.9,97012,97288.2,97739.36107449922,105758.08205377113,90328.63037733854,0,0
1739707200,97288.2,97288.3,96636,96850.1,97694.39992034643,105639.97954603011,90346.43718042303,0,0
1739721600,96850.1,97119.4,96500,97021.5,97650.62319240846,105521.96526224427,90366.43874256568,0,0
1739736000,97021.5,97247.2,96000,96060.1,97607.587680173,105407.39605391285,90384.94004604526,0,0
1739750400,96060.1,96580,95980.1,96165.4,97565.1130076652,105292.22247967799,90405.07505704607,0,0
1739764800,96165.4,96429,95730.3,96023,97523.03862138932,105176.99026494939,90426.08119885022,0,0
1739779200,96023,96357.6,95888.9,96019.8,97481.41544548194,105060.48772244214,90449.09806967109,0,0
1739793600,96019.8,96988.3,95514.7,95613.5,97440.21536829571,104948.75877468481,90468.86958809929,0,0
1739808000,95613.5,95895,95160,95500.1,97398.9491091319,104836.82847229337,90488.76645548662,0,0
1739822400,95500.1,96370,95448.5,95735,97357.98706773159,104726.25457055579,90508.1317454614,0,0
1739836800,95735,96274,95500,96150.7,97317.47712012776,104616.3475048767,90527.834118708,0,0
1739851200,96150.7,96251.5,95193.6,95410.1,97277.08946489719,104508.49540142101,90546.05655180971,0,0
1739865600,95410.1,95835,94988,95594.4,97236.7149850364,104401.33080821365,90563.77603509765,0,0
1739880000,95594.4,96730.9,95153,95518.1,97196.71475409057,104299.54309409636,90577.5910299533,0,0
1739894400,95518.1,95613.1,93318.1,94066,97155.66291287779,104205.85382434474,90582.46240131596,0,0
1739908800,94066,95650,93682.3,95618.8,97114.29180175417,104118.7007208177,90581.09260741636,0,0
1739923200,95618.8,95923.4,95008.6,95678,97073.20029885997,104032.15361748358,90579.74759333378,0,0
1739937600,95678,95817.5,95018.5,95660,97032.37906112507,103945.5522839478,90578.98466441508,0,0
1739952000,95660,96457.7,95588.1,96407.9,96992.49373977877,103860.05183982344,90579.04049932177,0,0
1739966400,96407.9,96676.5,95500,95904.4,96953.42073113967,103777.34619540325,90578.20551481543,0,0
1739980800,95904.4,96461,95370,96168.6,96915.13578153568,103696.87463951501,90576.9202418599,0,0
1739995200,96168.6,96897.1,96014.2,96616.4,96878.13621982271,103617.900668426,90576.75572350595,0,0
1740009600,96616.4,97419.9,96386.5,97027.3,96842.82181959628,103541.73022287733,90577.3171627946,0,0
1740024000,97027.3,97333.3,96750,96838.5,96809.18052882601,103465.73907540673,90580.87748092551,0,0
1740038400,96838.5,97348.3,96788,97163.9,96777.29237261465,103389.99121250189,90587.53375580155,0,0
1740052800,97163.9,98000,96758,96861,96747.21288638488,103318.5596093298,90593.82202651472,0,0
1740067200,96861,98489.6,96825.2,98368.7,96719.54990691147,103254.4163121902,90598.2685129094,0,0
1740081600,98368.7,98680.8,97954,98246.7,96694.603445477,103192.31705380083,90606.03155759526,0,0
1740096000,98246.7,98457,98035.1,98113.5,96672.1904451922,103130.41072184677,90618.39606822967,0,0
1740110400,98113.5,98568,98080.5,98134.9,96652.27726990797,103069.17980134483,90634.87959702655,0,0
1740124800,98134.9,98907.8,98061.7,98586.3,96635.01729781672,103010.93768199038,90653.73812029648,0,0
1740139200,98586.3,99454.2,97111,98074.8,96620.021223686,102963.7870503514,90667.10509298107,0,0
1740153600,98074.8,98699.9,95191.1,95260,96605.45060841231,102932.28353301811,90667.50262332149,0,0
1740168000,95260,96244.3,94832.2,96198.4,96590.69401475119,102903.2038152165,90665.4197764801,0,0
1740182400,96198.4,96494,95814.8,96310,96576.20903329969,102872.6410710588,90665.15697600335,0,0
1740196800,96310,96639.9,96280,96331.1,96562.20176305524,102839.0554985281,90668.4601888671,0,0
1740211200,96331.1,96623.4,96152.7,96594.7,96548.70344387251,102803.29561093134,90674.64307731437,0,0
1740225600,96594.7,97056,96502.5,96613.2,96535.9624153159,102766.23158906195,90683.40733478041,0,0
1740240000,96613.2,96837.6,96344.2,96620,96523.83900285838,102727.49199040073,90694.82098054464,0,0
1740254400,96620,96703.1,96465.9,96554.4,96512.29270512676,102685.69042504806,90710.03568894498,0,0
1740268800,96554.4,96637,96351.9,96420.7,96501.20850230806,102641.17392643503,90728.53403917978,0,0
1740283200,96420.7,96541.6,96121.5,96500,96490.49754984501,102594.80322876878,90749.39299465313,0,0
1740297600,96500,96500.1,96009.4,96120.5,96479.98204538555,102546.93281988388,90771.96830282008,0,0
1740312000,96120.5,96165,95358.5,95446.1,96469.12639708558,102498.94795759996,90794.0279705753,0,0
1740326400,95446.1,95887.2,95254,95770.8,96457.9373359116,102449.88629594428,90816.43729913025,0,0
1740340800,95770.8,96340.4,95547.9,96262.6,96446.84145226247,102401.17515542009,90838.73512193284,0,0
1740355200,96262.6,96536.3,95267,95446.6,96435.55390651086,102355.29030777415,90858.18651182328,0,0
1740369600,95446.6,95964.4,95088.5,95860.1,96423.98481546943,102309.78567788299,90876.78941061259,0,0
1740384000,95860.1,96189.3,95354.9,95837.1,96412.30951325853,102264.5974950696,90894.9299500104,0,0
1740398400,95837.1,96111.6,93816.4,94376.8,96399.54245449431,102227.23571213309,90904.06994476622,0,0
1740412800,94376.8,95262,93631,93984.9,96385.27576371806,102193.08012093356,90907.53868123169,0,0
1740427200,93984.9,94607.7,91258.7,91478.2,96367.75148573318,102170.44020936638,90894.62184351709,0,0
1740441600,91478.2,92520.9,90821.1,92128,96346.49919066459,102148.49938655291,90874.05064238001,0,0
1740456000,92128,92300,88093.2,89227.5,96319.70844408467,102140.64926151834,90830.49992172689,0,0
1740470400,89227.5,89937.3,86833,89220,96286.39054041982,102138.5832249453,90769.50854981093,0,0
1740484800,89220,89519.7,86055.5,87250.1,96245.75615182715,102143.26776716489,90688.75296169787,0,0
1740499200,87250.1,88092,86177,87959.5,96197.96093290689,102144.5253902184,90597.58858633133,0,0
1740513600,87959.5,89482.5,87618.8,88665.3,96144.61720866879,102143.31109346854,90498.21588163238,0,0
1740528000,88665.3,89389.9,88131.6,88882.4,96086.24982180011,102136.17615969034,90394.68435143122,0,0
1740542400,88882.4,89242.1,88356.6,88682.1,96023.1008509933,102121.01938166069,90289.30530530792,0,0
1740556800,88682.1,89287,88073.5,88589.3,95955.3346349719,102100.13367791777,90180.35445433333,0,0
1740571200,88589.3,88665.2,85350,87499.9,95881.67231370529,102085.61122552663,90054.7587001562,0,0
1740585600,87499.9,87752.2,83200,83768.7,95800.02237233649,102082.95987963333,89903.78313247961,0,0
1740600000,83768.7,85360.7,82055.6,84208.6,95709.70345931218,102082.85554743822,89734.43471134712,0,0
1740614400,84208.6,85391.8,83988.1,85181,95612.2772590656,102073.68697084954,89559.88398141379,0,0
1740628800,85181,86668,84623.5,86220,95509.2342035691,102061.02061170124,89378.03838801097,0,0
1740643200,86220,87043.6,85814.3,86650.7,95401.65150735462,102040.46046545767,89194.76714250748,0,0
1740657600,86650.7,86757.1,84614.3,85480,95288.90361561299,102017.30826827309,89004.26120230633,0,0
1740672000,85480,85656,83550.9,84070.2,95170.0598335123,101990.25197188932,88805.94089728013,0,0
1740686400,84070.2,84909.2,82670,84686,95045.1608607051,101960.11207638799,88599.18274971488,0,0
1740700800,84686,84875.6,79400.9,80399.9,94911.82204738328,101946.06328485784,88362.94089339451,0,0
1740715200,80399.9,80921.9,78814.8,79176.1,94768.40046642057,101922.86579904341,88116.14210957708,0,0
1740729600,79176.1,80808.4,78210.5,80461.9,94615.74294290076,101894.64558801078,87856.8128970499,0,0
1740744000,80461.9,84360,80038.9,83952.8,94457.76819717344,101876.18912562073,87579.54188676164,0,0
1740758400,83952.8,85124.4,83168.4,84394,94296.47224326259,101852.63469958145,87300.88037242429,0,0
1740772800,84394,84750,83573.6,84307.6,94132.16381646662,101819.10733214142,87025.55440665294,0,0
1740787200,84307.6,85664,83760.9,85317.8,93965.91538768113,101781.57036970338,86750.41289472081,0,0
1740801600,85317.8,86533.3,84665.9,84683.4,93798.3991162335,101740.32012708225,86476.43005033415,0,0
1740816000,84683.4,85474.4,84335.6,84589.2,93629.32636603958,101690.37260847182,86207.2832549344,0,0
1740830400,84589.2,84908.2,84280,84747.7,93458.78542039507,101628.69950213701,85945.64935933067,0,0
1740844800,84747.7,85582.6,84646.7,85440.1,93287.63911572273,101558.51851612625,85690.33635916476,0,0
1740859200,85440.1,86240.5,85245.5,86024.4,93116.74130236915,101481.32278941823,85441.6090807644,0,0
1740873600,86024.4,86459,85573,85830.9,92946.38182017548,101396.92861113502,85200.11416315366,0,0
1740888000,85830.9,86602,85486.9,86213.7,92776.8656589477,101307.37333593142,84964.66267026911,0,0
1740902400,86213.7,86247.3,85613.7,86055,92608.19556826222,101209.78157541061,84737.63852577218,0,0
1740916800,86055,88703.4,85007.7,87416.7,92441.61146232566,101125.06136383368,84503.79574066463,0,0
1740931200,87416.7,95058.7,87283,93517.4,92282.07485000147,101081.43438859082,84248.71876949228,0,0
1740945600,93517.4,94851.9,93507,94259.7,92131.56396170738,101040.65036414572,84008.02100381396,0,0
1740960000,94259.7,94414.2,92411,92700,91988.82349119527,101005.46147956525,83777.09010325391,0,0
1740974400,92700,93327.5,91150.3,92347.3,91852.76837886433,100975.88614143454,83553.91946790036,0,0
1740988800,92347.3,92888,91094.6,92718.3,91723.18039135852,100949.4185734637,83340.17114703062,0,0
1741003200,92718.3,93697,89130,90048.6,91598.6547188807,100941.21771907994,83120.78787932816,0,0
1741017600,90048.6,91037.5,85456.8,85532.1,91475.4969834389,100953.79246506952,82887.09462066446,0,0
1741032000,85532.1,86983.4,85023.4,86165.3,91352.46199111111,100962.70156398971,82656.9830498068,0,0
1741046400,86165.3,86761.1,82378.7,83939.9,91227.91572559114,100982.00419715449,82415.99752156706,0,0
1741060800,83939.9,84569.1,83086.3,83138.6,91101.25973318497,100991.71072473933,82179.41319554423,0,0
1741075200,83138.6,84350,82968,83900,90972.87253191094,100991.75248946356,81947.91488117562,0,0
1741089600,83900,84975.9,81413.7,82950,90842.31023507945,100996.17739168239,81709.28387559,0,0
1741104000,82950,88515.6,81970.6,88183.9,90713.02753308024,101026.93580111353,81452.073142326,0,0
1741118400,88183.9,88946,86561.1,87260.1,90586.47074872516,101057.29020139063,81200.56124953089,0,0
1741132800,87260.1,87886,86350.8,86829,90462.0733402734,101081.37322251301,80958.40462126197,0,0
1741147200,86829,87709.8,86706.1,87579.7,90340.17070295413,101096.4363130031,80728.32970462652,0,0
1741161600,87579.7,90622.8,87562.3,89776.5,90222.730678869,101117.5372476276,80501.77400204347,0,0
1741176000,89776.5,90930,87843.3,88306.1,90109.37603369364,101144.17359435903,80278.47141987474,0,0
1741190400,88306.1,90444,87553.2,89716.5,90000.23634502706,101175.19342553684,80059.57061127061,0,0
1741204800,89716.5,90975,89631.6,90567.8,89896.33955699496,101202.00270668663,79853.67531874529,0,0
1741219200,90567.8,91999.9,89961.3,91573.8,89798.29736796496,101229.72347893206,79657.77177948815,0,0
1741233600,91573.8,92781.6,91236.1,91324.6,89706.50665129503,101255.86331939847,79474.48248201501,0,0
1741248000,91324.6,91642,90570.4,91298.6,89620.192857544,101277.0556670428,79305.02042070178,0,0
1741262400,91298.6,91427.2,89065.3,90779.9,89538.47951724235,101300.57965836779,79142.08725455582,0,0
1741276800,90779.9,91020,87800.1,88495.2,89459.9678768016,101330.2673439192,78980.2105757361,0,0
1741291200,88495.2,90756.2,88435.2,89899.6,89385.16079261668,101360.93607501025,78824.32107778982,0,0
1741305600,89899.6,91279.5,84594.7,86952.3,89311.93257259065,101417.69775286053,78651.17702916889,0,0
1741320000,86952.3,88595.9,86806.9,88324.2,89240.57883243343,101469.21061156598,78485.68903166376,0,0
1741334400,88324.2,89678.3,87957.4,88946.6,89172.01208354505,101516.14014708564,78328.90146834629,0,0
1741348800,88946.6,91119,87973.6,88439.9,89106.47958537916,101567.63252862485,78174.16342614728,0,0
1741363200,88439.9,89043.7,86530.4,87792.8,89042.55960388047,101618.3385960159,78023.09632644847,0,0
1741377600,87792.8,88500,85453.4,86758.5,88979.37218565906,101670.7663762708,77872.22381360827,0,0
1741392000,86758.5,86886.3,85185.9,85869.9,88916.03021836748,101715.35080858407,77727.308286749,0,0
1741406400,85869.9,86620,85617.7,86165.6,88852.75704687137,101748.08678542543,77591.75316465227,0,0
1741420800,86165.6,86427.2,85719,85923.9,88789.5019838618,101767.44400058297,77466.57823593407,0,0
1741435200,85923.9,86602.7,85775,86363.9,88726.54977819251,101774.98997525427,77351.03326913794,0,0
1741449600,86363.9,86491,85615.3,86189.9,88663.8019009609,101771.3741268133,77244.4101790079,0,0
1741464000,86189.9,86475,85813.3,86187.2,88601.37089955184,101755.7818954255,77147.48763217809,0,0
1741478400,86187.2,86485,85910,86080,88539.30436785007,101728.19820033661,77060.32896114791,0,0
1741492800,86080,86142.5,85760,85971.6,88477.4487508439,101687.73132635157,76983.31780394021,0,0
1741507200,85971.6,86066.8,84584.3,84954.3,88415.10187495456,101641.22964138207,76910.03215073165,0,0
1741521600,84954.3,84997.7,82700,83037.3,88350.70745826096,101592.63029537536,76834.78108284141,0,0
1741536000,83037.3,83723.7,82151.4,82545.7,88283.63275604922,101536.53037402849,76760.54897576601,0,0
1741550400,82545.7,83461.2,79913.4,80692.3,88212.56142999191,101485.01973786339,76675.90757867179,0,0
1741564800,80692.3,82675,79947,81994.3,88137.93876839806,101432.74321164543,76585.68628211973,0,0
1741579200,81994.3,82739.3,81923.3,82272,88060.80429473592,101367.75442793372,76500.71067273077,0,0
1741593600,82272,84050,81085.4,83541.9,87981.9481180939,101305.61693110385,76410.60218723472,0,0
1741608000,83541.9,83743.8,79120,80011,87899.52541126161,101255.38798647805,76305.33763355708,0,0
1741622400,80011,80212,77403.1,79019.5,87811.5773744124,101202.46867598456,76192.53978546684,0,0
1741636800,79019.5,79860.6,78358.1,78563.2,87718.50140383378,101137.98823686183,76079.57823438253,0,0
1741651200,78563.2,79936.7,76545,79486.6,87620.33898170786,101075.50871649837,75956.32117769633,0,0
1741665600,79486.6,80579.4,79406.1,80391.6,87518.99089099611,101001.14246684023,75836.50619687773,0,0
1741680000,80391.6,82081.9,80282.8,81685.3,87415.98869229063,100921.07072475963,75718.13323197264,1,0
1741694400,81685.3,82257.4,79000,81180.4,87310.95603539373,100844.9337059106,75593.3170231997,0,0
1741708800,81180.4,83622.9,80609.4,83082.7,87205.77172935379,100772.54801783877,75465.45931899975,0,0
1741723200,83082.7,83273.8,82518.8,82889.2,87101.01340847109,100689.33059416969,75346.47903620041,0,0
1741737600,82889.2,83738,82076.1,82098.2,86996.50754031248,100601.50823065953,75231.40017800535,0,0
1741752000,82098.2,82538.2,81245.1,82423.7,86891.76977929303,100506.39909795592,75121.38255017053,0,0
1741766400,82423.7,83082.1,82032.4,82989.9,86787.56082036089,100403.51005280582,75018.10155029887,0,0
1741780800,82989.9,84489.8,80534.6,81646.6,86683.47717411793,100311.84575575942,74906.65891335576,0,0
1741795200,81646.6,83120,81528.3,82868.8,86579.90513669129,100215.81326831861,74799.37276374137,0,0
1741809600,82868.8,83862.1,82652,83649.9,86477.81410347881,100114.14121698364,74698.86113198941,0,0
1741824000,83649.9,84343.2,83282,83550,86377.57493334696,100006.57062537644,74605.9524360166,0,0
1741838400,83550,83677.9,82811.1,83128.2,86278.68469595857,99891.67056017833,74520.84233970333,0,0
1741852800,83128.2,83485.5,82357.7,82924.3,86180.89714830274,99771.29146333187,74441.72491258143,0,0
1741867200,82924.3,83838,80905.2,80999.9,86083.24366018134,99656.49100204541,74358.67713730817,0,0
1741881600,80999.9,81200,79888,80170.8,85984.28856526116,99534.96057903343,74278.40265434801,0,0
1741896000,80170.8,81428.2,80156.1,81072.3,85884.67219255974,99407.4021025413,74201.4856199011,0,0
1741910400,81072.3,82218.4,80766.6,81854,85785.26814695852,99276.19886385261,74127.6591495799,0,0
1741924800,81854,82422,81743.3,82141.6,85686.6619408144,99137.11311120329,74061.10390085267,0,0
1741939200,82141.6,83317.4,82139.4,83220.1,85589.70762424466,98994.77220750226,73999.84754597495,0,0
1741953600,83220.1,85299.9,82585.4,84714.7,85495.71825515563,98860.64360497538,73937.59107185384,0,0
1741968000,84714.7,84943.1,83914.2,84520,85404.90422661712,98724.0132245858,73882.71027196429,0,0
1741982400,84520,84527.4,83702,83948.3,85316.8189622228,98583.42334186834,73835.5329028357,0,0
1741996800,83948.3,84661.8,83936.3,84459.8,85231.71149740013,98438.89589098634,73796.4864297226,0,0
1742011200,84459.8,84545,83780.5,83811.9,85149.23027169447,98290.67538763901,73764.7939366368,0,0
1742025600,83811.9,84144.2,83591.8,84055.1,85069.22413153277,98137.63645031778,73741.05548185458,0,0
1742040000,84055.1,84429.8,83972.3,84299.5,84991.95550492285,97979.89904512004,73725.65772112382,0,0
1742054400,84299.5,84457.2,84061.1,84260,84917.4008325659,97817.4940262617,73718.56165342662,0,0
1742068800,84260,84442,84200.9,84308.4,84845.56620612057,97649.90765873792,73720.19367386495,0,0
1742083200,84308.4,84352.5,83718.9,84293.9,84776.20901911607,97479.81327411502,73728.14303042277,0,0
1742097600,84293.9,84380,83928.4,84235.8,84709.34316827293,97306.43338239436,73743.04627733403,0,0
1742112000,84235.8,84295.5,82309.1,82346.6,84643.75080779908,97138.46874190998,73756.20229147864,0,0
1742126400,82346.6,83466.4,82338,83273.5,84579.48083335615,96970.5148248295,73771.79126008254,0,0
1742140800,83273.5,85136,82500.1,83066.1,84517.06735020113,96812.68896024456,73783.04177060623,0,0
1742155200,83066.1,83408.2,81934.4,82528.5,84455.56214380817,96656.49012121842,73794.75468311916,0,0
1742169600,82528.5,83696.8,82470.4,83630.2,84395.61580800606,96501.12376729025,73808.67382216771,0,0
1742184000,83630.2,83836.2,82642.9,83519.1,84337.28255190095,96346.5643359589,73824.91817183056,0,0
1742198400,83519.1,83749.3,83159.1,83473.9,84280.67203248224,96189.29902297314,73846.38156631489,0,0
1742212800,83473.9,83999.9,82400.7,83497.5,84225.60498425188,96035.7489427967,73867.83164661651,0,0
1742227200,83497.5,84728.5,83079,84433.4,84172.8243231704,95886.98582605278,73889.7389828503,0,0
1742241600,84433.4,84462.7,83686.2,83955.1,84122.23487664296,95737.48940318412,73916.18941289814,0,0
1742256000,83955.1,83975.1,82905.8,83100.5,84073.10161694561,95588.51894049987,73944.93077032606,0,0
1742270400,83100.5,83278.3,82200.1,83117.7,84024.95677246484,95439.80304911385,73975.35551264048,0,0
1742284800,83117.7,83421.3,82471.5,82546.1,83977.75215302,95290.6111400479,74007.9507550791,0,0
1742299200,82546.1,82786.1,81093.6,81556,83930.50677296972,95144.73784644884,74038.04063800293,0,0
1742313600,81556,82427.2,81175.3,82263.2,83883.41095487952,94999.58751019688,74067.97037587073,0,0
1742328000,82263.2,82782.7,81828,82675.7,83836.97082962173,94853.9035338136,74099.61441788498,0,0
1742342400,82675.7,83211.9,82475.5,82997.8,83791.65902496486,94706.9901335305,74134.36022258522,0,0
1742356800,82997.8,83335.9,82752.7,83161.3,83747.65290989254,94558.31131713686,74172.95497582284,0,0
1742371200,83161.3,84050,83149.5,83836.8,83705.51427741832,94410.66976497677,74214.20839285584,0,0
1742385600,83836.8,84850,83483.9,84694.6,83665.83924248947,94267.66986186038,74256.34543006988,0,0
1742400000,84694.6,85927.6,83505.9,85406,83629.13221614208,94136.17306744415,74294.83828936004,0,0
1742414400,85406,86970,85161,86792.3,83596.57946316816,94013.3652329793,74333.98517991042,0,0
1742428800,86792.3,87400,85584,85854.6,83568.00138477545,93898.92076499903,74373.70737118188,0,0
1742443200,85854.6,85963.6,85366,85780.7,83542.70909413067,93784.84885945886,74419.102100868,0,0
1742457600,85780.7,86291.7,84746.4,85450.2,83520.38641555894,93676.64687215924,74465.25019756501,0,0
1742472000,85450.2,86488,84510.4,84658.5,83500.66213222814,93576.41695184019,74509.80496623307,0,0
1742486400,84658.5,84883.1,83605.8,84129.2,83482.47722136031,93478.78383555544,74555.1420017951,0,0
1742500800,84129.2,84550,83880,84168.9,83465.7754231865,93380.08120666545,74604.08662074,0,0
1742515200,84168.9,84800,84118.2,84402.9,83450.73767775015,93280.7745653993,74656.60154953129,0,0
1742529600,84402.9,84758.5,83700,83897.9,83436.99814244319,93182.91318536829,74710.39937518512,0,0
1742544000,83897.9,84313.5,83684.6,84001.3,83424.39914604214,93083.8455392879,74767.32759113079,0,0
1742558400,84001.3,84323.5,83136.3,83524.7,83412.57794674205,92986.7294874899,74824.20554061294,0,0
1742572800,83524.7,84431.5,83311.3,83921,83401.7295073195,92891.40179096947,74881.51056719557,0,0
1742587200,83921,84567.3,83771.8,84054.6,83392.05484896898,92796.17632419194,74940.9629512987,0,0
1742601600,84054.6,84287.4,83950.8,84214.1,83383.5306440467,92698.4344896288,75004.64512639168,0,0
1742616000,84214.1,84388.7,84120.9,84238.2,83376.20897495256,92598.08471927438,75072.74307141236,0,0
1742630400,84238.2,84500,84078.8,84193.9,83370.05230301425,92496.26817765119,75144.28157964016,0,0
1742644800,84193.9,84259,83932.5,84067.1,83364.85188609688,92392.41820612957,75219.3596068233,0,0
1742659200,84067.1,84279.5,84017.6,84130.9,83360.6250485673,92286.41071867135,75298.12628287546,0,0
1742673600,84130.9,84170,83616,83805.9,83357.06647564397,92179.8987136428,75378.69566346737,0,0
1742688000,83805.9,84257.5,83753.2,84198.6,83354.34769128592,92072.93300949872,75461.3440882023,0,0
1742702400,84198.6,84290.6,84023.4,84230.1,83352.54148576026,91964.35538265602,75547.1632811083,0,0
1742716800,84230.1,84990,84218.4,84632.8,83352.02207337634,91857.7580056691,75633.89020763866,0,0
1742731200,84632.8,85230.5,84526.4,85141.5,83353.06841203087,91753.11565538643,75722.0500260236,0,0
1742745600,85141.5,85400,84755.5,84971.5,83355.68363388114,91650.16587954805,75811.8649038057,0,0
1742760000,84971.5,86088,84880,86037.8,83360.38757235181,91552.82705151149,75901.0337529275,0,0
1742774400,86037.8,86611.2,85488.4,86501.1,83367.58311250221,91460.9474688511,75990.3992508604,0,0
1742788800,86501.1,87269,86501,86843.6,83377.77970872354,91372.97181811428,76082.17190302939,0,0
1742803200,86843.6,87888,86824.2,87646.6,83391.37544852876,91291.04393424759,76175.2872955007,0,0
1742817600,87646.6,88740,87109.2,88283.9,83408.75383577678,91218.7022883093,76267.47631695727,0,0
1742832000,88283.9,88496.1,87636.3,88165.2,83429.78626413348,91151.30690636864,76362.36355040864,0,0
1742846400,88165.2,88441.1,86963.8,87459.9,83453.85860415376,91091.70857573068,76456.42643898804,0,0
1742860800,87459.9,87646.3,86288,86468.5,83480.06003037386,91038.18277477012,76549.42366233343,0,0
1742875200,86468.5,86832.3,86261,86408.9,83507.99571980184,90985.76880618013,76644.79226409271,0,0
1742889600,86408.9,87479.5,86360.9,87333.4,83538.08315714845,90938.11331591132,76740.22566674044,0,0
1742904000,87333.4,88200,86872.8,87731.2,83570.70441865752,90896.72181243103,76835.1432017814,0,0
1742918400,87731.2,88296.5,87520,88053.8,83606.04804970157,90858.6013917805,76932.41105867774,0,0
1742932800,88053.8,88500,87074.2,87362.4,83643.67934615615,90826.97010400287,77028.49810525887,0,0
1742947200,87362.4,87869.3,86980.2,87122.2,83683.169245377,90798.26798324211,77125.62112135084,0,0
1742961600,87122.2,88284,86997.9,88103.4,83724.83706358547,90775.07520191603,77222.17057635634,0,0
1742976000,88103.4,88234,87790,87919.5,83768.72308607819,90752.63204990016,77322.26392743802,0,0
1742990400,87919.5,87980,86363.1,86686.5,83813.79469915638,90736.57840657575,77419.18755626393,0,0
1743004800,86686.5,87038.8,85800.1,86518.6,83859.43949642003,90724.0189642203,77514.26439151872,0,0
1743019200,86518.6,87358.8,86460.5,86860.8,83906.00239681311,90713.29776949172,77609.53918910156,0,0
1743033600,86860.8,87727.9,86747.6,87626.7,83953.84197016859,90705.26288797734,77704.94629685109,0,0
1743048000,87626.7,87650,87201.3,87349.9,84002.8903852097,90696.84469144644,77802.98881483632,0,0
1743062400,87349.9,87570,86755,86900.1,84052.7483597745,90689.80939142623,77901.41532152658,0,0
1743076800,86900.1,87529.1,85695.4,86914.3,84102.99687368801,90689.53377912524,77994.82242749934,0,0
1743091200,86914.3,87387.1,86728.3,87019.9,84153.8829249935,90689.38937752489,78089.35598709167,0,0
1743105600,87019.9,87699.9,86884.8,87181.7,84205.52825510947,90690.44974901208,78184.31828649387,0,0
1743120000,87181.7,87479.4,86702.6,86744.5,84257.59126765533,90692.17519879281,78279.53922889,0,0
1743134400,86744.5,86788,85108.3,85158,84308.78883671008,90698.43497819209,78369.2891373709,0,0
1743148800,85158,85398.5,84750,85200.9,84358.56703508897,90702.59921209363,78458.25691911104,0,0
1743163200,85200.9,85598.4,83927.2,84006.8,84406.35645569922,90710.05940810633,78540.71595382375,0,0
1743177600,84006.8,84184.9,83545,83764,84451.5371687106,90714.03198084683,78621.3772491554,0,0
1743192000,83764,84488,83652.8,84375,84494.50664335246,90716.14933396899,78699.56678408294,0,0
1743206400,84375,84573.8,83659.1,84120,84535.26450337109,90716.8942203373,78774.86333800042,0,0
1743220800,84120,84221.9,83613,83689.5,84573.59679562732,90714.26325657034,78848.60680309038,0,0
1743235200,83689.5,83908.5,81958.3,82245,84608.45380887369,90715.18304915103,78912.81498103429,0,0
1743249600,82245,82839.9,82086.9,82370.7,84639.68081543472,90712.15670735443,78973.7101241014,0,0
1743264000,82370.7,82739.9,81602.9,82728.2,84667.32715873717,90707.58610947612,79029.29176786616,0,0
1743278400,82728.2,82799.1,82221.3,82603.9,84691.70164045921,90698.38808187732,79082.82030637053,0,0
1743292800,82603.9,83450,82457.5,83042.1,84713.35698084939,90687.67357133626,79132.61602548222,0,0
1743307200,83042.1,83280.9,82813,83032.9,84732.44687027128,90672.47883211168,79181.55150381409,0,0
1743321600,83032.9,83496.8,82920.1,83073.1,84749.18206324927,90653.77835611427,79229.1726901347,0,0
1743336000,83073.1,83225.4,82513.5,82692.9,84763.29975912457,90632.18611425725,79274.45308444314,0,0
1743350400,82692.9,82870,81985.8,82512,84774.54769814906,90608.52178583133,79316.20333033132,0,0
1743364800,82512,82724.1,81510,82347.9,84782.77831230439,90584.6089925501,79352.54761594787,0,0
1743379200,82347.9,82405.4,81212.3,81486.7,84787.62205911124,90559.85827292925,79383.30504860841,0,0
1743393600,81486.7,82279.6,81355,81899.3,84789.36419048777,90532.87705833856,79410.22657652303,0,0
1743408000,81899.3,82237,81232.4,82169.3,84788.17255157017,90504.31229476228,79433.05708153406,0,0
1743422400,82169.3,83895.7,81600,83377.8,84785.2466213368,90482.96314428489,79446.31558073536,0,0
1743436800,83377.8,83640.5,82342,82409.3,84780.50621489846,90462.44640319735,79455.44830855235,0,0
1743451200,82409.3,82828.8,82213.1,82504.4,84773.75604278022,90438.44601124954,79463.8788099796,0,0
1743465600,82504.4,83200,82375.6,82928.3,84765.40634531374,90412.69669344861,79470.85282997425,0,0
1743480000,82928.3,83572.8,82851,83420.1,84755.97514933968,90385.14301026889,79477.39068907974,0,0
1743494400,83420.1,84471.2,83400,83895,84746.14593122278,90358.55713127754,79482.3365734123,0,0
1743508800,83895,85468.3,82509.7,85250,84736.41919285654,90344.39851359082,79476.54592605823,0,0
1743523200,85250,85455,84671.4,84908.8,84727.38148247632,90330.05050789946,79472.21475592205,0,0
1743537600,84908.8,85555,84723.2,85130.5,84719.13108683792,90315.93534480593,79469.15618719322,0,0
1743552000,85130.5,85235,84463.9,84504,84711.25461438595,90301.31109981684,79467.2477170476,0,0
1743566400,84504,84678.1,83867.2,84382.4,84703.33215939102,90286.03691361289,79465.82577069972,0,0
1743580800,84382.4,85429.6,84215,84520,84695.77224423188,90272.87335988042,79463.22709203616,0,0
1743595200,84520,87297.1,84403.5,86699.3,84689.91734908689,90272.64124816954,79452.44540787823,0,0
1743609600,86699.3,87278,86124.6,86853.9,84686.28395013504,90275.44467446716,79443.16104057153,0,0
1743624000,86853.9,88560.1,82281.9,82468.1,84682.56732799757,90308.18766346936,79407.3870243511,0,0
1743638400,82468.1,83888,82107.1,83442.4,84677.51544620203,90342.79193383895,79367.50092240697,0,0
1743652800,83442.4,83697,82955,83422,84671.39973892715,90373.23544059676,79329.30473050963,0,0
1743667200,83422,83774.8,83010.7,83061.8,84664.19845878125,90399.71288504988,79292.5803844376,0,0
1743681600,83061.8,83116.1,81146,81990.1,84654.7816549307,90428.34973675375,79249.8378871915,0,0
1743696000,81990.1,82409.6,81501,81971.7,84643.13262396172,90452.58709289074,79206.79917137134,0,0
1743710400,81971.7,83288.3,81758.6,83175.2,84630.13425501165,90477.06051224965,79161.05566948213,0,0
1743724800,83175.2,83389.9,82561,82786.5,84616.02779520923,90497.73638658482,79116.58838906587,0,0
1743739200,82786.5,83999.2,82585,83973.7,84601.47116005354,90518.81452387448,79070.95292943316,0,0
1743753600,83973.7,84736,81605,82617.9,84585.97555666121,90549.81524981638,79014.92941904813,0,0
1743768000,82617.9,83682,81800,82813.1,84569.379410882,90582.75642591869,78955.2031328481,0,0
1743782400,82813.1,84600,82691,83989,84552.72263230821,90618.60736596753,78892.87986587359,0,0
1743796800,83989,84418.9,83457.1,83862.1,84536.17273571032,90651.80105223981,78833.12209851877,0,0
1743811200,83862.1,84244,83374.6,83600,84519.57259203178,90681.70597747664,78776.1773351952,0,0
1743825600,83600,83838,83304.3,83483.3,84502.7478050261,90706.27142247572,78723.49149201688,0,0
1743840000,83483.3,83872.8,83341,83428,84485.72991888942,90725.69500410114,78674.93943810371,0,0
1743854400,83428,83526.6,82343,82579.5,84467.82757235668,90743.28917664984,78626.35308385227,0,0
1743868800,82579.5,83125.5,82566.7,82827.7,84449.1204061465,90755.448025564,78581.00083824153,0,0
1743883200,82827.7,83659.9,82783.1,83496.7,84430.12641580022,90764.75294772563,78537.60424703089,0,0
1743897600,83496.7,83774.3,83131.9,83313.8,84410.96809258296,90770.02384838898,78497.40731839105,0,0
1743912000,83313.8,83500,82984,82988.9,84391.42777373042,90770.43278737257,78460.71526806155,0,0
1743926400,82988.9,83139.3,82617.5,82812.5,84371.24584609178,90765.920345491,78427.09134139559,0,0
1743940800,82812.5,82940,82159.7,82507.1,84350.15442887032,90757.9141488736,78394.80026505845,0,0
1743955200,82507.1,82529,78643,79579.5,84325.92886239625,90763.13904627174,78345.26607636103,0,0
1743969600,79579.5,79844,77083.5,78376.1,84296.86913497865,90772.61007796893,78283.1091874087,0,0
1743984000,78376.1,79315.8,77303.9,77650,84262.86039619411,90781.09067096497,78212.64967925093,0,0
1743998400,77650,77947.3,74456.2,75077.5,84221.7661575507,90795.91723750115,78123.62174989324,0,0
1744012800,75077.5,77550,75040.9,76650,84174.57093322309,90811.12985377297,78023.01769839531,0,0
1744027200,76650,81216.8,75739.6,78427.5,84123.7436674334,90847.15026255888,77897.92225921506,0,0
1744041600,78427.5,79342,77250,78091.6,84069.25707361277,90881.62604868248,77767.53445325984,0,0
1744056000,78091.6,80189.3,78057.1,79144.1,84012.26109847198,90915.7087776449,77633.00874813531,0,0
1744070400,79144.1,80833.6,78738.9,79867,83953.62282381419,90949.79601423183,77495.61949694039,0,0
1744084800,79867,80368.5,79188.9,79464.7,83893.33398814057,90978.06136600437,77360.31502508596,0,0
1744099200,79464.7,80044,78777.2,79955.8,83831.44676867261,91001.20950069051,77226.57210699451,0,0
1744113600,79955.8,80350,78128,78456,83767.4691929169,91024.70509269681,77088.83964897656,0,0
1744128000,78456,78486.3,76316.1,76827.6,83699.73133810084,91046.51941536396,76945.77531415295,0,0
1744142400,76827.6,77251.4,76200.9,76286.9,83627.81143728818,91058.9201274838,76803.13840752198,0,0
1744156800,76286.9,76823.1,74565.9,75012.1,83550.79320093582,91068.9544163256,76653.29078659248,0,0
1744171200,75012.1,77910.1,74936.6,77653.9,83470.43495848875,91082.76830446557,76494.30997605844,1,0
1744185600,77653.9,77847.7,75742.3,76200.1,83386.72352310711,91094.25367694431,76331.3313326917,0,0
1744200000,76200.1,78300,75982.2,77234.7,83300.50071941942,91105.45388895966,76164.19351319288,0,0
1744214400,77234.7,82975.2,77110,82294.6,83215.65339166176,91141.71407900956,75978.87574725806,0,0
1744228800,82294.6,83560,81972.1,82593.9,83134.08368919147,91177.32298340098,75800.3815499135,0,0
1744243200,82593.9,82719.2,81440.8,81755.8,83055.00488179605,91209.70639952965,75629.38318975597,0,0
1744257600,81755.8,82312.4,81255.5,81557.4,82978.12367415962,91237.37886113144,75466.53679040975,0,0
1744272000,81557.4,82086.9,81301,81836,82903.44824550257,91258.9205819367,75312.98515440828,0,0
1744286400,81836,82491.1,78565.8,78734.1,82829.16078557404,91291.90918202231,75150.90809157398,0,0
1744300800,78734.1,80027.5,78422,79600.7,82754.73602887182,91321.12136118353,74991.92118023179,0,0
1744315200,79600.7,80000,79339.2,79557.5,82680.53835711865,91341.09181834434,74841.13980833824,0,0
1744329600,79557.5,80886.1,78928.2,80806.2,82607.20515005174,91360.83586220893,74692.29323815148,0,0
1744344000,80806.2,81404,80481.6,81222,82535.58952404938,91374.77688674512,74551.4656251986,0,0
1744358400,81222,82950,80750,82114.7,82466.5659195078,91391.77723213175,74412.98003520505,0,0
1744372800,82114.7,83333,81315.7,82494.8,82400.51343261206,91410.99167739727,74278.20756961519,0,0
1744387200,82494.8,84191.9,81970,83826.1,82338.27172659384,91434.42402428409,74147.03010675508,0,0
1744401600,83826.1,84288,83126.3,83382.8,82279.98570895054,91455.79570848355,74024.78974481343,0,0
1744416000,83382.8,83544.8,82753.3,82933,82225.03635165944,91472.4659053188,73912.47777259922,0,0
1744430400,82933,83784.4,82803.6,83684.8,82173.65773485567,91486.10456877125,73809.13262570121,0,0
1744444800,83684.8,83998.8,83260.1,83481.1,82125.88711729232,91495.53858910891,73715.7400110117,0,0
1744459200,83481.1,85386.4,83433.5,84977.5,82082.56927430588,91509.08607554079,73627.0950527183,0,0
1744473600,84977.5,85221,84400,84882.2,82043.76669432614,91520.14499807646,73548.61220482652,0,0
1744488000,84882.2,85888,84815.6,85238.4,82009.7615489039,91530.73708457616,73479.15250691678,0,0
1744502400,85238.4,86099,84666.8,85389.3,81980.43893945063,91543.02889758436,73416.7576673044,0,0
1744516800,85389.3,85396.8,84358.4,84372,81954.99054722043,91553.98611486572,73362.4035459053,0,0
1744531200,84372,84908.4,84147,84478.5,81933.08460170162,91561.8522275692,73316.8911400452,0,0
1744545600,84478.5,84644.4,83413,83801.8,81914.06181258602,91568.96258855386,73277.16000000753,0,0
1744560000,83801.8,84982.7,82953.1,83943.6,81897.8198564697,91580.06157084485,73239.22677267628,0,0
1744574400,83943.6,84393.4,82977.9,83716.8,81884.00341526791,91591.09514485218,73205.69761402681,0,0
1744588800,83716.8,85535.8,83637.5,84530.1,81873.33825460314,91605.70913591929,73174.95361568322,0,0
1744603200,84530.1,85073.2,84169.7,84552.8,81865.72534935894,91617.94052617523,73151.57870266588,0,0
1744617600,84552.8,84931,84210.4,84890,81861.11197224708,91626.89428029832,73136.18677102406,0,0
1744632000,84890,85771.1,83639.4,84064.9,81859.19861744721,91640.75538081852,73121.70628062342,0,0
1744646400,84064.9,85174,83812.7,84870.4,81859.9885181586,91654.94579945676,73111.79622379718,0,0
1744660800,84870.4,84937.3,84376.7,84547.4,81863.36485015137,91664.73704218441,73110.01723056159,0,0
1744675200,84547.4,85397.3,84300.9,85367.3,81869.58621613622,91673.85008768586,73113.86115877438,0,0
1744689600,85367.3,85873.3,85126,85710.5,81879.03148895754,91680.80182666186,73125.18721471354,0,0
1744704000,85710.5,85998.9,85327.3,85549.9,81891.60375399594,91685.29009463207,73144.06442385368,0,0
1744718400,85549.9,86444,84560.7,84863.3,81906.84555363758,91694.10094835059,73164.26334041196,0,0
1744732800,84863.3,85104.4,83865,83943.7,81923.70914201705,91702.36415264934,73187.79817294281,0,0
1744747200,83943.7,84181.7,83518.5,83603.7,81941.60399323316,91706.17873010617,73216.729319238,0,0
1744761600,83603.7,83910.5,83055,83634.6,81960.24694922831,91706.64468848179,73249.67675785214,0,0
1744776000,83634.6,83760,83150,83312.8,81979.46893777321,91702.31711178066,73287.4974045334,0,0
1744790400,83312.8,84093,83075.3,84004.8,81999.52685448602,91696.15680619676,73328.29028560959,0,0
1744804800,84004.8,85225.4,83456.7,84799.9,82021.09027017938,91693.41909822472,73369.05216613485,0,0
1744819200,84799.9,85522.7,83224.4,84294.1,82043.93647877754,91696.91121257537,73407.13469976251,0,0
1744833600,84294.1,84636.3,83985.3,83986,82067.85310934813,91696.53201607609,73450.24251077183,0,0
1744848000,83986,84450.9,83762,83949.2,82092.63186785452,91692.52656931215,73497.81338936923,0,0
1744862400,83949.2,85018.5,83849.4,84638.3,82118.63382298229,91688.33033470677,73547.7458945552,0,0
1744876800,84638.3,84736.4,84134.1,84527.3,82145.74825903802,91680.59079853834,73602.53569771751,0,0
1744891200,84527.3,84831.3,83677.4,84499.4,82173.78000214169,91672.58595783984,73659.20846768594,0,0
1744905600,84499.4,85455.8,84339.5,84799.4,82203.15946191075,91664.61741420279,73718.29628640682,0,0
1744920000,84799.4,85112.3,84685,84906.5,82233.83553690283,91652.70823319623,73782.91201067933,0,0
1744934400,84906.5,85104.7,84675.2,84796.7,82265.684463789,91637.01159361917,73852.72307119778,0,0
1744948800,84796.7,84810.1,84375,84615.1,82298.38369736764,91617.48067879543,73927.20154513855,0,0
1744963200,84615.1,84738.9,84420.1,84627.3,82331.8618758474,91593.61822601083,74006.63508255908,0,0
1744977600,84627.3,84725.3,84276.1,84329.4,82365.91147715562,91566.24578164311,74090.00244086339,0,0
1744992000,84329.4,84618,84250,84533.9,82400.49838103112,91535.09667546577,74177.47268586431,0,0
1745006400,84533.9,84647,84290,84419.6,82435.55287186326,91500.28814534667,74268.84127943983,0,0
1745020800,84419.6,84944.7,84324.1,84838.4,82471.25747629028,91463.81432999214,74362.83255344475,0,0
1745035200,84838.4,85235.1,84833.9,85186.9,82507.91013957917,91424.89119603553,74460.63261922775,0,0
1745049600,85186.9,85426.1,85085.1,85194,82545.57628986808,91383.46673117728,74562.4171281497,0,0
1745064000,85194,85644.6,85041.6,85150,82584.21839049661,91341.2525989583,74666.73527145192,0,0
1745078400,85150,85295.1,84659.4,85054.7,82623.50055694666,91298.24533219094,74772.99064669703,0,0
1745092800,85054.7,85371.3,84973.7,85048.5,82663.4788558554,91253.26806407596,74882.25771546394,0,0
1745107200,85048.5,85290,85006.6,85119.1,82704.09314615479,91205.80062389074,74994.86848796067,0,0
1745121600,85119.1,85212,84608.2,84730.1,82745.00722016713,91157.56714857885,75108.80812237923,0,0
1745136000,84730.1,84757.4,83882.7,84080.1,82785.59321254493,91109.62197926932,75222.07089293348,0,0
1745150400,84080.1,84627.6,84054.3,84296,82825.90804327246,91060.32875515879,75336.11109221898,0,0
1745164800,84296,84623.6,84222.7,84600.6,82866.07316354233,91008.95170763366,75451.76548791715,0,0
1745179200,84600.6,85281.8,84571.3,85145.5,82906.54536656807,90957.95007301876,75567.83391777125,0,0
1745193600,85145.5,87626.4,85106.1,87174.8,82948.80013505521,90919.26113664523,75677.07169886064,0,0
1745208000,87174.8,87737.7,87033,87418.7,82993.42305069431,90882.76393857303,75788.93919123107,0,0
1745222400,87418.7,87771.9,86615.2,86940.4,83040.00883308027,90850.66235277947,75900.856288992,0,0
1745236800,86940.4,88442.9,86755.5,87992.1,83089.0011893409,90826.359553476,76010.77652548146,0,0
1745251200,87992.1,88219.9,86350,87359.9,83139.86816121082,90810.17398770271,76117.43678411578,0,0
1745265600,87359.9,87592.6,86786.8,87471.1,83192.45943326651,90795.75892455611,76225.86548680619,0,0
1745280000,87471.1,88842.1,87013.6,88117.4,83247.30255162418,90789.42837378583,76331.72172414103,0,0
1745294400,88117.4,88449.8,87920,88439.4,83304.50674523195,90783.8551693749,76441.3543698838,0,0
1745308800,88439.4,88681.9,88200.1,88581,83364.11887816824,90778.95287518967,76554.92926745048,0,0
1745323200,88581,91366.9,88440,90876,83427.55157110083,90789.70758138082,76662.39430179726,0,0
1745337600,90876,91671.2,90566.6,91355.9,83495.44993026578,90806.33967151227,76773.165665267,0,0
1745352000,91355.9,94000,90984.1,93400,83568.9672009468,90840.16225915939,76879.78648814831,0,0
1745366400,93400,93873.4,92561,93128.3,83648.14617275832,90881.68112533256,76990.34911655897,0,0
1745380800,93128.3,94242.6,92969,94100.4,83733.18696166345,90930.84763234529,77105.25945062118,0,0
1745395200,94100.4,94507,93268.4,93426.3,83823.74158372423,90987.05703972028,77224.38643144161,0,0
1745409600,93426.3,94722.9,91911.8,93133,83919.08989902082,91057.84834871207,77339.99624623843,0,0
1745424000,93133,94189.1,92862.8,93427.9,84019.15769646187,91134.92253610966,77458.98787839439,0,0
1745438400,93427.9,93876.8,93178.3,93635.2,84123.72510974354,91214.70615944765,77583.99302376865,0,0
1745452800,93635.2,93724.8,92579.2,92621.7,84232.00413808682,91298.84195020852,77712.16336991526,0,0
1745467200,92621.7,92862,92060.8,92156.4,84343.20743815962,91384.69360568875,77844.29055101179,0,0
1745481600,92156.4,92620,91631.5,92577.5,84457.043824839,91473.05271813078,77979.16478868044,0,0
1745496000,92577.5,93420.3,92388.4,93160,84573.9338272499,91564.60266512085,78116.98052331198,0,0
1745510400,93160,93624.1,92613.3,93519.4,84693.88105187919,91659.253912496,78257.82102129843,0,0
1745524800,93519.4,93985.8,92999,93945.5,84816.99870984018,91757.01534778788,78401.88832295606,0,0
1745539200,93945.5,94400,92775.6,93259.9,84942.90590007458,91860.89257729948,78545.90849612489,0,0
1745553600,93259.9,93835,92951.1,93747.9,85071.40791794943,91966.65134963214,78693.13864249007,0,0
1745568000,93747.9,94619.6,93505.3,94593.2,85202.92467479965,92075.99379755212,78842.90001909902,0,0
1745582400,94593.2,95724.5,93888.8,95012.8,85337.7735976524,92193.02046129569,78992.26607573315,0,0
1745596800,95012.8,95515.3,94329.6,95230.6,85475.83335573268,92314.02983601899,79144.17885163422,0,0
1745611200,95230.6,95286.5,94406,94596.2,85616.62635651256,92436.90380304641,79299.56983726993,0,0
1745625600,94596.2,95150,94510,94689.7,85759.93762578987,92560.20732630545,79459.27428242867,0,0
1745640000,94689.7,94776.5,94264.1,94507.6,85905.3067488773,92682.89304855911,79623.34239774177,0,0
1745654400,94507.6,94680,93950,94101,86052.28381075214,92805.77825585169,79790.24246347856,0,1
1745668800,94101,94363.4,93839.8,94333.6,86200.61753539988,92927.58822859288,79960.60809418475,0,0
1745683200,94333.6,94333.6,94000.2,94251.1,86350.1365905417,93047.25179882023,80135.04907513829,0,0
1745697600,94251.1,94870,94035,94578.3,86500.92611587356,93167.69948016641,80311.20507055856,0,0
1745712000,94578.3,95279.4,93959.1,94120,86652.76507316447,93291.3290511841,80486.59796351916,0,0
1745726400,94120,94250,93592.8,94022.1,86805.03404949493,93413.9120659723,80663.7230973948,0,0
1745740800,94022.1,94279.1,93835.5,93866,86957.614335829,93534.2618076339,80843.38877373406,0,0
1745755200,93866,94130,93538.4,93851.6,87110.2195966712,93653.0133922108,81024.51894848901,0,0
1745769600,93851.6,94405.3,93673.5,94396.1,87262.99714678059,93771.17700996083,81206.51690476439,0,0
1745784000,94396.1,94516.8,93576.9,93700,87415.59951875925,93889.57182205236,81388.02734884029,0,0
1745798400,93700,93943.5,92750,93812.3,87567.5092532832,94009.08327279308,81567.31679398297,0,0
1745812800,93812.3,94762.7,93812.2,94650,87719.43339941236,94129.05780441634,81746.2659819901,0,0
1745827200,94650,95480.2,94280.5,95274.2,87871.77528636037,94251.2528666539,81924.09816451852,0,0
1745841600,95274.2,95564.8,93524,93782.2,88023.73451818153,94379.33615812237,82096.12563438747,0,0
1745856000,93782.2,94874.3,93381.9,94733.5,88175.22501702434,94510.06830837615,82264.99510543483,0,0
1745870400,94733.5,95126.8,94250.8,94969.7,88326.53673833562,94640.28440268656,82433.99881379782,0,0
1745884800,94969.7,95440,94375.7,94612.8,88477.56495208327,94770.91779276106,82602.12818629119,0,0
1745899200,94612.8,94930.4,94146.8,94879.9,88628.0428986098,94900.18032813809,82770.44322653218,0,0
1745913600,94879.9,95250,94692,95084.4,88778.17856404632,95027.11353357621,82940.17040057603,0,0
1745928000,95084.4,95266,94466.8,94792.7,88927.69910703765,95152.84339699923,83109.81980304353,0,0
1745942400,94792.7,95444.3,94601.4,95264.1,89076.73040908609,95277.78572301293,83279.26431288276,0,0
1745956800,95264.1,95362.7,93682,94200,89224.53154832777,95405.78409172616,83443.75664230756,0,0
1745971200,94200,95076.8,94076,95000,89371.29310967817,95533.17797925744,83606.8494845867,0,0
1745985600,95000,95146.5,94453.2,94584.3,89516.93255808696,95658.1950102075,83769.93956193724,0,0
1746000000,94584.3,95187.5,94481.3,95131.3,89661.5494791933,95781.08459634922,83932.99667559048,0,0
1746014400,95131.3,95174.3,92852.4,93951.1,89804.18973239648,95909.8408903166,84087.22628072379,0,0
1746028800,93951.1,94499.9,93465.7,94100,89944.82836393562,96037.03343128985,84239.08840547348,0,0
1746043200,94100,94750,93923.2,94118,90083.63958800676,96161.6822868337,84389.76865250825,0,0
1746057600,94118,94964.5,94070.7,94738.5,90220.87113352916,96284.45714255229,84539.14400786025,0,0
1746072000,94738.5,95150,94672.1,94978.6,90356.77552256068,96403.35242390375,84689.44987446336,0,0
1746086400,94978.6,96366,94865,96138.2,90492.06574729185,96524.81414861156,84836.36084089764,0,0
1746100800,96138.2,97383.1,95772,96804.4,90627.42819168259,96649.97998391009,84980.15976833008,0,0
1746115200,96804.4,97300,96361,96466,90762.78788722816,96774.98828358635,85124.0988107582,0,0
1746129600,96466,96852.6,96132.9,96430.9,90897.80703004861,96898.32898874265,85268.87314880175,0,0
1746144000,96430.9,97199.9,96417.1,97062,91032.7590114911,97020.69238019918,85414.38954867209,0,0
1746158400,97062,97276.6,96310,96310,91167.28685738257,97142.7504649918,85559.38712000502,0,0
1746172800,96310,97050,96306.9,96866.5,91301.3844249833,97263.30020392843,85704.91419107634,0,0
1746187200,96866.5,97868,96574.9,97263.1,91435.39661175656,97385.72583042583,85848.63625811992,0,0
1746201600,97263.1,97746.3,96692.8,96843.6,91569.0767627598,97508.4049121795,85991.51864637734,0,0
1746216000,96843.6,97070,96500.1,96833.5,91702.04898329066,97628.3188889359,86135.51768007399,0,0
1746230400,96833.5,96865,96266.2,96292.9,91833.92080725757,97745.31467679128,86280.03335730327,0,0
1746244800,96292.9,96548.6,96056.8,96283.7,91964.45141365274,97858.64811406074,86425.27243945129,0,0
1746259200,96283.7,96370.3,95819,95894.6,92093.32678214074,97968.43179725391,86570.54810629204,0,0
1746273600,95894.6,96455,95828.9,96362.4,92220.6684941725,98075.30309084323,86715.52806351811,0,0
1746288000,96362.4,96369.5,95783.8,96307.6,92346.36384141806,98178.99921660616,86860.2347016912,0,0
1746302400,96307.6,96408.7,95700.1,95815.5,92470.19714459499,98280.05665496767,87003.7894868069,0,0
1746316800,95815.5,96257,95535.4,95674,92591.98691020218,98378.41630928601,87145.90416891893,0,0
1746331200,95674,96108.8,95649.9,95840.6,92711.74434794208,98472.68282922346,87287.83753099208,0,0
1746345600,95840.6,95890.7,95233,95379.9,92829.09871396991,98563.68915412902,87428.15576406394,0,0
1746360000,95379.9,95644.2,95187.5,95424,92943.96063744836,98650.28366613739,87567.71392782948,0,0
1746374400,95424,95583,95152.6,95525.2,93056.32593176822,98732.42223585703,87706.5466421281,0,0
1746388800,95525.2,95706,94100,94224.1,93165.48781416225,98816.09375594431,87838.00077230514,0,0
1746403200,94224.1,94745,93460.2,94012.4,93270.89804659548,98898.79835025652,87963.25706212025,0,0
1746417600,94012.4,94792.6,93980.1,94719.1,93373.01648988611,98978.2297532798,88085.23076390587,0,0
1746432000,94719.1,94748.3,93847.7,93997.9,93471.59550448788,99054.64982338993,88203.22096673075,0,0
1746446400,93997.9,94510,93543.9,93723.1,93566.42571144189,99128.22240211802,88316.68528162487,0,0
1746460800,93723.1,94880.8,93704.7,94306.2,93657.92834892203,99200.5531628064,88424.98618143446,0,0
1746475200,94306.2,95149,93801,94698.7,93746.39576524845,99272.84540215248,88527.59970133826,0,0
1746489600,94698.7,94876.6,93970,94417,93831.74653689725,99342.39654856031,88626.77934149478,0,0
1746504000,94417,94593.5,94253.3,94351.2,93914.00769746557,99406.00946240748,88725.42907111703,0,0
1746518400,94351.2,94352.7,93680,93777.5,93992.78352630184,99465.30978178454,88821.3526344454,0,0
1746532800,93777.5,94701.1,93333.5,94512.9,94068.38097077499,99524.64909875773,88911.24338134757,0,0
1746547200,94512.9,95110,94172.6,94912.9,94141.38878470013,99582.03037350121,88997.99541213617,0,0
1746561600,94912.9,96880.6,94401.9,96799,94213.0806315962,99647.41277403382,89075.11309123108,0,0
1746576000,96799,97700,96157.1,96471.1,94284.15085122178,99715.75984335913,89148.4065878877,0,0
1746590400,96471.1,96964.9,96278.2,96942.3,94354.51387468154,99782.08450398347,89222.17182356074,0,0
1746604800,96942.3,97069.6,96780.2,97000,94424.34157568631,99844.40461045153,89298.5071801267,0,0
1746619200,97000,97444.2,96669.6,96888.7,94493.63864980449,99905.57659820246,89374.86824374605,0,0
1746633600,96888.7,96932.1,95724.2,96122.1,94561.66190050925,99967.3138716047,89448.31620534454,0,0
1746648000,96122.1,97369.6,96012.2,96988.1,94628.90240096783,100030.87614855527,89518.65178420936,0,0
1746662400,96988.1,99187.9,96832.1,99105.8,94696.81462766664,100103.1077392751,89582.50051519925,0,0
1746676800,99105.8,99393.1,98698,99218,94765.98142968003,100175.07854185188,89648.95627786788,0,0
1746691200,99218,99876.2,99163.1,99376,94836.62617903385,100247.17124699222,89718.09930538724,0,0
1746705600,99376,101500,99055,100716.5,94909.49444193924,100329.57333811364,89782.22308259901,0,0
1746720000,100716.5,101687.9,100543.5,101244.1,94985.0947348524,100415.3985551454,89848.45304213137,0,0
1746734400,101244.1,104253.8,101203.6,103240,95064.8095798013,100516.0658935607,89909.1895420355,0,0
1746748800,103240,103241.3,102314.2,102410.3,95148.17791410531,100619.40443150014,89974.45186169307,0,0
1746763200,102410.3,104330.1,102332,103598.9,95235.6552241765,100731.54995232227,90039.6154955533,0,0
1746777600,103598.9,103911,102378.3,102909.9,95326.67714231307,100849.26999553364,90106.50622852541,0,0
1746792000,102909.9,103735.1,102354,102855.7,95420.93917742532,100971.35747256997,90175.62862790491,0,0
1746806400,102855.7,103338.3,102264.1,103135.8,95518.16079586795,101095.84633363085,90248.20873169901,0,0
1746820800,103135.8,103364,102692.2,102931.2,95618.2066336549,101220.45579493543,90326.02518960192,0,0
1746835200,102931.2,103239.4,102772,103182.8,95720.9318929933,101344.04599255264,90409.81848244324,0,0
1746849600,103182.8,104079.9,103005.3,103727.5,95826.61658237761,101470.25933936705,90496.86583449395,0,0
1746864000,103727.5,104050,103328.1,103399.2,95935.03357043238,101596.98827721184,90588.61706655863,0,0
1746878400,103399.2,103792.8,103053.6,103100.6,96045.72520684269,101723.93532449116,90684.47166423545,0,0
1746892800,103100.6,103585.7,102880,103141.2,96158.39651021874,101850.69618480097,90784.23187839023,0,0
1746907200,103141.2,104986.7,103017.7,104782.3,96273.81418671434,101984.83659081145,90882.6018444891,0,0
1746921600,104782.3,104936.7,103342.3,103961.9,96391.59994578581,102123.76941572911,90981.17503169016,0,0
1746936000,103961.9,104368,103250,103354.3,96511.17194932477,102264.26652964145,91081.7299836824,0,0
1746950400,103354.3,104731,103331,104600.9,96632.8551244356,102408.16198196202,91183.24661607463,0,0
1746964800,104600.9,104855,103750,104097,96756.46566792214,102553.61587903094,91287.01673074794,0,0
1746979200,104097,104812,103713.3,104402,96881.88119616765,102700.47467132095,91392.94569131536,0,0
1746993600,104402,104564.6,103540,104080,97008.69284623384,102847.92959865187,91500.98134652482,0,0
1747008000,104080,105133.7,103666,104072.7,97136.9356974845,102998.38684436023,91609.04909079064,0,0
1747022400,104072.7,105842.1,103730.8,104434.5,97266.7758763052,103155.34864024125,91714.34941649438,0,0
1747036800,104434.5,104721.2,103580,103712.3,97397.43272657227,103312.64985091178,91820.89429916456,0,1
1747051200,103712.3,104614,102303.5,102470.1,97527.95906205293,103475.65362454965,91922.13303934924,0,0
1747065600,102470.1,103050,100688,101803,97657.0615975167,103643.21758369052,92016.65002497874,0,0
1747080000,101803,103098.2,101723.7,102746,97785.30301304458,103810.19578278027,92110.08045260864,0,0
1747094400,102746,102746.1,101380,101666.7,97912.0532932838,103975.8587806528,92201.88505806019,0,0
1747108800,101666.7,102908.8,101560.1,102627.9,98037.65851950849,104140.42739718381,92292.52009241965,0,0
1747123200,102627.9,103788,102505,103683.5,98162.9337463487,104304.31031112379,92383.15782873638,0,0
1747137600,103683.5,103933.3,102745,103628.2,98287.8784609869,104466.96277387755,92474.27890932605,0,0
1747152000,103628.2,104949.9,103485.3,104751.3,98413.26910749909,104630.66337330942,92565.32668506101,0,0
1747166400,104751.3,104907.2,103820,104070.6,98538.85510932124,104793.03796097924,92657.92990820046,0,0
1747180800,104070.6,104073.6,103400,103534.4,98663.96729866914,104951.18373626529,92753.39349744872,0,0
1747195200,103534.4,103953,103335.2,103664.3,98788.49303847252,105104.80211950156,92851.76471495947,0,0
1747209600,103664.3,104138.6,102803.4,103908.2,98912.31029209882,105257.84851702517,92949.31698834752,0,0
1747224000,103908.2,104325.6,102770.1,103455.9,99035.24205272416,105411.31548281401,93044.84175648801,0,0
1747238400,103455.9,103668.8,102550,103279.4,99156.8858143024,105562.32046615325,93140.12766082662,0,0
1747252800,103279.4,103620.3,103238.6,103445,99277.4306549509,105706.99685097663,93238.93905853145,0,0
1747267200,103445,103824,102650.1,102690.1,99396.4569067574,105849.4814961899,93336.83553256239,0,0
1747281600,102690.1,102915.7,101666.7,101729.2,99513.02568190296,105989.26371497649,93432.50375809325,0,0
1747296000,101729.2,102377.9,101450,102322.9,99627.0779122935,106124.48768858115,93527.46825472002,0,0
1747310400,102322.9,103200,101333,103191.8,99739.10349517227,106260.99378999203,93617.50169287054,0,0
1747324800,103191.8,104203.9,102500,103100,99849.72984459437,106398.27980306465,93704.226877466,0,0
1747339200,103100,103920.3,102653.3,103710,99959.06070415936,106533.91823464679,93789.9777125469,0,0
1747353600,103710,104433.3,103405.9,103971.6,100067.52179859408,106666.98357171784,93876.36720953576,0,0
1747368000,103971.6,104152.8,103653.1,103665,100174.94275371527,106794.41304299235,93965.76908635024,0,0
1747382400,103665,103866,103042.2,103622,100280.97368602183,106917.82575345456,94056.09974342075,0,0
1747396800,103622,104246.1,103279.3,104137,100385.92557063796,107038.42920144903,94146.87909617832,0,0
1747411200,104137,104555,103534.1,103962,100489.86604432255,107156.64086654237,94237.86613638491,0,0
1747425600,103962,103972.6,103356.4,103410.2,100592.33094891257,107269.76904813835,94330.55683372113,0,0
1747440000,103410.2,103536,102539.7,103459.9,100692.90815666397,107379.67479109083,94422.54107001254,0,0
1747454400,103459.9,103669.4,103240,103388.4,100791.82050355876,107483.43577108307,94516.80631104969,0,0
1747468800,103388.4,103526.1,102700.1,102932.4,100888.68587141621,107583.06864999048,94610.86269974319,0,0
1747483200,102932.4,103141.1,102600.2,102900,100983.33456203657,107676.87314168166,94705.8877336652,0,0
1747497600,102900,103325,102725,103109.4,101075.93278223262,107765.50473352228,94801.61776313232,0,0
1747512000,103109.4,103451.1,102852.8,103081.2,101166.54953879115,107849.15557283445,94898.0146504053,0,0
1747526400,103081.2,103377,103050,103233.7,101255.26866788877,107926.51011878808,94996.39543353989,0,0
1747540800,103233.7,103956.4,103233.7,103883.4,101342.53064971032,108000.45425776893,95095.04926687555,0,0
1747555200,103883.4,104050,103747.4,103758.7,101428.46577831815,108068.8479135348,95196.10756260311,0,0
1747569600,103758.7,105687,103666.7,105484.4,101514.07531067706,108142.53153222217,95291.901716868,0,0
1747584000,105484.4,105950,103817.4,103842.3,101598.9094966685,108221.41227156515,95381.6642589167,0,0
1747598400,103842.3,106650,103228,106428.1,101683.76144984286,108313.28519328746,95460.01050690436,0,0
1747612800,106428.1,107134.3,103510.6,103566.8,101767.89878201917,108417.88960867959,95525.79615678272,0,0
1747627200,103566.8,103737,102000,103169.4,101849.59829584764,108522.54662397725,95586.96322312084,0,0
1747641600,103169.4,103392,102733.1,102910.8,101928.92534007553,108621.03998184242,95649.11017901731,0,0
1747656000,102910.8,104952.3,102100,104749.7,102006.78104664691,108726.9007352279,95702.01402905604,0,0
1747670400,104749.7,105500,104462.6,105461.7,102084.29154730197,108830.54839030167,95756.22593888559,0,0
1747684800,105461.7,105798.4,104947.2,105538,102161.66694595452,108931.20090033757,95812.82595723034,0,0
1747699200,105538,106844.4,105471.6,105718.4,102239.38530045122,109032.32873453293,95869.6565315445,0,0
1747713600,105718.4,106379.9,104842.4,104958.2,102316.78242800361,109134.16232764864,95925.26980680574,0,0
1747728000,104958.2,105375,104807.7,105163.1,102393.53798362125,109230.89088862797,95984.1720186393,0,0
1747742400,105163.1,105353.7,104125.4,105287.3,102469.42480964045,109326.17954684835,96042.71423679555,0,0
1747756800,105287.3,107237.1,105030,106986,102545.80881014648,109426.85780140224,96097.4583005194,0,0
1747771200,106986,107292.4,105888,106808.2,102622.82597467703,109528.3437220037,96152.68571721434,0,0
1747785600,106808.2,107225.3,106136,106788,102700.42793062025,109628.80626255191,96209.91285695869,0,0
1747800000,106788,108033.3,106369.6,106426.7,102778.72859938593,109731.56766107719,96266.43706698077,0,0
1747814400,106426.7,106732.4,106001.8,106490,102857.12792150665,109830.77084266918,96326.27252900077,0,0
1747828800,106490,109472.8,106255.4,108941.9,102937.22937561074,109941.90927940386,96378.83552302587,0,0
1747843200,108941.9,109833,106078.5,108554.7,103018.82553455514,110067.2752208453,96421.74200483135,0,0
1747857600,108554.7,110800,107657.9,109608.7,103102.87695684267,110203.77320003102,96459.52155814976,0,0
1747872000,109608.7,111885,109150,111742.9,103190.62459796997,110349.95508847719,96495.78014219843,0,0
1747886400,111742.9,111771.9,110406.5,110990,103281.95209768774,110497.9875566667,96537.15750830868,0,0
1747900800,110990,111285,110218.4,110923.1,103376.40563158385,110645.83286290278,96584.579507366,0,0
1747915200,110923.1,111590,110495.3,111256.6,103474.044527701,110793.79405212028,96637.8846624194,0,0
1747929600,111256.6,111968,110846.4,111148.7,103574.83459909921,110942.05635656771,96696.84080626545,0,0
1747944000,111148.7,111670,110683.2,111646.5,103678.56533749681,111089.76873375132,96761.79033376418,0,0
1747958400,111646.5,111758.4,110950,111051.8,103784.9495814895,111235.7692759621,96833.20239292833,0,1
1747972800,111051.8,111137.1,110349,110673.4,103893.29939309637,111379.38944870363,96910.36835638885,0,0
1747987200,110673.4,111340.3,108825.9,109026.5,104002.53447355077,111529.1068304454,96983.89491602567,0,0
1748001600,109026.5,109968,107263.6,108885.2,104111.57474154711,111684.77389140768,97051.904368843,0,0
1748016000,108885.2,109790.2,107977.1,108655.5,104220.42174705541,111841.1289497715,97118.97949467445,0,0
1748030400,108655.5,108671.9,106755,107275.9,104327.82853353626,111997.45643288837,97183.41963457965,0,0
1748044800,107275.9,108318.6,106832.3,108295.6,104433.98623298584,112151.4513506346,97247.58216826915,0,0
1748059200,108295.6,108531.6,107506.1,107545.3,104538.88990813932,112300.48712079227,97313.73196512787,0,0
1748073600,107545.3,109454.5,107545.3,109142.9,104643.28928987186,112450.40485573489,97378.19981575066,0,0
1748088000,109142.9,109222,108469.5,108896.7,104747.24627166372,112594.67872533246,97446.75082080948,0,0
1748102400,108896.7,109172,108624.7,108904.9,104850.71774799311,112732.28869863876,97520.17934859924,0,0
1748116800,108904.9,109090.7,107434.5,107716,104952.86181312583,112868.81849729248,97592.0838847916,0,0
1748131200,107716,108222,107118.1,108059.5,105053.3742842686,113000.82053882703,97664.87885562381,0,0
1748145600,108059.5,108249.7,107407.5,107631,105152.19345240353,113126.82406795639,97739.71716212643,0,0
1748160000,107631,107648.6,106650.2,107200,105248.73279022682,113247.2705001889,97815.12353474415,0,0
1748174400,107200,107708.9,106538.4,106931.9,105342.89460519665,113363.15023235111,97890.05881590894,0,0
1748188800,106931.9,107919.8,106606.6,107679,105435.01326902023,113475.69795611716,97964.07709549769,0,0
1748203200,107679,109300,107106.5,108976.2,105526.08631386264,113590.95106134437,98033.82037629886,0,0
1748217600,108976.2,109838,108640.7,109599.9,105616.91305089086,113703.87519287337,98105.12001879948,0,0
1748232000,109599.9,110209.3,109331.5,110083.3,105707.89860169149,113813.15337249317,98179.86318518176,0,0
1748246400,110083.3,110171.8,109505.7,109734.6,105798.88609110401,113917.57202809394,98258.80326309908,0,0
1748260800,109734.6,110379,109423.3,109970.4,105889.90260168936,114018.97499821863,98340.39880792159,0,0
1748275200,109970.4,110452.2,108816.5,109077.8,105980.41885886347,114120.75327201576,98420.74170968843,0,0
1748289600,109077.8,109887.8,108900,109382.3,106070.31610346714,114219.10098821322,98502.89365743188,0,0
1748304000,109382.3,109656.9,107421.7,108820.1,106158.82430765884,114320.44698820905,98579.88028639118,0,0
1748318400,108820.1,109594.8,108470.7,109494,106246.439365319,114418.77483593157,98657.81113278864,0,0
1748332800,109494,109879.4,109351.5,109538.4,106333.49471728133,114511.1234869505,98739.85822939377,0,0
1748347200,109538.4,110700,108606.6,110087.8,106420.1273503987,114606.70656163355,98818.33136165164,0,0
1748361600,110087.8,110459.6,109500,109815.4,106506.39259765905,114699.00262663825,98898.95643723922,0,0
1748376000,109815.4,109844.7,108458.6,108864,106591.40828529629,114789.6468627796,98978.68519296541,0,0
1748390400,108864,109217.8,108304.1,108793.8,106674.87815633658,114875.66476271537,99059.53234894926,0,0
1748404800,108793.8,109032.1,108550,108750,106756.7931657944,114954.70586022933,99143.50875641021,0,0
1748419200,108750,109070.8,108171.3,108800.1,106837.04927838806,115029.28048998097,99228.25779569134,0,0
1748433600,108800.1,109000,106973.9,107071.4,106914.6869798026,115105.00016642586,99307.15673047995,0,0
1748448000,107071.4,107800,106841.5,106883.4,106989.25473740975,115175.1004465369,99385.20205224217,0,0
1748462400,106883.4,108017.2,106718,107738.9,107061.11458745842,115242.05204190506,99460.93508072024,0,0
1748476800,107738.9,108437.9,107395,108002.4,107130.74717358149,115304.87361348317,99536.0961796135,0,0
1748491200,108002.4,108065.4,106880,107824.9,107197.83889391406,115364.16386246894,99609.58653698531,0,0
1748505600,107824.9,108850,107576.5,108741.4,107263.19880934143,115421.30045963262,99681.7205576036,0,0
1748520000,108741.4,108773.3,106339.4,106965.1,107325.8484582387,115482.03561466504,99745.71097548303,0,0
1748534400,106965.1,107120,105600,105692.9,107384.65583303866,115539.67655264049,99805.23273428385,0,0
1748548800,105692.9,106434.5,105250,105550,107439.34188974641,115591.94810090237,99861.73237279065,0,0
1748563200,105550,106175.1,104520.1,105982,107489.8456181059,115641.65564135562,99912.67287660911,0,0
1748577600,105982,106278.3,104680.2,104996.9,107536.05848095474,115688.25587802423,99958.32148953661,0,0
1748592000,104996.9,105986.3,104555.1,105860,107578.26433591385,115731.02051161093,99999.83501715222,0,0
1748606400,105860,105996.6,104971.8,105500,107616.61473434615,115767.66687691014,100039.46766237012,0,0
1748620800,105500,105525,103666,104609.3,107650.35703068232,115802.51829516876,100072.08426413684,0,0
1748635200,104609.3,104870,103569,103976.6,107679.19552221181,115831.81105263579,100100.38730242988,0,0
1748649600,103976.6,104288.8,103036.8,103643,107702.82937897892,115854.98147600787,100124.30461300138,0,0
1748664000,103643,103882.5,103442.7,103713.4,107721.48229863723,115867.3876269117,100148.26420338188,0,0
1748678400,103713.4,103787.8,103246,103459.4,107735.16787170996,115869.9066461395,100171.53489035142,0,0
1748692800,103459.4,104800,103441.3,104512.9,107744.84161168092,115868.67162572248,100190.59277235263,0,0
1748707200,104512.9,104769.9,104238.1,104686,107750.97959092415,115859.19684291618,100210.20272171534,0,0
1748721600,104686,104898.5,104456.8,104566.1,107753.80434238308,115841.3882232902,100230.8633238753,0,0
1748736000,104566.1,104611.4,103863.4,104333.1,107753.08727928308,115817.08245908497,100250.56383473096,0,0
1748750400,104333.1,104699,104150.1,104230,107749.07320755962,115785.4849266564,100270.4508638733,0,0
1748764800,104230,104410,103696.7,104040,107741.59944138312,115747.61610853243,100289.34193601708,0,0
1748779200,104040,104773.5,103719.7,104676.9,107731.16463203335,115706.19205725766,100305.81446523621,0,0
1748793600,104676.9,105266,104302.4,105084.1,107718.39941288152,115661.36813138932,100320.90886986553,0,0
1748808000,105084.1,105843.6,104856.9,105614.4,107703.96605747107,115614.03407681489,100335.08818489675,0,0
1748822400,105614.4,105719,104502.2,104786.8,107687.52134352457,115565.26749496939,100346.77809763963,0,0
1748836800,104786.8,105394.7,104568.3,105333.8,107669.264777487,115512.96928488594,100358.17319468231,0,0
1748851200,105333.8,105894,103868,104004.4,107648.78813360976,115463.95038040371,100362.59411233115,0,0
1748865600,104004.4,104631.4,103606.4,104382,107625.82869104983,115411.79450966032,100365.12343169263,0,0
1748880000,104382,104683,103962.5,104376.4,107600.65173797545,115355.00444225191,100367.55934791814,0,0
1748894400,104376.4,105919.7,104376.4,105827.2,107574.40344187587,115299.7847143031,100366.64252712972,0,0
1748908800,105827.2,106478.8,105281.8,105426.8,107547.50557485157,115244.3923554556,100364.67474875085,0,0
1748923200,105426.8,105462.3,105061.8,105121.9,107519.50749167465,115183.67789649342,100365.30090349042,0,0
1748937600,105121.9,105324.8,104813.9,105255.7,107490.40242255479,115118.51021736016,100367.7565940249,0,0
1748952000,105255.7,106773.7,104971.9,106550.6,107461.21776525312,115057.73210005589,100366.25190516461,0,0
1748966400,106550.6,106626,105546.1,106168.3,107431.99994809856,114996.97001092066,100364.68449344534,0,0
1748980800,106168.3,106195.1,105204.5,105324.7,107402.25132685955,114935.21680355049,100363.00370663735,0,0
1748995200,105324.7,105777.4,105052.5,105463.1,107371.88322264802,114870.87760917254,100362.43777994244,0,0
1749009600,105463.1,105551.7,105200,105253.7,107340.85848004889,114801.83554109372,100364.77069314384,0,0
1749024000,105253.7,105952.9,105050,105056.6,107309.25423910834,114731.62819989007,100367.05855242649,0,0
1749038400,105056.6,105492.5,104135.3,105238.2,107276.73530298825,114662.68049393696,100366.55246234134,0,0
1749052800,105238.2,105425,104825,104863.1,107243.45523333923,114590.60507179066,100367.37901139275,0,0
1749067200,104863.1,105013.3,104355.1,104630,107209.1136184676,114515.58232509356,100368.82151311284,0,0
1749081600,104630,105213.5,104581.6,104980.8,107174.0470268297,114437.93058405942,100371.23441053453,0,0
1749096000,104980.8,105200,104307.6,104461.2,107138.05647190183,114359.10542520338,100372.97075643866,0,0
1749110400,104461.2,104876.4,104366.7,104771.7,107101.23339731003,114277.00173822831,100376.05135546597,0,0
1749124800,104771.7,105866.7,103830,104483,107063.705142563,114200.89249991825,100372.56896973793,0,0
1749139200,104483,104547,101490.8,101870,107023.45666271538,114134.67915745734,100355.30270545061,0,0
1749153600,101870,102139.1,100350,101455.2,106979.31069881991,114069.15641642519,100330.12671553958,0,0
1749168000,101455.2,102470,101046,102449.9,106932.16887896387,114002.82135080898,100300.05052219795,0,0
1749182400,102449.9,103419.2,102340.2,103099.9,106883.18263872042,113934.6520813179,100268.1319711976,0,0
1749196800,103099.9,103949.6,103099.9,103873.4,106833.16951199737,113864.12738863673,100236.36389908503,0,0
1749211200,103873.4,105320.4,103463.9,105035.2,106783.1805963662,113798.3331685617,100200.48045331381,0,0
1749225600,105035.2,105249.5,104012,104167.4,106733.13574982177,113733.3220978349,100163.80473956758,0,0
1749240000,104167.4,104584.9,104111,104227.5,106682.92057279841,113664.46942514584,100130.19547359235,0,0
1749254400,104227.5,104900.4,103811,104842.7,106632.79943013976,113595.85929839703,100096.55267838504,0,0
1749268800,104842.7,105292.6,104626,104817,106583.20444066176,113525.45201783717,100065.48546536521,0,0
1749283200,104817,105215.2,104645.4,105093.7,106534.23233245828,113452.91010567112,100037.47500258149,0,0
1749297600,105093.7,105766.7,105093.6,105505.1,106486.3629521771,113379.47622331929,100012.32914895561,0,0
1749312000,105505.1,105848,105220.7,105678.1,106439.7178776259,113305.12583437201,99990.30016020444,0,0
1749326400,105678.1,105865.9,105472.3,105499.9,106394.31786607188,113228.64755956325,99972.49917015972,0,0
1749340800,105499.9,105732,105340,105415.8,106350.03837945705,113150.0868207204,99958.65651638902,0,0
1749355200,105415.8,105587.2,105352.3,105370.4,106306.81522005149,113068.64610637768,99949.36130744671,0,0
1749369600,105370.4,105664.4,104924.7,105634.2,106264.61563941534,112987.43813136697,99941.80524620463,0,0
1749384000,105634.2,106097,105452.4,105921.5,106223.83917984818,112906.39416157338,99936.80246274736,0,0
1749398400,105921.5,106312.2,105879.4,106239.8,106184.77209649226,112824.68771375617,99935.6262681618,0,0
1749412800,106239.8,106441.8,105500,105670.8,106147.11282277491,112745.0804272191,99935.2656268163,0,0
1749427200,105670.8,105932.1,105252.6,105610.7,106110.57179320623,112665.78244438258,99936.76165023215,0,0
1749441600,105610.7,105672.9,105264.1,105511.4,106075.0229019564,112585.18211485799,99941.30908072357,0,0
1749456000,105511.4,107775.9,105433.2,107723.1,106041.89706507747,112515.9552989221,99940.34982226395,0,0
1749470400,107723.1,108033.4,106835.4,107592.8,106011.60572708223,112451.59186718044,99940.43091989645,0,0
1749484800,107592.8,108733.4,107592.7,108512.9,105984.80448379963,112392.365634801,99942.54252079852,0,0
1749499200,108512.9,110660.8,108372.2,110219.9,105962.74575099186,112345.85405763469,99942.30389070876,0,0
1749513600,110219.9,110273.5,109342.2,109517.7,105945.20496502072,112303.95776969298,99946.49056000882,0,0
1749528000,109517.7,109683,109050,109170.9,105931.61800764738,112264.47233589109,99956.00086324546,0,0
1749542400,109170.9,109812,109016,109507.1,105921.9591558757,112228.37387861381,99969.91886876992,0,0
1749556800,109507.1,109863,108279.2,108972.4,105915.6852869574,112199.53866159606,99983.76574114717,0,0
1749571200,108972.4,110351,108464.3,109476.1,105913.02192931274,112179.71452174129,99996.40542876432,0,0
1749585600,109476.1,110251.4,109206.1,110227.5,105914.24757008099,112164.30312911117,100012.45962740641,0,0
1749600000,110227.5,110234,109487.9,109670.6,105919.10140146043,112151.37180406567,100033.15930270375,0,0
1749614400,109670.6,109686.7,109311,109381.5,105927.10652321774,112138.45408450393,100059.80542522612,0,0
1749628800,109381.5,109625.3,109113.8,109200.9,105937.98210982075,112126.17208701144,100091.3153870232,0,0
1749643200,109200.9,110375.5,108967,109697.6,105951.9363220415,112119.82156152598,100123.35601363535,0,0
1749657600,109697.6,109770.5,108355.5,108697.7,105968.13179756798,112118.49798621633,100155.1497599196,0,0
1749672000,108697.7,109180.1,108006.6,108611.1,105986.1349471388,112120.32986035252,100187.5468527791,0,0
1749686400,108611.1,108782.5,107673.4,107831.1,106005.37523829914,112124.33682881939,100220.34374721326,0,0
1749700800,107831.1,107950,107305.1,107567.2,106025.31782450776,112127.35116152412,100255.3605640271,0,0
1749715200,107567.2,107805,106830,106856,106045.49045779582,112130.840640048,100290.39274336837,0,0
1749729600,106856,107775.1,106554.3,106967.4,106065.80209020738,112136.11409455768,100324.09686992208,0,0
1749744000,106967.4,108400,106600,106735.2,106086.36694361694,112146.48156168732,100353.72572170432,0,0
1749758400,106735.2,106911.7,105579.8,105600.9,106105.98819369603,112157.92875945862,100380.60487641896,0,0
1749772800,105600.9,105640,102626.9,104251,106122.87642038563,112178.42855868836,100394.21165402106,0,0
1749787200,104251,104923.5,103734.2,104839.7,106137.45355634997,112197.27490475017,100404.92567212439,0,0
1749801600,104839.7,105425.5,104359.4,104996.4,106150.22390974042,112214.21386698789,100413.92839452848,0,0
1749816000,104996.4,105729.8,104057.2,105387.9,106161.38116362641,112232.95453552056,100418.26749737628,0,0
1749830400,105387.9,105921.8,104590.9,105047.6,106171.10945246578,112251.5306290731,100420.05146117756,0,0
1749844800,105047.6,106140,104958,106023.1,106179.96683733733,112269.58867075153,100420.65256550818,0,0
1749859200,106023.1,106168.8,105140.5,105185.3,106187.77973765906,112286.02947687649,100420.72569620672,0,0
1749873600,105185.3,105361.4,104723.5,105016,106194.13341299824,112298.20674991935,100421.85265211968,0,0
1749888000,105016,105072.8,104788.4,105034,106199.01796578892,112304.18070576609,100425.74858763824,0,0
1749902400,105034,105070.8,104556.2,104780.6,106202.33347665705,112305.38135953518,100430.945510782,0,0
1749916800,104780.6,105015.6,104285,104610.5,106203.98277557729,112303.1011473132,100436.10409831475,0,0
1749931200,104610.5,105454.3,104250,105356.7,106204.4114504636,112300.62446990295,100439.12992275733,0,0
1749945600,105356.7,105630.9,105215.1,105430.5,106204.06686178902,112293.80168068103,100444.580637293,0,0
1749960000,105430.5,106080,105145.1,105391.8,106203.09322776188,112285.92461502794,100449.78522299249,0,0
1749974400,105391.8,105440,104820,104933.2,106201.05683827557,112274.7652214975,100455.91679765176,0,0
1749988800,104933.2,105798.1,104906.6,105533.2,106198.34510965928,112262.39278609876,100461.85747634301,0,0
1750003200,105533.2,105746.1,105024.1,105246.3,106194.91826823217,112247.8190012354,100468.4168150509,0,0
1750017600,105246.3,105576,104433,105547.8,106190.66155132515,112233.44428769736,100473.2294573639,0,0
1750032000,105547.8,105946.2,104921.2,105875.4,106185.99974655287,112218.97443068048,100477.36222308794,0,0
1750046400,105875.4,107237.5,105830,107014,106182.02973060985,112207.68023334385,100479.96192654311,0,0
1750060800,107014,107206.7,106534.3,106866.2,106178.8933992169,112195.41441395158,100485.01057170072,0,0
1750075200,106866.2,107739.5,106440,107378.2,106176.8608852485,112186.09531180115,100489.51036322878,0,0
1750089600,107378.2,108873.8,107253.9,108585.7,106176.88703238784,112182.39238590353,100492.87682426927,0,0
1750104000,108585.7,108955.5,106630,106749.3,106178.12881560023,112187.26124703331,100490.8660169322,0,0
1750118400,106749.3,107724.9,106072.3,107558.8,106180.22054551764,112196.2877835876,100486.7403174813,0,0
1750132800,107558.8,107671.9,106434.8,106732,106182.9581919794,112206.74128038918,100482.55997583445,0,0
1750147200,106732,106783,105436.1,105590.1,106185.33865702887,112218.21245091851,100476.79337825364,0,0
1750161600,105590.1,105809.2,104065.1,104192.3,106186.1609184859,112231.74549496206,100466.23369243352,0,0
1750176000,104192.3,105286.7,103303.4,104625.9,106185.21388442774,112248.39848693614,100449.53691694696,0,0
1750190400,104625.9,104834.9,104142.8,104512.7,106182.66515546081,112260.59532225122,100433.80179084028,0,0
1750204800,104512.7,105186.2,104320,105124.6,106178.95907170397,112269.90855511503,100418.46025033519,0,0
1750219200,105124.6,105500,104654.3,104921.2,106174.29437994015,112276.47303907777,100403.76654114026,0,0
1750233600,104921.2,105260.2,104132.1,104788.9,106168.4260742131,112281.74830956072,100387.95142376555,0,0
1750248000,104788.9,105290.9,103767.1,104743.6,106161.28844052457,112287.9623781027,100368.8990757754,0,0
1750262400,104743.6,104786.7,103422.3,103761.2,106152.34402827336,112293.5407566702,100347.00185573734,0,0
1750276800,103761.2,105100.7,103586.6,104847.3,106142.19294720064,112299.90054285125,100322.1291308432,0,0
1750291200,104847.3,105191.9,104394.9,105041.2,106131.25444668783,112303.18705154175,100298.51748782548,0,0
1750305600,105041.2,105189.5,104558,104582.4,106119.47648430102,112302.46610796657,100276.90111876585,0,0
1750320000,104582.4,105027.3,104564.2,104712.9,106106.89892186831,112296.9310904327,100258.07374690383,0,0
1750334400,104712.9,104854.6,104025.1,104045.8,106093.1187084454,112288.45924933201,100239.59641561513,0,0
1750348800,104045.8,104798.3,103864,104210.1,106078.18455514344,112277.78333713562,100220.90661272705,0,0
1750363200,104210.1,104870,104100,104604.2,106062.39096706815,112264.29060794074,100203.10747730795,0,0
1750377600,104604.2,104782.9,104341.3,104555.1,106045.82530686593,112246.24487233379,100187.91343803916,0,0
1750392000,104555.1,105780.9,104191.9,105769.9,106029.2086130956,112231.19383297503,100169.95003947146,0,0
1750406400,105769.9,106499.9,105689.9,105923.7,106013.3247798938,112215.28111770649,100154.14049623466,0,0
1750420800,105923.7,106103.4,103811,104166.3,105996.8516890668,112205.79520098706,100131.48204929067,0,0
1750435200,104166.3,104220.8,102260,103264.6,105978.40933261356,112199.2311099985,100102.4974374367,0,0
1750449600,103264.6,103797,102913.2,103243.9,105958.17109766463,112189.20801495647,100073.20865359198,0,0
1750464000,103243.9,103644.1,103066,103436,105936.29903246665,112174.16036648146,100045.31717493084,0,0
1750478400,103436,103545.5,103262,103414.1,105912.91129259553,112152.62057118487,100020.35370500569,0,0
1750492800,103414.1,103949.9,103406.6,103819.8,105888.41156839726,112126.7422554948,99997.15927650455,0,0
1750507200,103819.8,103893.3,103235,103517.2,105862.69835186204,112097.23368549178,99974.91047620555,0,0
1750521600,103517.2,103610.9,102150,102200.8,105834.96386389944,112068.09712345326,99948.51223121893,0,0
1750536000,102200.8,102848.4,100800,102083.9,105804.58250174267,112042.14268231427,99914.27698869891,0,0
1750550400,102083.9,103347,101780.6,102340.3,105772.27912884246,112016.93364636318,99875.74795994241,1,0
1750564800,102340.3,102913.6,102214,102381.8,105738.18432802006,111987.3599853446,99837.7283512131,0,0
1750579200,102381.8,102769.4,102034,102687.9,105702.4049771298,111953.85529621984,99800.03268656005,0,0
1750593600,102687.9,102789,98856.7,98871.2,105662.71091788197,111933.40277104787,99743.31345355719,0,0
1750608000,98871.2,100348.2,98596,98821.1,105618.37764385963,111911.51301402903,99679.12501301403,0,0
1750622400,98821.1,100996.9,98125,100904.3,105570.42675214117,111895.8812554235,99602.549080322,0,0
1750636800,100904.3,101553.7,100433.4,101115.4,105520.1064302228,111876.61217647644,99524.75896822629,0,0
1750651200,101115.4,102151.4,100923.2,101891.6,105468.1965456602,111855.15285461259,99445.93698827804,0,0
1750665600,101891.6,102044.6,101055.4,101239.9,105414.6104359285,111829.97496790669,99367.2769447332,0,0
1750680000,101239.9,102590,100738.1,101382.3,105359.6000151736,111806.52049993844,99284.41799030389,0,0
1750694400,101382.3,103283.7,99581,103109.2,105303.70425864121,111796.23643909105,99188.22389546917,0,0
1750708800,103109.2,106024.8,102836.3,105283.5,105249.69557954199,111797.79087898742,99085.12800200864,0,0
1750723200,105283.5,105469,104657.9,104875.7,105197.81948503379,111797.17445259712,98988.02253806576,0,0
1750737600,104875.7,105784.7,104650,104907.9,105148.1409515366,111796.45035509013,98895.19309823793,0,0
1750752000,104907.9,105542,104567,105129.9,105100.57709722107,111794.67989620494,98807.30743560087,0,0
1750766400,105129.9,105709.9,104755,105180.3,105055.21073302458,111791.9243856769,98724.4594169831,0,0
1750780800,105180.3,106269.9,105116.2,105580,105012.41158024821,111789.79272300661,98645.9167450441,0,0
1750795200,105580,106089.3,105379,106048.5,104972.28303033358,111785.91048983588,98573.96300048367,0,0
1750809600,106048.5,106782.3,105750,106177.1,104935.12523111446,111782.57283841797,98507.13065252718,0,0
1750824000,106177.1,106666,105931.3,106560.1,104900.98473237296,111778.21738979989,98446.8786028942,0,0
1750838400,106560.1,107169.4,106285.8,107126.1,104870.21164538377,111774.19915240195,98392.66462157649,0,0
1750852800,107126.1,108090,106672.8,106980.3,104843.05298737608,111773.86959466849,98341.99889092916,0,0
1750867200,106980.3,107849.9,106853,107700.2,104819.58285635004,111774.92636072008,98297.04485531498,0,0
1750881600,107700.2,107942,107005.4,107264,104799.60130197232,111776.89865393944,98257.83829497291,0,0
1750896000,107264,108239.6,107028,107806.7,104783.24477212215,111781.56941224009,98223.06523969957,0,0
1750910400,107806.7,108050.1,107447.1,107771.7,104770.43090539705,111785.46173177367,98195.62420774561,0,0
1750924800,107771.7,108132.4,107051.3,107266.8,104760.76060836411,111791.02228133008,98172.61475276669,0,0
1750939200,107266.8,107721.1,106457.7,107251.2,104753.78528691294,111798.88865684035,98152.63518064731,0,0
1750953600,107251.2,107623.1,106950.1,107477.4,104749.58909791587,111805.82263107272,98138.68506999187,0,0
1750968000,107477.4,108000,106773.4,106905.3,104747.93817812942,111814.84557137442,98127.6725510068,0,0
1750982400,106905.3,107472.1,106351.6,107419.9,104748.58654265084,111825.14316235432,98119.85097799546,0,0
1750996800,107419.9,107688.9,106810,106820.7,104751.45760595961,111835.29417856019,98116.3232159383,0,0
1751011200,106820.7,107108,106633.2,106933,104756.24887250389,111842.80962547754,98118.70530242962,0,0
1751025600,106933,107374.8,106280,107268.3,104762.95099351423,111851.39019871636,98123.73258276605,0,0
1751040000,107268.3,107738.1,106388,106741.4,104771.45730591514,111862.39118143938,98130.01626436316,0,0
1751054400,106741.4,107218,106735,106999.6,104781.70846531585,111870.83050358854,98141.81569482724,0,0
1751068800,106999.6,107296.5,106761,107241.2,104793.7283049349,111877.22251693216,98158.72476085536,0,0
1751083200,107241.2,107444.3,107109.5,107420.9,104807.64163172655,111880.73821816362,98181.70597859968,0,0
1751097600,107420.9,107443,107202.1,107320,104823.35051224021,111880.96578579083,98210.93995246389,0,0
1751112000,107320,107499.9,107037.1,107401.4,104840.75423190967,111879.29064446587,98245.02537154213,0,0
1751126400,107401.4,107495.3,107161.5,107161.6,104859.72553158154,111875.02860058004,98284.32829112683,0,0
1751140800,107161.6,107335.8,107100,107241,104880.13437915579,111867.69816826344,98329.03302296072,0,0
1751155200,107241,107444.9,107113.8,107157.1,104901.9118475771,111857.98982295461,98378.40932681052,0,0
1751169600,107157.1,107350,107157,107350,104925.02288598203,111845.28625075004,98432.94068685014,0,0
1751184000,107350,108507,107335.4,108420.1,104950.1426125308,111836.00965059582,98488.24603812993,0,0
1751198400,108420.1,108484.2,107602,107693.5,104977.01013106997,111828.23179907669,98545.53254368593,0,0
1751212800,107693.5,107738.7,107222,107337,105005.06011811581,111819.36991686508,98606.01663742802,0,0
1751227200,107337,108396.7,107171.2,108314.8,105034.71271159359,111813.97593553798,98666.47511727191,0,0
1751241600,108314.8,108766.4,108203.2,108466.6,105066.35657773972,111808.6860213164,98730.6056205344,0,0
1751256000,108466.6,108500,107410,107552.3,105099.25954398762,111805.80880314557,98794.99531319259,0,0
1751270400,107552.3,107904.7,107300,107590.9,105133.12730621663,111802.31357557108,98861.76863159511,0,0
1751284800,107590.9,107821.6,106677,107517.2,105167.64105369823,111801.02312285644,98927.83103286625,0,0
1751299200,107517.2,107769.3,107057.9,107686.3,105202.89730825362,111799.56223413839,98995.46456964043,0,0
1751313600,107686.3,107724.5,106858.8,107081.2,105238.56320571963,111798.52894652465,99063.51443051368,0,0
1751328000,107081.2,107484.8,106957.7,107150.5,105274.56482509336,111795.97642564429,99133.5677137176,0,0
1751342400,107150.5,107158.3,106546,107119.9,105310.61035937435,111792.2070884382,99204.80991568998,0,0
1751356800,107119.9,107119.9,106233.7,106553.8,105346.37265434796,111788.52600560243,99275.46795699379,0,0
1751371200,106553.8,107139.9,105550,105909.6,105381.41299253407,111788.50517167822,99341.53951918625,0,0
1751385600,105909.6,106250,105335,105342.3,105415.19323864143,111787.60970282063,99406.03430989833,0,0
1751400000,105342.3,106065,105180.3,105634.8,105447.71967297458,111785.6974765976,99469.08983198003,0,0
1751414400,105634.8,106178.6,105058.6,106148.6,105479.17704646628,111784.33302904585,99529.66116914483,0,0
1751428800,106148.6,107145,106082.2,107040.9,105510.5016565656,111784.08533055526,99589.00613535874,0,0
1751443200,107040.9,107795,107040.9,107436.2,105542.3047944642,111783.79749329903,99649.30831765065,0,0
1751457600,107436.2,108740,107134.7,108712.4,105575.26521114034,111788.98890288093,99706.92761239716,0,0
1751472000,108712.4,109740.9,108620.8,109631.3,105610.36637756125,111797.75550994351,99765.41510630508,0,0
1751486400,109631.3,109631.3,108669,108803,105647.20690686567,111808.76910836493,99825.19632609976,0,0
1751500800,108803,109081.5,108455.1,108592.6,105685.37367109532,111819.75218628578,99887.52424876977,0,0
1751515200,108592.6,109512,108510,109242.1,105725.12866160709,111833.1456488428,99950.71466210729,0,0
1751529600,109242.1,110256.4,109242.1,109551.1,105766.92231202338,111849.4505347247,100015.17040876827,0,0
1751544000,109551.1,110485.7,108704.4,109063.1,105810.38117975934,111872.50440715316,100076.75098306018,0,0
1751558400,109063.1,109868.5,108955,109744.1,105855.49147071192,111897.3179907638,100139.88963909641,0,0
1751572800,109744.1,109978.3,109483.4,109540,105902.27565789153,111921.61217659726,100206.66939486022,0,0
1751587200,109540,109725.3,109058,109186.9,105950.29766411128,111946.00880375525,100275.71054178775,0,0
1751601600,109186.9,109285.6,108650,108650,105999.02697456938,111969.86117916748,100346.58970932045,0,0
1751616000,108650,109042,108456,108826,106048.30564081937,111992.81416971034,100419.32790657839,0,0
1751630400,108826,108914.5,107452.3,107552.9,106097.30653696253,112019.00611279422,100488.64781984991,0,0
1751644800,107552.9,107898.5,107220.3,107453.9,106145.56803470846,112043.4553584886,100558.1412797559,0,0
1751659200,107453.9,108223.9,107408.8,107947.4,106193.39524649712,112067.31057515185,100627.35632810983,0,0
1751673600,107947.4,108229.9,107685.9,108107.1,106240.90144351636,112089.19480409227,100697.74485630324,0,0
1751688000,108107.1,108429.2,107934.8,108008.7,106288.16588139012,112109.00423237804,100769.55266691398,0,0
1751702400,108008.7,108172.9,107809.9,108055.9,106335.04825578547,112125.96489103965,100843.2123509317,0,0
1751716800,108055.9,108191.6,107911,108017.2,106381.54598018424,112139.74675987364,100919.01981344198,0,0
1751731200,108017.2,108120,107820.8,108096.4,106427.60505721463,112150.55164564394,100996.69553122886,0,0
1751745600,108096.4,108179,107939.7,108144.4,106473.27198988233,112158.23569682175,101076.46199852542,0,0
1751760000,108144.4,108200,107961.7,107999.7,106518.48780932794,112162.88668417674,101158.13332385101,0,0
1751774400,107999.7,108168,107888,107988.8,106563.1917084366,112164.82731574672,101241.30798260315,0,0
1751788800,107988.8,108080,107762.6,108028.8,106607.30785746133,112164.32708421299,101325.6031044755,0,0
1751803200,108028.8,109088.6,108000,108860,106651.47743234487,112166.48235475887,101407.63443509539,0,0
1751817600,108860,108920,108225.7,108498.1,106695.55993976293,112168.87083486225,101489.32075476859,0,0
1751832000,108498.1,109685,108484.7,109160.5,106740.04945833485,112174.8338918731,101568.57615095792,0,0
1751846400,109160.5,109681.4,108612,109355.1,106784.98679242382,112183.58516015198,101646.18458198935,0,0
1751860800,109355.1,109423.6,108573.5,109015.1,106830.1099677928,112193.57301459691,101723.04962821587,0,0
1751875200,109015.1,109048.4,108525,108593.9,106875.10147307342,112202.64196257455,101800.52015789138,0,0
1751889600,108593.9,108625.5,107896.8,108244.4,106919.48008467433,112211.52130916374,101877.01840420102,0,0
1751904000,108244.4,108455.9,107449.6,107990,106962.95228607331,112221.49133430535,101950.82087859706,0,0
1751918400,107990,108249.4,107714.2,108200,107005.60063628505,112229.93663993009,102024.45898430882,0,0
1751932800,108200,108482.3,107369.7,107850.1,107047.27231535008,112240.00816309592,102094.7761648901,0,0
1751947200,107850.1,108443.8,107691.5,108427.9,107088.24373411931,112249.88257546876,102163.9549453244,0,0
1751961600,108427.9,108977.6,108181,108718.1,107128.92330164606,112260.22423134018,102232.16893028432,0,0
1751976000,108718.1,109188,108140.2,108202.7,107169.17492251673,112272.28745268336,102298.01417748246,0,0
1751990400,108202.7,109126.2,108029.9,108728.6,107209.09091487135,112286.37987034084,102361.38334912252,0,0
1752004800,108728.6,108931.5,108567,108881.9,107248.8049399425,112298.47060750633,102426.20490574154,0,0
1752019200,108881.9,109093,108284.8,108312.6,107288.06865857172,112310.88447673823,102489.885375896,0,0
1752033600,108312.6,108900,108263.4,108671.7,107326.90987769223,112322.6886644854,102553.32845799667,0,0
1752048000,108671.7,109090,108527.3,109018.9,107365.56409787097,112333.74456529858,102617.11116870397,0,0
1752062400,109018.9,109746,108447.8,109009.9,107404.18248423075,112348.34808776248,102677.5970581668,0,0
1752076800,109009.9,111999,108968.8,111702.6,107444.44830289354,112377.5622723935,102727.88657873495,0,0
1752091200,111702.6,111914.2,110530,111209.7,107486.55977435784,112411.95086038651,102776.97739162673,0,0
1752105600,111209.7,111524.7,110832.8,111025.8,107530.31458510029,112447.39053571518,102828.25150218228,0,0
1752120000,111025.8,111421.2,110863.1,111190.8,107575.6303291857,112483.10196855718,102882.26443076336,0,0
1752134400,111190.8,111366,110825,110979.5,107622.30317267701,112518.84800491542,102938.8439853705,0,0
1752148800,110979.5,111379.2,110450.9,111359.2,107670.23747653677,112556.72865093642,102995.88640503169,0,0
1752163200,111359.2,113789.3,111293.8,113247.4,107720.9268270258,112606.68451034215,103047.15148067182,0,0
1752177600,113247.4,117896.7,113220,115990.1,107776.8714910765,112682.09086573438,103085.18362731494,0,0
1752192000,115990.1,116941.4,115200,116853.2,107838.36270744813,112766.88183972795,103125.2463640099,0,0
1752206400,116853.2,118387,116461.1,117554.6,107906.12282709451,112862.50246226769,103167.40360660313,0,0
1752220800,117554.6,118849.9,117554.5,117801.6,107980.35906134221,112965.65266658094,103215.07173007942,0,0
1752235200,117801.6,118224.9,116727.4,116908.7,108060.0403210383,113076.29718175293,103266.31314620662,0,0
1752249600,116908.7,118117.7,116600.8,118079.2,108145.14451773716,113194.4283550539,103321.09497543199,0,0
1752264000,118079.2,118079.3,117114.1,117508.8,108235.34052702619,113316.71477993448,103381.82643003807,0,0
1752278400,117508.8,117820,117101.9,117752.5,108330.32699882583,113441.58316492304,103449.36504113619,0,0
1752292800,117752.5,118035.2,117456.2,117683.9,108429.9680464813,113568.2357045979,103524.1755550576,0,0
1752307200,117683.9,118195.1,117580,117772.2,108534.09148713945,113696.78407513154,103605.82412915648,0,0
1752321600,117772.2,117825.8,116868.1,117066.3,108641.88696025679,113828.28817563487,103691.79569909125,0,0
1752336000,117066.3,117601.4,117007.3,117511.2,108753.21289621908,113960.71327662967,103783.6722427378,0,0
1752350400,117511.2,117518.9,116940,117369.9,108867.73645609032,114093.73167778124,103881.11482360121,0,0
1752364800,117369.9,117787.9,117173.3,117706.6,108985.47319982732,114227.64110333525,103983.88038010064,0,0
1752379200,117706.6,118023,117627.1,117950.8,109106.46319411961,114361.41760941775,104092.97610656284,0,0
1752393600,117950.8,118054.5,117653.1,118029.9,109230.50472705228,114495.01468678527,104208.05827717556,0,0
1752408000,118029.9,119390.4,117929.6,118623,109358.01714537869,114634.52250686885,104324.38372351881,0,0
1752422400,118623,119474.9,118320,118918.6,109488.97261864545,114778.20495981855,104443.47974672703,0,0
1752436800,118918.6,119347.8,118168.2,119050.2,109623.06947966812,114925.85457685275,104564.95978551146,0,0
1752451200,119050.2,121600,118859.2,120725,109761.42271400394,115086.61083176025,104682.63709506611,0,0
1752465600,120725,123250,120509.2,122741.2,109905.28625984311,115261.24381319743,104798.20925266635,0,0
1752480000,122741.2,122758,121350,121480.1,110054.04521336629,115441.94000603573,104917.61371294019,0,0
1752494400,121480.1,122100,119609.8,119889.3,110206.20309870936,115632.74423231492,105034.32468084418,0,0
1752508800,119889.3,120535.9,119232.4,119950,110360.93157394892,115826.41647491523,105153.34574395283,0,0
1752523200,119950,120458.8,119501.6,119841.6,110518.01330362496,116020.88191454428,105276.1456646802,0,0
1752537600,119841.6,119946.6,116880,117210.2,110675.48711990147,116225.3812742135,105390.60672408505,0,0
1752552000,117210.2,117800,116302.4,116822.5,110832.24987305696,116430.10581724616,105503.5338643848,0,0
1752566400,116822.5,117246.2,116114.6,117150.4,110988.06060250229,116632.7783427065,105616.53225913258,0,0
1752580800,117150.4,118510.5,115750,116430.6,111142.87009569396,116842.11386886111,105721.6200913013,0,0
1752595200,116430.6,117758.1,116047.2,116430.2,111296.4372501505,117051.87020289667,105823.99856666409,0,0
1752609600,116430.2,117999.8,116161.3,117745.7,111449.18337886415,117263.05889825325,105923.55847200837,0,0
1752624000,117745.7,118250,117031,117500,111601.26901606361,117472.32570953888,106023.6372334327,0,0
1752638400,117500,118307.7,117264.3,118200,111752.88424702441,117678.91883799052,106125.27087134561,0,0
1752652800,118200,119327.4,118130,118776.1,111904.65842194589,117884.3263020238,106228.30845594272,0,0
1752667200,118776.1,119778.5,118127.9,119067.4,112056.67142228744,118091.06585792029,106330.63152592692,0,0
1752681600,119067.4,119928.6,118432.2,119230,112208.96225267873,118298.25366197358,106433.1113948671,0,0
1752696000,119230,120114.6,118409.1,118626.3,112361.247297452,118506.66315124987,106534.51509410769,0,0
1752710400,118626.3,119173.2,117662.2,118089.6,112512.7092133948,118714.35565132629,106635.03722935388,0,0
1752724800,118089.6,118781.7,117809.9,118319.9,112663.23829402478,118918.2462553338,106737.2389233069,0,0
1752739200,118319.9,119246.4,117982.1,118001,112812.83166049988,119119.97482781227,106839.63798394652,0,0
1752753600,118001,119145.3,117449.9,118911.2,112961.4748091717,119321.90205146458,106940.08871530984,0,0
1752768000,118911.2,119944.5,118364,119000,113109.62174491356,119523.7323501944,107039.71738259237,0,0
1752782400,119000,121044,118423.5,119218.7,113257.57755416316,119731.31304795934,107133.86955256404,0,0
1752796800,119218.7,120844.7,119028.2,120257.9,113405.65464490771,119940.33123887998,107227.00506659175,0,0
1752811200,120257.9,120896.9,119355,119420,113553.57315367527,120148.89588504232,107320.28689056262,0,0
1752825600,119420,119534.5,118444,119222.7,113700.44769030571,120353.6479527983,107415.03913571541,0,0
1752840000,119222.7,119574.4,117311.7,117866.2,113845.4294812619,120560.22714099065,107504.62338309824,0,0
1752854400,117866.2,118078,117133,117380.8,113987.78906183327,120760.43951960489,107594.97155602527,0,0
1752868800,117380.8,118017.3,116822.1,117930.1,114127.55610684372,120955.81138831095,107684.77275643735,0,0
1752883200,117930.1,118398.5,117630.8,118349.6,114265.20808259283,121144.48076173935,107776.57963499926,0,0
1752897600,118349.6,118379,118030.8,118175.8,114400.76768452174,121324.27214048349,107872.36070663277,0,0
1752912000,118175.8,118523.7,117935.6,118330.4,114534.25786599705,121496.77006972904,107970.74043520672,0,0
1752926400,118330.4,118345.7,117612,118058.2,114665.39729425889,121662.66699258986,108070.56644131476,0,0
1752940800,118058.2,118186.3,117580.8,118005.8,114794.08369997372,121821.2790705868,108172.24833833046,0,0
1752955200,118005.8,118176.4,117237.7,117842.1,114920.13517754908,121974.45007990957,108273.80210014508,0,0
1752969600,117842.1,118186.8,117659.3,117975.4,115043.71933446471,122120.13351522043,108377.35742122769,0,0
1752984000,117975.4,118254.4,117772.4,118052.4,115164.90272337428,122258.32420794049,108483.04117702646,0,0
1752998400,118052.4,118328.1,117860.2,117925.4,115283.68138115907,122389.12691492117,108590.7508926947,0,0
1753012800,117925.4,118916,117745.4,118722.6,115400.44181755088,122517.07038941751,108697.19565899961,0,0
1753027200,118722.6,118931,118000,118197,115515.07754815853,122640.71852578569,108803.44881664655,0,0
1753041600,118197,118301.9,116455.6,117290.4,115626.59649660338,122764.32202113958,108903.87041836268,0,0
1753056000,117290.4,118649.8,116550,118429.2,115735.52275478085,122889.71230816255,108997.8239491142,0,0
1753070400,118429.2,119750,118200,119420,115843.03767713804,123014.74032417181,109089.44198803413,0,0
1753084800,119420,119548,118108.9,118118.7,115948.59860775291,123138.16312111492,109178.80515952327,0,0
1753099200,118118.7,119300,117809.4,118377.8,116052.09647932787,123260.14324952207,109265.5642139167,0,0
1753113600,118377.8,118459.4,116677.4,116796.9,116152.39307067935,123381.15338675557,109347.15753349279,0,0
1753128000,116796.9,117669.6,116652,117393,116249.45635495278,123496.72617878046,109427.48460601762,0,0
1753142400,117393,117988,116123,117235.1,116343.21094017375,123611.69354246155,109502.12187830059,0,0
1753156800,117235.1,118620.1,116562.6,118027.4,116434.30020114178,123727.65181843453,109570.86846862569,0,0
1753171200,118027.4,119250,117517.7,119199.1,116523.62337658818,123843.46493834924,109636.42539853141,0,0
1753185600,119199.1,119649.9,117601.2,118962.1,116611.24776874785,123960.88154720775,109697.3733685956,0,0
1753200000,118962.1,120297.1,118451.8,119333.3,116697.75111329828,124079.13866667496,109755.47752217687,0,0
1753214400,119333.3,120321,119255,120043.6,116783.5817989336,124194.20250359125,109815.15000584544,0,0
1753228800,120043.6,120194.7,118582.4,118675.1,116868.00539254211,124308.46600464462,109872.89219642476,0,0
1753243200,118675.1,119055.7,118311.9,118398.9,116950.46747388707,124416.42027394283,109932.52990437667,0,0
1753257600,118398.9,118661.6,117850,118558,117030.75057103302,124518.38882573407,109993.36490281318,0,0
1753272000,118558,118748.6,117300,118589.2,117108.73227252944,124618.02107633538,110051.94157334694,0,0
1753286400,118589.2,118589.2,117309.4,118397.8,117184.32608258753,124714.24472646689,110109.04415569108,0,0
1753300800,118397.8,118771.5,117357.7,118743.4,117257.74429271629,124808.06483171627,110164.18382221436,0,0
1753315200,118743.4,119279.7,118479.5,118513.1,117329.45436761892,124896.42726544342,110220.93396591522,0,0
1753329600,118513.1,118571.3,117050.1,118398,117398.74123307003,124982.88602790966,110274.81346551405,0,0
1753344000,118398,118821,117944.8,118613.5,117466.07559713781,125064.17619112629,110329.58706820737,0,0
1753358400,118613.5,119492.9,117815.8,119121.2,117531.81057376378,125145.34771659704,110381.46242583086,0,0
1753372800,119121.2,119427.2,118360,118953.7,117596.05015186906,125222.94298298765,110433.68476972819,0,0
1753387200,118953.7,119004.3,118150.4,118328,117658.39512616742,125295.40863440557,110486.87333834174,0,0
1753401600,118328,118440.3,115297.7,115400.1,117716.81974653683,125374.05530922968,110527.25077018795,0,0
1753416000,115400.1,116107.2,114710,115329.5,117770.4553663853,125447.48335953942,110563.23957854068,0,0
1753430400,115329.5,116793.1,115045.6,116544.9,117820.18564749896,125518.63636493003,110593.90500110347,0,0
1753444800,116544.9,116675.8,114905,115734.4,117865.77897901191,125587.3181252461,110618.98654826506,0,0
1753459200,115734.4,117014.7,115455.5,116679.5,117907.96683336131,125652.93005262225,110640.38567946553,0,0
1753473600,116679.5,117642.8,116572.8,117616.3,117947.72487907021,125713.5609032947,110661.61601173959,0,0
1753488000,117616.3,117750,117150,117469.2,117985.29232350021,125766.80949071431,110685.2377112229,0,0
1753502400,117469.2,117542.7,117307.9,117322.8,118020.66327072245,125810.75529076395,110712.92694070491,0,0
1753516800,117322.8,118252.1,117322.8,117755.6,118054.27137491427,125850.15682367918,110741.30808901496,0,0
1753531200,117755.6,118226.2,117745,118141.5,118086.41181976958,125882.84524168432,110772.84303271155,0,0
1753545600,118141.5,118333.4,117940.3,118235.2,118117.24407164664,125908.70085102145,110807.93664600627,0,0
1753560000,118235.2,118281.5,117857.5,117898.8,118146.6429197464,125928.00961047415,110846.1038682616,0,0
1753574400,117898.8,118425.6,117807.6,118174.7,118174.76074065208,125942.27881865883,110886.30606897798,0,0
1753588800,118174.7,118443.7,118055.3,118117,118201.6924402262,125950.45753534697,110929.64939657165,0,0
1753603200,118117,118297.7,117850.1,118070.3,118227.33492190774,125953.00961135082,110975.53576423063,0,0
1753617600,118070.3,118640.3,117876.8,118586.8,118252.00397725297,125952.29509531888,111022.48223467237,0,0
1753632000,118586.8,119600,118586.7,118978.8,118276.37863342208,125950.5577199701,111069.78798569106,0,0
1753646400,118978.8,119784,118730.8,119429.9,118300.6970448548,125948.32841243251,111117.43282110163,0,0
1753660800,119429.9,119844.9,118950,119287.6,118324.98231870196,125944.76782886163,111166.2015189542,0,0
1753675200,119287.6,119699.1,118753,118885.8,118348.97484251714,125939.98400922651,111215.51234474212,0,0
1753689600,118885.8,119104.4,118435.7,118810.6,118372.34810709319,125932.12936161069,111266.38505533195,0,0
1753704000,118810.6,119092,117874,118160,118394.71285711687,125924.09207321674,111315.53781121563,0,0
1753718400,118160,118376.8,117401.5,118070,118415.67896573251,125914.08378253962,111363.81732430062,0,0
1753732800,118070,118346.7,117480,118068.9,118435.30169924049,125901.58854935538,111411.78479325816,0,0
1753747200,118068.9,118820.7,117434,118761.9,118453.9816044688,125890.09815068403,111457.10396664421,0,0
1753761600,118761.9,119300,118406.2,118889.8,118472.24894778871,125877.2484266542,111502.86446660843,0,0
1753776000,118889.8,119083.9,118117.9,118602.1,118489.8496163256,125863.26620056218,111548.3880716004,0,0
1753790400,118602.1,119127.5,117240,117372.2,118506.1298399723,125852.8319014519,111588.29402142645,0,0
1753804800,117372.2,118045.8,116912.6,117523.6,118520.72337112727,125841.06521448796,111626.21553205064,0,0
1753819200,117523.6,117982.7,117055.6,117923.3,118533.84447457058,125827.00584891392,111663.40795546286,0,0
1753833600,117923.3,118234,117371.4,118130,118545.79465360899,125810.64847606975,111700.44507582877,0,0
1753848000,118130,118389.2,117643.1,118103.2,118556.74233529295,125791.566703597,111738.02442795335,0,0
1753862400,118103.2,118465.8,117266.4,117542.3,118566.44169631557,125772.22331597726,111773.49597460734,0,0
1753876800,117542.3,118769,117310.9,117991.7,118575.1953239533,125754.401832882,111805.84330398585,0,0
1753891200,117991.7,118033.4,115738.1,116873.2,118581.92244191977,125741.82393405875,111829.71496735778,0,0
1753905600,116873.2,117921.1,116828.6,117781.6,118587.31854395886,125727.90300088642,111852.27609615997,0,0
1753920000,117781.6,118580,117740.6,118444.4,118592.15913757488,125711.98011880576,111875.57618311654,0,0
1753934400,118444.4,118900,118257.6,118646.6,118596.79848167491,125693.3675169843,111900.89730233735,0,0
1753948800,118646.6,118739.2,118275.5,118346.9,118601.09832961923,125671.028154359,111928.90462959193,0,0
1753963200,118346.9,118663.3,117773.9,118273.2,118604.85926603714,125647.37739228776,111957.07330680756,0,0
1753977600,118273.2,118860,116685.5,116709.3,118607.30568912037,125629.08308886271,111977.99599382395,0,0
1753992000,116709.3,116940,115368.6,115680.1,118607.09725808387,125611.09946449487,111993.63416100753,0,0
1754006400,115680.1,115999.9,114240,115590.1,118603.6371478978,125593.87020259241,112002.4625566467,0,0
1754020800,115590.1,115857.2,114542,115012.4,118596.93169359189,125574.60454977042,112006.9798950461,0,0
1754035200,115012.4,115316.1,114013,115239.2,118586.84912778085,125553.07890471014,112007.13601558271,0,0
1754049600,115239.2,115950,113849.5,115288,118573.7191321599,125534.28969243418,111999.09525341194,0,0
1754064000,115288,115659.3,113153.9,113283.6,118556.69171679113,125519.53547500157,111980.0921636583,0,0
1754078400,113283.6,114055.5,112692.8,113248.9,118535.24998281946,125501.20499023222,111955.94089780303,0,0
1754092800,113248.9,113921.5,113150,113863.1,118509.92387000218,125476.26284354014,111930.3503100528,0,0
1754107200,113863.1,114011.4,113438.3,113934.6,118481.05998622609,125443.99336028594,111904.61336113594,0,0
1754121600,113934.6,113998,113359.1,113755.2,118448.75156510957,125405.04914045555,111878.32422615707,0,0
1754136000,113755.2,113756.2,112780,112816.3,118412.59133936319,125361.17016388688,111849.16166124184,0,0
1754150400,112816.3,113395.3,111950,112194,118372.17328515009,125314.82195919668,111814.15884556729,0,0
1754164800,112194,113025.4,112038,112518,118327.74044503864,125263.43052121166,111776.07144055884,0,0
1754179200,112518,113706,111870,113562.3,118280.04055406488,125212.90664896063,111731.03770119502,0,0
1754193600,113562.3,113680.6,113313.3,113662.8,118229.77604733784,125154.97703844847,111687.76723844899,0,0
1754208000,113662.8,114217,113509.7,113812.6,118177.40610072135,125092.35492553948,111644.70699274895,0,0
1754222400,113812.6,114059.9,113531.5,113892.7,118123.05799816642,125024.23325287746,111602.81865209565,0,0
1754236800,113892.7,114792.7,113706,114253.1,118067.29614483778,124954.6621195513,111559.55434152378,0,0
1754251200,114253.1,114564.3,114000.5,114147.1,118010.22558421042,124880.67098567759,111517.76517947631,0,0
1754265600,114147.1,114975.3,114064.3,114522,117952.24321455642,124804.86952602548,111475.87215292637,0,0
1754280000,114522,114746.7,114101.2,114615.1,117893.41447223144,124725.82023619815,111435.28380571512,0,0
1754294400,114615.1,114728.2,114142.5,114445,117833.78660351243,124643.34453968068,111396.25077135047,0,0
1754308800,114445,115443.5,114061.7,114746,117773.76370427229,124562.66870379822,111354.86708343794,0,0
1754323200,114746,115682.8,114653.1,114716,117713.68674936354,124481.983948029,111313.39338158649,0,0
1754337600,114716,115326.7,114551.4,115006,117653.56223297022,124399.8359861954,111273.14273664699,0,0
1754352000,115006,115084.2,114202,114212.3,117592.99469394391,124316.52805429125,111233.09681759239,0,0
1754366400,114212.3,114480,113628.2,113925.4,117531.57898095693,124231.5308066015,111192.96339720284,0,0
1754380800,113925.4,115046.8,113880,114782.3,117469.9679902143,124147.42003117857,111151.6725531342,0,0
1754395200,114782.3,114860,112577.7,112882.1,117407.10826390363,124069.67609259616,111102.32173576676,0,0
1754409600,112882.1,113742.4,112760,113582.1,117343.03976564985,123990.36714060178,111052.08653692233,0,0
1754424000,113582.1,114222.6,113207.5,114079.6,117278.35368762036,123910.3119058553,111001.35276980633,0,0
1754438400,114079.6,114104.7,113355.8,113469.3,117212.94953338428,123827.85302171062,110951.41523536603,0,0
1754452800,113469.3,114398.6,113300.2,114180.6,117147.23888531243,123745.56259982397,110900.74900570195,0,0
1754467200,114180.6,114389.9,113671.5,114185.6,117081.4220243659,123661.40517497907,110851.55763717036,0,0
1754481600,114185.6,115502.6,113522,115360.7,117016.27237616843,123583.63792255436,110797.90359784078,0,0
1754496000,115360.7,115666.3,114895.7,115198.5,116952.27423010013,123505.43911549852,110746.81848466162,0,0
1754510400,115198.5,115213.8,114747.5,114943,116889.15927644962,123424.85643174665,110699.54587235693,0,0
1754524800,114943,115154.4,114350,114498.4,116826.65501639206,123343.73621705596,110653.91515545624,0,0
1754539200,114498.4,114837.8,114218,114747.6,116764.73039613882,123261.04964250745,110610.79151950692,0,0
1754553600,114747.6,116763.6,114742.8,116446.2,116704.77193530656,123186.39774477435,110564.18599633651,0,0
1754568000,116446.2,116747.8,115955.9,116629.3,116647.1963071725,123112.87281375425,110521.08601923475,0,0
1754582400,116629.3,117450,115555.1,117380.6,116592.29202319092,123047.14564468061,110476.04954994496,0,0
1754596800,117380.6,117560,116931.9,117399.9,116540.47600389484,122982.18780937599,110436.17607670288,0,0
1754611200,117399.9,117569.1,116632.6,116686.8,116491.3400499827,122919.4444408375,110399.39505398762,0,0
1754625600,116686.8,116929.8,116334.8,116776.2,116444.54089559334,122856.66794388017,110367.07515606147,0,0
1754640000,116776.2,116887.4,116264.2,116859.9,116400.01087216315,122794.07406951787,110338.89569759837,0,0
1754654400,116859.9,117239.4,115854.2,116157,116357.4481583238,122735.797235766,110310.56991392272,0,0
1754668800,116157,116850,115933.1,116367,116316.77463432513,122679.00957129338,110284.49046509321,0,0
1754683200,116367,116933.6,116240,116625.1,116278.1544872344,122622.64169018118,110261.93062385957,0,0
1754697600,116625.1,116700,116288.2,116322.3,116241.37764515761,122564.96553031386,110244.04745989361,0,0
1754712000,116322.3,116939,116300,116703.4,116206.60106190215,122507.59790403384,110229.68665942171,0,0
1754726400,116703.4,117900,116688.8,117058.2,116174.31502725277,122454.36414401614,110216.33705254014,0,0
1754740800,117058.2,117181.9,116636,116827.6,116144.12112017881,122401.05199492925,110207.03377073587,0,0
1754755200,116827.6,116883.7,116435,116496.9,116115.69075103119,122346.89313805108,110201.84732746443,0,0
1754769600,116496.9,116957.2,116303.1,116406.2,116088.92601103114,122293.09327156968,110199.50826223535,0,0
1754784000,116406.2,119433.6,116400,118488.9,116065.26146885865,122254.54554535315,110189.31737664585,0,0
1754798400,118488.9,118728.5,117431,117784.9,116044.46403843081,122220.74668438204,110180.29262038089,0,0
1754812800,117784.9,118491,117576,118324,116026.56911118883,122189.53065701011,110174.45330485966,0,0
1754827200,118324,119111.9,118221,118776.2,116012.0082482425,122161.22267933575,110172.32606715645,0,0
1754841600,118776.2,118922.4,118404,118634.5,116000.60288494022,122133.60061646208,110175.5765960435,0,0
1754856000,118634.5,119288,118049.4,119271.8,115992.42979221683,122110.8814795776,110180.54743428007,0,0
1754870400,119271.8,122421,118964.7,121709.4,115989.37378131508,122107.00939325494,110178.23544308981,0,0
1754884800,121709.4,122350.2,121445.5,121530.2,115991.90082964255,122107.88382617521,110182.24734142504,0,0
1754899200,121530.2,121819.1,120262,120540.3,115998.93421778937,122116.01456484132,110188.27291090698,0,0
1754913600,120540.3,120650,119340.6,120274.6,116009.54212933702,122129.02247730698,110196.68864998175,0,0
1754928000,120274.6,120768,118576,119052.9,116022.97766074796,122150.96097605755,110202.41869325069,0,0
1754942400,119052.9,119175.3,117855.3,118679.2,116038.26300673436,122175.79644617475,110209.0501824728,0,0
1754956800,118679.2,119277,118575.6,118844.7,116055.6143773442,122200.24647284596,110219.9546831171,0,0
1754971200,118844.7,119144.4,118403,118948,116074.86279766518,122224.46490076518,110234.67179370277,0,0
1754985600,118948,119017.9,118150,118457.9,116095.63459059283,122248.86182952703,110252.12152721276,0,0
1755000000,118457.9,119912.1,118205.5,119888.2,116118.59207254116,122278.83053227037,110268.69791129387,0,0
1755014400,119888.2,120143,119120.2,119610.6,116143.89101811317,122310.56542857361,110288.12902271173,0,0
1755028800,119610.6,120280,119430,120090.5,116171.6961413996,122343.30132017504,110311.41745186945,0,0
1755043200,120090.5,120165.8,118974.1,119460.7,116201.49899972201,122378.47130534818,110336.3052811095,0,0
1755057600,119460.7,119822.3,118900.5,119555.9,116233.08503840682,122414.34717472819,110363.94319255583,0,0
1755072000,119555.9,120747,119423,120572.2,116267.1170667468,122453.86082983571,110392.94653026533,0,0
1755086400,120572.2,122239.3,120115.8,120920.7,116304.24412568036,122501.95079337498,110420.09628451883,0,0
1755100800,120920.7,122856,120920.7,122748.9,116345.29939713048,122558.17129803015,110447.37815882779,0,0
1755115200,122748.9,123742.2,122302.1,123348,116390.95241701734,122620.28343134769,110478.0826259056,0,0
1755129600,123348,124571.2,123298.4,123400.2,116441.53506497077,122687.62902248517,110513.43314982395,0,0
1755144000,123400.2,123500,121354.6,121772,116495.37612959127,122763.24799255628,110547.52038165223,0,0
1755158400,121772,122067.4,120700,120974.4,116551.39864134906,122841.6313262271,110583.26382185049,0,1
1755172800,120974.4,121173,117224.6,118199.4,116607.22489093055,122934.76380406777,110605.36886405225,0,0
1755187200,118199.4,118496.4,117117,117915.4,116661.83723407227,123026.67855804508,110626.28387880813,0,0
1755201600,117915.4,118486.1,117241.3,118250.1,116715.37802738008,123116.72688721352,110646.86182368791,0,0
1755216000,118250.1,119050,117977.9,118933.2,116768.47160941518,123204.5572019797,110668.6008346752,0,0
1755230400,118933.2,119208,118586.6,118942.3,116821.33207214969,123287.89245822915,110693.94857029655,0,0
1755244800,118942.3,119150,118600,118973.8,116873.91505986023,123366.4368551366,110723.08133093886,0,0
1755259200,118973.8,119100,116727.1,117224.6,116925.01463334271,123449.42472005168,110745.4253270957,0,0
1755273600,117224.6,117827,116719.3,116875.5,116974.12250875527,123528.91074968745,110767.14959803778,0,0
1755288000,116875.5,117725.8,116780.1,117280.8,117021.39351322601,123604.16776478257,110789.19738237988,0,0
1755302400,117280.8,117857.2,117177.5,117390.2,117067.06531656999,123673.99238826115,110813.09430692304,0,0
1755316800,117390.2,117841.3,117234,117547.6,117111.22576527439,123738.20049915928,110839.16805738784,0,0
1755331200,117547.6,117658.4,117069.7,117340,117153.71889731602,123796.67808305002,110867.22248123505,0,0
1755345600,117340,117779.4,117265.3,117627.7,117194.76905611262,123849.38660961039,110897.71431334487,0,0
1755360000,117627.7,117770.5,117552.3,117603,117234.47974698457,123894.91795094826,110932.09849808001,0,0
1755374400,117603,117662.8,117156.9,117327.7,117272.62015314319,123934.91328016722,110968.46783193109,0,0
1755388800,117327.7,117708,117101,117628.3,117309.31392586454,123970.24563579183,111006.2746361448,0,0
1755403200,117628.3,118212.1,117628.3,117944.9,117345.02009610325,124001.39005221547,111045.96275538973,0,0
1755417600,117944.9,118431.5,117863,118258.1,117379.99217378371,124028.6619359961,111087.73042982254,0,0
1755432000,118258.1,118585.7,117983,118199.6,117414.29703645127,124052.4640248246,111131.34476559225,0,0
1755446400,118199.6,118274.8,117265,117545.1,117447.3911942566,124074.6861053791,111174.08499120698,0,0
1755460800,117545.1,117957,117312.6,117355.6,117479.14698455218,124093.14161575565,111217.66921618259,0,0
1755475200,117355.6,117509.6,114936.8,115268.6,117508.00067335102,124117.47189573087,111250.49528762767,0,0
1755489600,115268.6,115672,114828.9,115155.6,117533.37512664797,124136.74359590515,111281.2682893434,0,0
1755504000,115155.6,115362.8,114577.7,114893,117555.12461614348,124150.54353485865,111310.08314624819,0,0
1755518400,114893,116120,114719.6,116082.5,117574.06924041554,124163.37837987336,111334.45254249635,0,0
1755532800,116082.5,116761.4,115745.9,116263.9,117590.9148211832,124173.63378979932,111357.16034444248,0,0
1755547200,116263.9,116945.3,115924.7,116168,117605.82235962675,124181.52331296529,111378.32009055435,0,0
1755561600,116168,116681.9,114718.5,114750.6,117617.91807660754,124191.65396484094,111392.14440764277,0,0
1755576000,114750.6,115432.4,114292.4,114921.2,117626.81696974601,124198.66680905067,111402.71007664198,0,0
1755590400,114921.2,115599,114738.6,115462.4,117633.0282697531,124201.44313959467,111411.98515994706,0,0
1755604800,115462.4,115838.9,113483.4,113728,117635.75584141244,124207.98409700906,111411.2844917642,0,0
1755619200,113728,113830,112712.2,113078.1,117634.00716318733,124209.74752525319,111406.39053674464,0,0
1755633600,113078.1,113543.6,112673,112825.7,117627.78522839643,124205.27706495814,111398.61513695198,0,0
1755648000,112825.7,113609.8,112520,113483.2,117617.48207005365,124196.35375631304,111387.10332545653,0,0
1755662400,113483.2,113817.5,113392.3,113453.9,117603.63671674479,124179.59314680618,111375.91144024293,0,0
1755676800,113453.9,114019.7,113010.1,113641.9,117586.4203919265,124158.81512359093,111361.93790850486,0,0
1755691200,113641.9,114287,112286.8,113314.5,117565.73645949308,124139.82040473445,111339.79688547907,0,0
1755705600,113314.5,114416,113194.3,114231.5,117542.40772206242,124118.59196236233,111314.6499219809,0,0
1755720000,114231.5,114567,113939.1,114217.4,117516.86553730142,124092.04259613983,111290.08272236933,0,0
1755734400,114217.4,114783.7,113784.4,113917.6,117489.1536458613,124062.52795206342,111264.06540542541,0,0
1755748800,113917.6,113991.1,113522,113854.5,117459.02407367474,124026.71854054116,111239.11443186604,0,0
1755763200,113854.5,113957.1,112945.6,113104.6,117426.16049144902,123987.6619562955,111211.89762110364,0,0
1755777600,113104.6,113945.7,112550,112745.8,117390.46050874039,123947.55450124874,111180.2509852286,0,0
1755792000,112745.8,112938.6,111945.2,112146.2,117351.34391445629,123903.36259628276,111145.79644945126,0,0
1755806400,112146.2,112835.1,112009.1,112462.7,117309.09375401656,123854.4135370657,111109.67372406388,0,0
1755820800,112462.7,113499.9,112277.2,112903.7,117264.35097950928,123803.78471041769,111070.33636176425,0,0
1755835200,112903.7,113364.4,112667.8,113050.8,117217.4048426213,123748.62041012803,111030.89434453571,0,0
1755849600,113050.8,113280,112137.8,112280,117167.93676771241,123691.3437556428,110988.57033620324,0,0
1755864000,112280,117276.2,111618.8,116313.7,117118.59490564623,123661.00400046904,110922.31850730273,0,0
1755878400,116313.7,117374.5,116042.1,116604.4,117070.98658079824,123632.6782476242,110857.5507160852,0,0
1755892800,116604.4,117144.6,116518.3,116899.8,117025.25590895518,123602.44353138997,110798.05648889538,0,0
1755907200,116899.8,116998,115432,115530.1,116980.52265117862,123574.94509996456,110738.00331186097,0,0
1755921600,115530.1,116000,115503.9,115788.4,116936.56944208378,123543.72300527596,110682.76833699859,0,0
1755936000,115788.4,115861.5,115180,115270,116893.08556539842,123509.71228904529,110630.92286234308,0,0
1755950400,115270,115457.9,114504.7,114792.4,116849.58470035823,123474.12832872746,110580.45624177527,0,0
1755964800,114792.4,115206.5,114660.9,115136.8,116806.19175545764,123434.7976420065,110533.55044971219,0,0
1755979200,115136.8,115413,114985.8,115404.8,116763.20535293344,123391.50779007048,110490.95977890647,0,0
1755993600,115404.8,115656.7,114943.1,115042.5,116720.59700026295,123346.07572028416,110451.00287578412,0,0
1756008000,115042.5,115284.5,114846,114880.7,116678.18583529432,123296.83878756511,110414.82639527717,0,0
1756022400,114880.7,115078.1,114602,114745.2,116635.81332338588,123244.03596183349,110381.91701073966,0,0
1756036800,114745.2,114887.8,114312.8,114420.1,116593.25608294745,123188.1808598466,110351.39304061879,0,0
1756051200,114420.1,114950,110551,112595.1,116548.74060398938,123150.17212681573,110301.17702464986,0,0
1756065600,112595.1,113677.4,111626,113474.8,116502.62447482157,123115.64531771932,110244.81473897476,0,0
1756080000,113474.8,113649.9,112133.4,112890,116454.98955204232,123081.26486003616,110185.45029569093,0,0
1756094400,112890,113040,111257.5,111466.7,116404.98109367798,123047.67011091617,110120.8955131401,0,0
1756108800,111466.7,111828.8,110906.9,111199.9,116352.1410239602,123009.14619111526,110055.39945644574,0,0
1756123200,111199.9,112576.5,110552,112172.3,116297.10611443392,122972.99379043946,109983.63521701467,0,0
1756137600,112172.3,112945.4,110600,110664.1,116239.6631779542,122940.64197408687,109903.9266329209,0,0
1756152000,110664.1,111083,109222.6,110069.7,116178.6829172944,122907.86477754149,109817.9224643367,0,0
1756166400,110069.7,110069.7,108669,109846,116113.77548215102,122871.35690066843,109727.84216600467,0,0
1756180800,109846,110499.9,109706.1,110259.1,116045.82124678751,122828.27932785876,109637.8839020908,0,0
1756195200,110259.1,110415.4,109527.9,109853,115974.79824285154,122779.29749256941,109547.4082532857,0,0
1756209600,109853,110793.1,109334.2,109623,115900.90003879718,122728.14602552335,109453.44702762506,0,0
1756224000,109623,111120.5,109412.5,111086.2,115824.96206646622,122677.12330399232,109355.52999930638,0,0
1756238400,111086.2,112342.4,110874,111723.1,115748.26535832809,122625.90645299244,109256.36613824185,0,0
1756252800,111723.1,111801,110877.7,111387.5,115670.62905711564,122571.02269846165,109158.70759587592,0,0
1756267200,111387.5,111699.6,110582.7,110686,115591.80569225409,122513.46424214709,109061.20095328438,0,0
1756281600,110686,111330.6,110312.1,111265,115511.90728576182,122452.81756950106,108964.42392778173,0,0
1756296000,111265,112589.9,110951.4,111961.2,115431.92730838066,122393.8167634271,108866.0374721546,0,0
1756310400,111961.2,112588,111500,112037.4,115352.15560600277,122333.39239272049,108769.31917522187,0,0
1756324800,112037.4,112444.2,110823.9,111184.3,115272.10689846094,122274.25429939877,108670.94389530488,0,0
1756339200,111184.3,111990.2,110781.5,111945.9,115191.96158446404,122214.07664889746,108573.31968229,0,0
1756353600,111945.9,113345.4,111888.3,113077,115112.99026817745,122155.6026390744,108476.40421072973,0,0
1756368000,113077,113310,112772.9,112880.2,115035.43212480283,122093.63694875708,108385.26048408316,0,0
1756382400,112880.2,113433,112330.1,112620.5,114959.11026549293,122031.50681921928,108296.597964751,0,0
1756396800,112620.5,113150,111828,111842.6,114883.53106598566,121970.04258306288,108208.7488917712,0,0
1756411200,111842.6,112538.3,111810.1,112511.4,114808.74885493208,121905.82202230646,108124.8507657246,0,0
1756425600,112511.4,112616.4,111250,111642,114734.35660323268,121842.32421653517,108041.04952695317,0,0
1756440000,111642,111800,109832.5,109946.7,114659.1067086704,121781.84656846893,107952.95950647982,0,0
1756454400,109946.7,110220,109346.7,110039.5,114582.45273059505,121717.16371246947,107865.95804001647,0,0
1756468800,110039.5,111490.7,108063.3,108336.7,114503.95781782035,121663.21815290311,107765.98346648556,0,0
1756483200,108336.7,108788,107888,108180.8,114422.75695541676,121603.42661169962,107666.10509328132,0,0
1756497600,108180.8,108530.4,107432.6,108355.3,114338.87100698765,121539.13721262936,107565.16561641415,0,0
1756512000,108355.3,108398,107300,108393.9,114252.4289261189,121470.54328869245,107463.23480659854,0,0
1756526400,108393.9,108637.8,108075,108466.8,114164.00283892246,121395.02681115278,107363.7025055469,0,0
1756540800,108466.8,108739.5,108376,108652.3,114073.97069326574,121311.97725834198,107267.81546076256,0,0
1756555200,108652.3,108902.3,108176,108834.7,113982.54493721439,121224.0622261285,107173.611507335,0,0
1756569600,108834.7,108900,108583.3,108814.5,113890.01049707823,121129.25431068834,107083.41733661646,0,0
1756584000,108814.5,108821,108436.9,108780.7,113796.42343367792,121028.2782962946,106996.69671078339,0,0
1756598400,108780.7,109444,108763.9,109179.3,113702.3787000066,120923.76322625176,106912.24435225877,0,0
1756612800,109179.3,109191.1,108455,108640.4,113607.62211937946,120815.93031346933,106829.3872350441,0,0
1756627200,108640.4,109065.4,108237.1,108335,113512.0630772161,120705.36919679512,106747.43426730679,0,0
1756641600,108335,108814.7,108135.9,108750,113415.85533875792,120591.44894385927,106667.23349688285,0,0
1756656000,108750,109197.5,108485.3,108887.9,113319.41692257345,120474.93568224118,106588.89485147008,0,0
1756670400,108887.9,109199.1,108008.4,108200,113222.46510775141,120358.5279857808,106509.49973890063,0,0
1756684800,108200,108447.3,107340,107607.5,113124.44317135413,120241.1626212493,106428.94133632893,0,0
1756699200,107607.5,109394.5,107202,109390,113026.36945420525,120130.41006475255,106342.43390256105,0,0
1756713600,109390,109872.8,108150,108741.7,112928.60456334615,120023.4713657883,106253.13185417253,0,0
1756728000,108741.7,109491.4,108529.5,108749.1,112831.23420836302,119915.75566268574,106165.2602915127,0,0
1756742400,108749.1,109300,108351,109188.4,112734.36103270593,119807.36442312502,106078.92276611511,0,0
1756756800,109188.4,109423.4,107408,109191.8,112637.78748942747,119704.53494852105,105988.22489030666,0,0
1756771200,109191.8,110595,108850,110302.8,112542.8306943129,119606.68986403708,105896.15643645625,0,0
1756785600,110302.8,110590,109953,110200,112449.83873667463,119507.50392988435,105808.97279323141,0,0
1756800000,110200,110767,109518.1,109700,112358.56587408255,119410.46386431917,105723.12439574096,0,0
1756814400,109700,111730,108320.7,110793.9,112269.30663434464,119328.54236324992,105627.68104371252,0,0
1756828800,110793.9,111102.5,110142,110746.8,112182.43284460648,119247.15309627379,105536.25736267486,0,0
1756843200,110746.8,111534,110655.6,111217.7,112098.38286554406,119166.34259592374,105449.635923457,0,0
1756857600,111217.7,111771.6,110851.8,111001.4,112017.18230038532,119086.4694338748,105367.54670928598,0,0
1756872000,111001.4,111138.6,110476.8,111050.2,111938.4712335406,119005.76607720308,105290.8758553213,0,0
1756886400,111050.2,111680,110854,111400.9,111862.626052271,118925.72050229437,105219.01447777069,0,0
1756900800,111400.9,112500,110985.9,112189,111790.15289105731,118850.9145554609,105148.8609082122,0,0
1756915200,112189,112557,111640,112146,111721.1853628089,118777.96558125548,105083.65922745563,0,0
1756929600,112146,112219.9,111546.8,111661.8,111655.33988971137,118705.16125516036,105024.20277319668,0,0
1756944000,111661.8,112138.3,111089,111110,111592.18976167051,118634.36492443507,104968.04044710471,0,0
1756958400,111110,111285.9,110208.8,110413.7,111530.89099803424,118564.92959264868,104914.15707454403,0,0
1756972800,110413.7,111107.6,110364.8,110760.6,111471.52602927212,118495.04130518659,104864.31312590973,0,0
1756987200,110760.6,111081.4,109276.7,109450.1,111413.27873563897,118430.14418031815,104812.15542324808,0,0
1757001600,109450.1,110161.6,109300,109747.1,111355.96084221562,118364.41316189762,104762.48463406191,0,0
1757016000,109747.1,111753.6,109693.7,110685.5,111300.53723581329,118305.8367569584,104710.0458317163,0,0
1757030400,110685.5,111450,110402.2,111276.1,111247.2989591294,118248.63904273578,104660.49863989695,0,0
1757044800,111276.1,112985.7,111100.1,112913,111197.44043776735,118198.85007130673,104610.75342485454,0,0
1757059200,112913,112959,112100,112300.1,111150.97418834755,118150.43637432605,104566.17378777055,0,0
1757073600,112300.1,113369.4,110211.8,110659.7,111106.79849993922,118115.48639119616,104513.98923271269,0,0
1757088000,110659.7,111569.2,110155,111550.2,111064.54415906088,118083.21927067307,104463.04771709054,0,0
1757102400,111550.2,111660.7,110282.7,110623.1,111023.93917170877,118053.08932237884,104413.32065053075,0,0
1757116800,110623.1,111258,110505.4,111048,110985.02882424723,118021.52335617562,104368.05315540313,0,0
1757131200,111048,111048.1,110646.4,110771,110947.66454644561,117986.47961285396,104328.7697768515,0,0
1757145600,110771,110903,110604.2,110725.5,110911.73926954139,117947.47629282912,104295.69410416135,0,0
1757160000,110725.5,110932.6,110300,110339.4,110877.01124368269,117906.42627553406,104266.68003322156,0,0
1757174400,110339.4,110363,109888,110000,110843.03422792308,117862.11107017052,104241.96652593314,0,0
1757188800,110000,110234.4,109984.3,110131.5,110809.84029099127,117813.45335291403,104222.5684407483,0,0
1757203200,110131.5,110723.9,110119.4,110595.6,110777.7790172539,117763.1077969032,104206.79747310681,0,0
1757217600,110595.6,110873.7,110416.9,110715.8,110747.01447164197,117710.53728914793,104195.43990572552,0,0
1757232000,110715.8,111317.7,110673.1,111248.3,110717.91540276541,117657.38182297203,104187.74071972861,0,0
1757246400,111248.3,111365,110994.4,111290,110690.56806757367,117602.28677907947,104185.06471850144,0,0
1757260800,111290,111336.8,110812.4,111220.1,110664.83206996795,117546.17986066597,104186.32976070262,0,0
1757275200,111220.1,111558,110952.5,111086.7,110640.73439420499,117489.69732518587,104191.02598764523,0,0
1757289600,111086.7,111346.4,110555.3,110999.6,110618.00332968977,117433.74636445241,104197.8395432613,0,0
1757304000,110999.6,111555,110844,111229.9,110596.83389861752,117378.13850674246,104207.30660757395,0,0
1757318400,111229.9,112147.7,111190.1,112020.1,110577.72971725058,117324.88206389593,104218.59450719223,0,0
1757332800,112020.1,112871.4,111832,112587.3,110561.23190909103,117275.00331167552,104231.81117948302,0,0
1757347200,112587.3,112630,111910,112036.8,110547.01602728791,117226.36211246591,104248.24700107196,0,0
1757361600,112036.8,112470.1,111832.6,112011.3,110534.91252290142,117178.40102389325,104268.07995062303,0,0
1757376000,112011.3,112056.9,111059.9,111641.8,110524.34611990814,117132.67225034107,104288.8448675146,0,0
1757390400,111641.8,113238.1,111551,112958.4,110516.20809483972,117093.97018811532,104307.9522544158,0,0
1757404800,112958.4,113137.7,112354.7,112388.7,110510.44247352073,117056.96149392324,104330.04359443692,0,0
1757419200,112388.7,112900,110706.4,110821.8,110505.85569050878,117028.46558418409,104346.78504015086,0,0
1757433600,110821.8,111346.1,110713.2,111232.9,110502.03787072055,116998.94577503025,104365.90084376768,0,0
1757448000,111232.9,111698,111021.6,111500,110499.25559262818,116969.02614810555,104387.33986777512,0,0
1757462400,111500,111550,110865,111506.3,110497.37122898993,116938.70692750515,104410.84367459665,0,0
1757476800,111506.3,112542.7,111255.8,112486.6,110497.0999129386,116912.20672502818,104433.99736595806,0,0
1757491200,112486.6,112812.3,112045.6,112267.2,110498.6378934387,116886.70661844134,104459.68861251937,0,0
1757505600,112267.2,114250,112262.9,113811.9,110502.9127354699,116870.02898479575,104482.67899900544,0,0
1757520000,113811.9,114035,113100,113514.1,110509.90328935099,116856.02782596234,104508.41905400128,0,0
1757534400,113514.1,113969,113464,113890,110519.69614114772,116842.42725695412,104539.10896826774,0,0
1757548800,113890,114394.7,113608.1,114340.9,110532.47939282868,116831.11264712636,104573.41990422794,0,0
1757563200,114340.9,114414.6,113895.1,114039,110548.11336418756,116820.51321887349,104612.495114487,0,0
1757577600,114039,114152.1,113710.1,113965.1,110566.29765954778,116810.01224603993,104656.32134675312,0,0
1757592000,113965.1,114709,113242,114117.6,110586.98055291257,116805.37243815453,104699.63848867877,0,0
1757606400,114117.6,114572.5,114046.8,114369,110610.3216804808,116801.42249955265,104747.38235577825,0,0
1757620800,114369,115446.1,114183,115440.1,110636.83077214059,116802.86045397515,104796.30614976685,0,0
1757635200,115440.1,116249.9,115001,115138.7,110666.75499126707,116809.75532249089,104846.81374843216,0,0
1757649600,115138.7,115620.2,115043.4,115056.6,110699.71332825109,116817.98347760507,104901.88382087799,0,0
1757664000,115056.6,115240,114834.4,114885.7,110735.3098476912,116826.29937661061,104961.88711357205,0,0
1757678400,114885.7,115441.9,114700.8,115061.8,110773.47417998248,116836.61181626856,105024.97796837549,0,0
1757692800,115061.8,116600,114974.4,116560,110814.96502251895,116854.57806700778,105087.50856042987,0,0
1757707200,116560,116560.1,115630.5,115972,110859.6106503356,116876.04951307143,105152.88054948764,0,0
1757721600,115972,116222,115451.5,115907.8,110907.05636745451,116899.80991813667,105221.51542168902,0,0
1757736000,115907.8,115907.9,115594,115713.7,110957.02622141752,116923.12950562268,105295.34849055072,0,1
1757750400,115713.7,116147.1,115709.7,115923.7,111009.54067019753,116946.85919870237,105373.65607117541,0,0
1757764800,115923.7,116012.1,115561.2,115729.5,111064.29556238296,116970.88015615095,105455.97102715916,0,0
1757779200,115729.5,115775.6,114978.2,115733.2,111120.8927109247,116996.79939151953,105540.09050753458,0,0
1757793600,115733.2,115972.2,115693.4,115849.6,111179.51930080274,117021.9961960637,105628.73573996815,0,0
1757808000,115849.6,116057.7,115581.5,115617.2,111239.95489418016,117047.47179054302,105720.58819863408,0,0
1757822400,115617.2,115889.8,115380,115737,111301.98945781284,117073.29665937871,105815.18767093393,0,0
1757836800,115737,116117.8,115690,115750,111365.668159132,117099.15618794778,105912.90704626266,0,0
1757851200,115750,115820.7,115100,115167,111430.40634400534,117126.16004731164,106011.63269567245,0,0
1757865600,115167,115617.6,115135.3,115593,111496.17905144674,117153.01212687296,106112.49098409407,0,0
1757880000,115593,116049.9,115060.1,115214.4,111562.87449045792,117182.46409701649,106212.77731682853,0,0
1757894400,115214.4,115530,114741.6,115381.9,111630.18245349189,117213.06875103308,106313.21035599163,0,0
1757908800,115381.9,116761.3,115340,115770,111698.70366113687,117248.89380104707,106411.24188983222,0,0
1757923200,115770,115775.6,114526.9,115006,111767.52534711549,117287.95597275865,106506.92663720301,0,0
1757937600,115006,115049.2,114316.3,114801.3,111836.2127656094,117326.8809767822,106602.49707166194,0,0
1757952000,114801.3,115551.2,114524.7,115259.9,111905.07321326323,117367.62846085927,106696.75765870989,0,0
1757966400,115259.9,115570.2,115158,115315.6,111974.25610741324,117406.91888439086,106792.97395713805,0,0
1757980800,115315.6,115481.7,114888,115268.4,112043.55610078218,117445.64769045792,106889.94194826239,0,0
1757995200,115268.4,115982.1,114894.6,115796.4,112113.22674695576,117486.85042304805,106985.38233303862,0,0
1758009600,115796.4,115949,115134.1,115225.1,112183.07307590009,117528.75913371639,107080.53056558112,0,0
1758024000,115225.1,115870,114688,115869.9,112253.05956839329,117573.37735354388,107173.49170445891,0,0
1758038400,115869.9,116883.6,115561.8,116753.3,112323.97835254794,117622.16427680943,107264.44450768521,0,0
1758052800,116753.3,116947.3,116547.6,116748.9,112396.04819591479,117670.18034129626,107358.30958546515,0,0
1758067200,116748.9,117050,116298.4,116300.3,112468.96889796163,117719.13998357423,107452.95086878531,0,0
1758081600,116300.3,117239.5,116100,117118.2,112542.8876719632,117771.33641353785,107546.55547993064,0,0
1758096000,117118.2,117146.8,116200,116203.2,112617.41173454272,117825.2365429006,107639.77054414577,0,0
1758110400,116203.2,116489,115337.8,115822.7,112691.8529617135,117881.2547850873,107730.90044805848,0,0
1758124800,115822.7,116266,114710,115610.1,112765.81147938692,117941.15827061809,107817.56280048775,0,0
1758139200,115610.1,116950,115271.4,116400.2,112839.875767138,118006.02174938383,107899.89675429105,0,0
1758153600,116400.2,117864,115980.1,117560.1,112914.83842171737,118077.53922045411,107977.86623922079,0,0
1758168000,117560.1,117735.8,116859,117031.2,112990.66060506248,118149.9210370287,108056.6899402939,0,0
1758182400,117031.2,117400,116955,117026.5,113067.15958918894,118220.63367190694,108138.33575826163,0,0
1758196800,117026.5,117800,116920,117536.4,113144.50714078144,118292.33052927765,108220.70576217023,0,0
1758211200,117536.4,117884,117081.8,117404.7,113222.63093718007,118364.51138995572,108304.11924823545,0,0
1758225600,117404.7,117620.1,116557.9,117023.5,113301.06213583714,118438.14464610301,108386.7931186071,0,0
1758240000,117023.5,117417.6,116809.1,116923.8,113379.69859797573,118510.60092826434,108470.93807202156,0,0
1758254400,116923.8,117061.6,116575,116856.1,113458.25277607804,118580.98608908293,108556.82304184805,0,0
1758268800,116856.1,117058.9,116237.7,116332.2,113536.38400680125,118650.88136874528,108642.34925721689,0,0
1758283200,116332.2,116493.4,115408,115816,113613.4354072118,118721.10269240434,108725.51224926021,0,0
1758297600,115816,116100,115050,115069.5,113688.90578482513,118790.89818693089,108806.04066324707,0,0
1758312000,115069.5,115614.6,115035,115572.9,113762.79097377768,118857.61287338282,108886.35820012906,0,0
1758326400,115572.9,115692.8,115360,115406.2,113835.16257418091,118920.01225495989,108967.73379494612,0,0
1758340800,115406.2,115942,115366.1,115928.6,113906.26214754755,118979.82580440631,109049.0464976401,0,0
1758355200,115928.6,115931.2,115606,115843.7,113976.121551122,119035.75676260264,109131.54700014785,0,0
1758369600,115843.7,116093.6,115755.1,115958.3,114044.86175860828,119088.12804599566,109215.17288874212,0,0
1758384000,115958.3,116050,115634.1,115634.1,114112.30989743782,119137.31013917022,109299.25524520977,0,0
1758398400,115634.1,115896.2,115558.2,115628.9,114178.38188124786,119182.88200644756,109384.02117440666,0,0
1758412800,115628.9,115680.6,115390,115625,114242.94976222789,119224.5633957915,109469.48513493677,0,0
1758427200,115625,115775,115454.9,115775,114306.11402166977,119262.74587086818,109555.48278992393,0,0
1758441600,115775,115779.6,115260.1,115564.4,114367.74630222078,119298.52342223893,109640.76519165738,0,0
1758456000,115564.4,115717.8,115414,115466.4,114427.85079598858,119330.75730790103,109726.38851192532,0,0
1758470400,115466.4,115623.8,115117.3,115430,114486.29860500719,119360.56242694269,109811.08250304512,0,0
1758484800,115430,115507.4,115140,115173.4,114542.99215882637,119387.1201853895,109895.41444942723,0,0
1758499200,115173.4,115340.2,114079.8,114609.7,114597.37721252696,119414.98181876852,109974.131084498,0,0
1758513600,114609.7,114618.1,111500,112458.5,114647.73129480751,119452.9367425215,110035.82372678076,0,0
1758528000,112458.5,112914.6,112111.2,112810.9,114693.93459022426,119487.06385207159,110093.0779257622,0,0
1758542400,112810.9,113380.1,112307,112764.2,114736.32014172967,119519.23412366697,110144.80854223184,0,0
1758556800,112764.2,112833.4,111892,112058.8,114774.46247511226,119548.19941429545,110191.34793322296,0,0
1758571200,112058.8,112936.6,111918.4,112600.7,114808.72638420638,119574.73743317145,110232.67905003979,0,0
1758585600,112600.7,112782.6,111410,112283.5,114838.92217658194,119600.65244483351,110266.77344224417,0,0
1758600000,112283.5,113076.8,111800,113025,114865.66355684078,119625.8595269652,110294.88704638496,0,0
1758614400,113025,113200,112616.6,112924.9,114889.34802586901,119646.64895357705,110321.20335380797,0,0
1758628800,112924.9,113247.1,112424.9,112819.7,114910.00213011338,119664.47647661297,110344.43118232577,0,0
1758643200,112819.7,112900,111471,111590,114926.90368734658,119682.1121489914,110360.629119896,0,0
1758657600,111590,112179.6,111350.7,111937.5,114940.0349763571,119695.93436882593,110373.10256217836,0,0
1758672000,111937.5,112444,111603.3,111627.3,114949.61436742292,119706.22260873578,110382.01319247851,0,0
1758686400,111627.3,112739.5,110904.2,112537.6,114955.95352211315,119719.05887610707,110382.3516007909,1,0
1758700800,112537.6,113122.4,112330.3,112977.4,114959.92645012576,119729.01645907646,110380.80058007907,0,0
1758715200,112977.4,113850,112750.1,113300,114962.11287843031,119738.44649572606,110376.30589223233,0,0
1758729600,113300,113900,113100.5,113370,114962.74170533063,119745.79826937488,110370.73677253764,0,0
1758744000,113370,113595,113154.8,113255.5,114961.76085766724,119748.98415616805,110365.91711091126,0,0
1758758400,113255.5,113457.3,112103.6,112476.1,114958.59701298378,119752.76717131647,110356.35617745468,0,0
1758772800,112476.1,112566.7,111373.6,111719.9,114952.56531911458,119755.42981412566,110342.32263167617,0,0
1758787200,111719.9,112199,111181.3,111289.1,114943.46867467307,119755.67706622262,110324.63190583911,0,0
1758801600,111289.1,111683.8,110517,111537.1,114931.14055999265,119754.19152244493,110302.3359975259,0,0
1758816000,111537.1,111625.5,108560,109332.3,114914.3227674838,119760.80664525325,110263.96654312147,0,0
1758830400,109332.3,109637,108676.7,108931.3,114892.46103028329,119762.03251845164,110220.88823986356,0,0
1758844800,108931.3,109764,108738.7,109524.6,114866.06330956265,119758.7582468697,110173.2574166978,0,0
1758859200,109524.6,109593.5,108833.4,109254.9,114835.23863251865,119749.49131055936,110122.65595006064,0,0
1758873600,109254.9,109651.7,108550,109080.7,114800.07773831072,119736.39268277767,110067.26988709255,0,0
1758888000,109080.7,109758,108700,108972,114760.85721299775,119719.42830078593,110007.6615398906,0,0
1758902400,108972,110255.6,108951.5,109111.5,114718.09598947798,119700.52881761172,109943.05269530938,0,0
1758916800,109111.5,109640,109033.2,109592.1,114671.9757004483,119675.67173185603,109877.48654970738,0,0
1758931200,109592.1,109710.9,109261.6,109501.3,114622.76175421875,119644.28174595225,109811.99703352212,0,0
1758945600,109501.3,109689.2,109286.9,109359.2,114570.59416410173,119606.35203676895,109746.85561081259,0,0
1758960000,109359.2,109442.5,108988,109276.1,114515.44464713061,119562.30349376852,109681.61936938186,0,0
1758974400,109276.1,109434,109113.9,109342.4,114457.56319056841,119511.7203149262,109617.14664471107,0,0
1758988800,109342.4,109400.6,109190.2,109380,114397.15670828162,119454.32395903517,109554.08753078713,0,0
1759003200,109380,109665.5,109296.3,109585.6,114334.5922883703,119391.61289624873,109491.76978711039,0,0
1759017600,109585.6,109747,109271,109395.1,114269.98385761182,119324.46943796263,109429.60209521477,0,0
1759032000,109395.1,109509.4,109180.7,109469.8,114203.40246611046,119252.20681279662,109368.35035103821,0,0
1759046400,109469.8,109549,109180.7,109325.7,114134.96800011015,119175.32428013747,109307.78665023777,0,0
1759060800,109325.7,110000,109133.8,109990.9,114065.19030102197,119097.40312144987,109245.60315677489,0,0
1759075200,109990.9,110355,109965.2,110302.9,113994.6991147856,119016.2800094711,109184.99070241817,0,0
1759089600,110302.9,112345.9,110242,112133.5,113924.95139198055,118943.47463984395,109118.17221553937,0,0
1759104000,112133.5,112282.3,111534.8,111825.9,113856.28487198467,118871.1430799271,109052.99022938001,0,0
1759118400,111825.9,111855.6,111487.2,111820.2,113788.5615795534,118797.00059090511,108991.27656372056,0,0
1759132800,111820.2,112415.9,111818.1,112065.9,113722.17775632734,118722.89542508988,108932.09492015655,0,0
1759147200,112065.9,114199.5,111864,113762.5,113658.28303408356,118659.92733808141,108867.4634482944,0,0
1759161600,113762.5,114350,113409.4,114208.6,113597.51745478233,118600.42488546972,108805.64706535511,0,0
1759176000,114208.6,114377.1,113957.1,114251.4,113539.99804902161,118541.56232442119,108749.4622492928,0,0
1759190400,114251.4,114825.7,113970.5,114311.2,113485.80253303816,118485.97487408677,108696.64017411409,0,0
1759204800,114311.2,114311.3,113530,113661.6,113434.32209063764,118432.63947842413,108646.95311047827,0,0
1759219200,113661.6,113699.4,112603.9,112992,113384.77608655425,118382.57357748006,108597.97231713218,0,0
1759233600,112992,113630,112788,113063.4,113337.18677588284,118334.30747648183,108551.08869272149,0,0
1759248000,113063.4,114522,112726.8,114314.7,113292.18222836811,118293.85344474501,108501.99042726292,0,0
1759262400,114314.7,114751.4,113716.8,114013.8,113249.98495315773,118256.90012556649,108455.05909821864,0,0
1759276800,114013.8,114523.9,113913.8,114134.1,113210.540009918,118220.98398997607,108412.44876141415,0,0
1759291200,114134.1,114700,114079.1,114493.4,113173.98692456943,118186.38252880046,108374.17173066775,0,0
1759305600,114493.4,116759.9,114435,116730,113141.70335946078,118163.98609786731,108332.88095476037,0,0
1759320000,116730,117605.4,116300,117367.5,113114.57748788515,118148.65503257819,108294.991904349,0,0
1759334400,117367.5,118150,116678.7,117369.3,113092.69520127721,118141.26880921924,108259.86411694027,0,0
1759348800,117369.3,118644,117101,118555.4,113076.49663908676,118142.52398429795,108227.70380179786,0,0
1759363200,118555.4,119416,118331.2,118688.5,113066.40399303049,118150.19710114472,108201.35747188966,0,0
1759377600,118688.5,118902.8,118202.7,118443.6,113061.88832834814,118161.66206449713,108182.21721859687,0,0
1759392000,118443.6,118920.8,118291.1,118703.9,113062.82351347216,118176.48084910143,108170.44109784688,0,0
1759406400,118703.9,119872.3,118445,119865.8,113069.6649690283,118199.48021577606,108162.48187275806,0,0
1759420800,119865.8,120994.2,119284.6,120776.6,113083.0223030824,118232.63806746849,108157.69775772233,0,0
1759435200,120776.6,120861.9,120002,120484,113102.69014246833,118271.04893966425,108160.18486476035,0,0
1759449600,120484,120506,119736.7,120168.9,113128.09523609035,118313.68600808473,108169.78460861582,0,0
1759464000,120168.9,120276.8,119556.9,119584.8,113158.66627652652,118359.75763632484,108186.12684918557,0,0
1759478400,119584.8,120468.7,119160,120287,113194.30465009755,118412.38153048705,108206.1726958866,0,0
1759492800,120287,122333,119805,122222.9,113236.10249213804,118479.01296664089,108225.20028268878,0,0
1759507200,122222.9,123858.6,121420.5,122590,113284.80677859709,118559.45842912598,108244.82177046905,0,0
1759521600,122590,122669,121934,122180.2,113339.75632218298,118643.8341196049,108272.80202544582,0,0
1759536000,122180.2,122330.7,121628,122182.8,113400.44479064466,118731.53781305974,108308.71995411454,0,0
1759550400,122182.8,122767.7,122160.3,122258.6,113466.88654003316,118822.16236234803,108352.97123971935,0,0
1759564800,122258.6,122495.6,121884.2,121914.5,113538.51202656743,118915.25147685643,108404.88123355544,0,0
1759579200,121914.5,122490.4,121648.6,121754.7,113614.91807160023,119011.70841085643,108462.85446011556,0,0
1759593600,121754.7,121922,121472.9,121921.9,113695.6613266408,119109.059216216,108528.29742393187,0,0
1759608000,121921.9,122380,121828,122359.3,113780.86186265785,119208.10473311646,108600.70760451205,0,0
1759622400,122359.3,124384.4,122082.6,123730.2,113871.33900527225,119318.94935249104,108672.44404363279,0,0
1759636800,123730.2,125849.7,123683,124682.8,113967.97874062735,119441.40631962771,108745.372132224,0,0
1759651200,124682.8,124815.7,122461.7,123414.4,114069.39657727165,119574.8816829842,108817.39586412226,0,0
1759665600,123414.4,123414.5,122601.8,122753.1,114174.72978528225,119710.162539312,108895.2570527279,0,0
1759680000,122753.1,123483,122104,122543.9,114283.52966474749,119849.84662063993,108975.73522955154,0,0
1759694400,122543.9,123577.6,122418.7,123447.9,114395.94742804267,119992.86860881318,109060.08781757164,0,0
1759708800,123447.9,124331,122989.1,123783.1,114512.2272484502,120140.41153327093,109147.70493997564,0,0
1759723200,123783.1,124140.7,123230,123344.1,114631.98918891797,120289.76968090987,109240.32010590521,0,0
1759737600,123344.1,124535.7,123344.1,124165.7,114755.37869769131,120442.6161528068,109336.68962606354,0,0
1759752000,124165.7,125396.8,124117.3,124944.7,114882.85254168724,120599.8431813106,109436.8737136166,0,0
1759766400,124944.7,126150,124750,125329.4,115014.652573797,120762.27311709845,109540.58718192723,0,0
1759780800,125329.4,125482.5,124403.3,124606.1,115149.96933162428,120927.36267744425,109648.59518553958,0,0
1759795200,124606.1,125029.2,124022.9,124246.9,115288.18253174424,121094.11904328837,109760.61543270669,0,0
1759809600,124246.9,124625,123500,123614,115428.58286491071,121262.48125269868,109875.35142412437,0,0
1759824000,123614,124460.6,123200.1,124389.6,115571.04757624019,121433.06019321886,109992.0154908148,0,0
1759838400,124389.6,125114.2,121089.5,121817,115714.14736182771,121619.13760735744,110095.86289703105,0,0
1759852800,121817,122120,120545,121609.6,115856.58157487586,121805.75441729742,110197.97511561346,0,0
1759867200,121609.6,122270,121213,121299.4,115998.40222778148,121990.04998318724,110301.03948029075,0,0
1759881600,121299.4,122200,121157.6,121335.4,116139.47633798687,122171.84290305035,110404.96438091331,0,0
1759896000,121335.4,121869.2,121000,121564.1,116279.62441538635,122350.0502883479,110510.38411768427,0,0
1759910400,121564.1,123184.3,121482.7,122842.1,116419.69939970793,122530.117136269,110614.00025632144,0,0
1759924800,122842.1,123349,121615.6,122129.3,116559.44851815642,122711.83419487673,110715.52412199201,0,0
1759939200,122129.3,124162.5,122053,123385.8,116699.52338235208,122897.76135587781,110813.88796197789,0,0
1759953600,123385.8,123667,122689.1,123245.3,116839.78246475333,123081.44652929183,110914.64352559415,0,0
1759968000,123245.3,123291.3,121401.6,121992.2,116979.19520141195,123266.87030974975,111012.24583364552,0,0
1759982400,121992.2,122222.8,121633.8,121847.6,117117.36468532254,123446.39380833217,111112.82142540015,0,0
1759996800,121847.6,122787,121080,122677,117254.47345521724,123626.48658581954,111210.8895508907,0,0
1760011200,122677,123733.9,120612.8,121083.4,117390.09319682272,123814.32783018876,111299.18663095743,0,0
1760025600,121083.4,121428.3,119574,120901.1,117523.05886870607,124001.4736786951,111383.10663666217,0,0
1760040000,120901.1,121747.3,120800,121603,117654.05774068269,124183.43714996707,111467.98333606575,0,0
1760054400,121603,121849.7,120882,121001.7,117782.91812105509,124360.22791695724,111553.47681072821,0,0
1760068800,121001.7,121740,120822,120903.7,117909.52366401243,124531.52823263661,111639.6463448424,0,0
1760083200,120903.7,121744.9,120869.2,121496.2,118034.05050622359,124697.37603522847,111726.78625546841,0,0
1760097600,121496.2,122490,118400,118962.9,118155.12629451863,124874.46832271412,111797.34382207789,0,0
1760112000,118962.9,119400.3,115900,116606.5,118270.22975042101,125056.6619582512,111852.07590049908,0,0
1760126400,116606.5,117336,101045.9,112732.5,118372.53803214527,125317.29694633409,111812.63960849878,0,0
1760140800,112732.5,113279.8,110930.2,112266,118464.31696997091,125567.8945479637,111762.60019077717,0,0
1760155200,112266,112930.8,110050,110359.6,118544.84360606255,125810.79271687519,111698.52476178618,0,0
1760169600,110359.6,112331.7,110104,112238,118614.96649219029,126042.59405318457,111625.0453398848,0,0
1760184000,112238,112496.7,111724.3,111740,118675.49384181059,126255.01377443835,111550.99839250147,0,0
1760198400,111740,112156.4,110790.2,111125.5,118726.12524833415,126451.58892036564,111472.64290494747,0,0
1760212800,111125.5,111300.8,109453.4,110599.9,118766.29408966523,126634.82846854223,111386.67602251958,0,0
1760227200,110599.9,111352.3,109503.2,110637.8,118796.45480384017,126805.1466293217,111293.57166562769,0,0
1760241600,110637.8,112122.4,110556,111466.7,118817.92003501664,126962.03930710543,111196.21422666856,0,0
1760256000,111466.7,112086.3,111081,111786.1,118831.3197147935,127102.71863387017,111098.19441262961,0,0
1760270400,111786.1,113749.2,111121,113166.2,118838.03985268516,127238.71427402407,110992.00268256331,0,0
1760284800,113166.2,114700,113166.2,114298.3,118839.75554079113,127364.75662633165,110885.36476718866,0,0
1760299200,114298.3,115749,114203.9,114908.5,118837.58297977132,127482.08288281962,110779.26253727113,0,0
1760313600,114908.5,115950.6,114582.2,114792.2,118831.84753486025,127590.02465395995,110674.85900129109,0,0
1760328000,114792.2,115539.8,114320.9,115349.9,118822.67207157589,127687.95167816663,110572.90224073222,0,0
1760342400,115349.9,115404.4,113526.4,114139.1,118809.50233812189,127779.42545661038,110469.25430593215,0,0
1760356800,114139.1,115517.9,113707.1,114267.5,118792.66711499124,127864.35961828043,110364.5910590054,0,0
1760371200,114267.5,115855.3,114150.3,115750,118773.09641472653,127943.08381218584,110260.34398741224,0,0
1760385600,115750,115838.8,114951.1,115116.7,118750.97947979512,128010.90077473049,110160.89287760432,0,0
1760400000,115116.7,115370.5,113188.1,113430.4,118725.14448485477,128074.69136271659,110058.12142095843,0,0
1760414400,113430.4,113641.2,111200,111659.1,118693.9267520256,128134.3767279501,109949.01296259345,0,0
1760428800,111659.1,112091.8,109947.4,111245.8,118656.4950557171,128187.2225189928,109834.37773465567,0,0
1760443200,111245.8,112885,109800,112862.2,118613.93619878795,128240.12302498327,109710.32722597447,0,0
1760457600,112862.2,113499.9,111659,112544.7,118567.25315180671,128285.94345473294,109584.83167663027,0,0
1760472000,112544.7,113550,112139,112972.1,118516.9995432157,128322.62197151147,109460.66223494844,0,0
1760486400,112972.1,113590,111752.7,111967.7,118462.92731515576,128352.65679462017,109335.21361019525,0,0
1760500800,111967.7,112635,111683,112524.2,118405.10190186647,128370.70545368837,109213.142568958,0,0
1760515200,112524.2,113470,111635.3,111839.9,118343.7836086258,128382.72660550379,109089.84011408931,0,0
1760529600,111839.9,112200,110308.1,110748,118277.93304170077,128388.09354562186,108963.91603202609,0,0
1760544000,110748,111525.3,110072.8,111210.1,118207.66606707739,128384.21889778764,108837.77178369752,0,0
1760558400,111210.1,111512.8,110413.8,110705.3,118133.19133015671,128369.21897646326,108713.3738533236,0,0
1760572800,110705.3,111832,110281.6,111288.3,118055.03668630292,128346.69619265893,108588.62830472676,0,0
1760587200,111288.3,111733.1,110500,110516.3,117973.22361937122,128314.7745482508,108465.15173443752,0,0
1760601600,110516.3,111686.4,109533,111359.7,117887.94155121628,128279.64186085416,108338.05397007403,0,0
1760616000,111359.7,111962.3,108270,108463.5,117798.09790542186,128249.77098663319,108198.18049875206,0,0
1760630400,108463.5,109255.8,107500.3,108151.5,117702.67354702036,128211.5089054758,108055.19316000154,0,0
1760644800,108151.5,108468.8,107362.1,108137.8,117601.69090971087,128160.78961590856,107912.55068162002,0,0
1760659200,108137.8,109199.3,107875.3,109127.4,117496.28561570025,128100.41354963528,107769.96538061151,0,0
1760673600,109127.4,109186.3,105403.3,105561.6,117384.64554269183,128044.52101010141,107612.21878518617,0,0
1760688000,105561.6,106573.9,103437.4,105628.3,117265.56452023222,127987.4842922213,107441.85416483339,0,0
1760702400,105628.3,106790.9,104431.7,106729.6,117140.33321168777,127925.10324478787,107264.77694286575,0,0
1760716800,106729.6,107584.5,106010,106403.5,117010.08888075342,127853.22062803057,107086.55466501498,0,0
1760731200,106403.5,107400.6,106294.6,106364.6,116875.21924109613,127769.32623848753,106909.98594731251,0,0
1760745600,106364.6,107252,106259.7,107017.9,116736.24290368978,127673.4998477602,106735.93520596458,0,0
1760760000,107017.9,107476.5,106383.6,106653.5,116593.48816980867,127567.01340132926,106563.92370679787,0,0
1760774400,106653.5,107194.2,106567,107162.5,116447.42174019868,127447.62097459786,106396.6665383452,0,0
1760788800,107162.5,107273,106674.5,106894.6,116298.3199861229,127315.81873492501,106234.23990819768,0,0
1760803200,106894.6,107070.5,106430.6,107025.8,116146.36816042611,127172.46992991939,106076.25097075751,0,0
1760817600,107025.8,107314.4,106790,107122.2,115992.10044379858,127017.77403010635,105923.50140048344,0,0
1760832000,107122.2,107335.8,106688.2,107224.7,115835.79201901272,126853.22046296403,105775.24688535172,0,0
1760846400,107224.7,107246.8,106500,106737.6,115677.43374229374,126679.79221798539,105630.64907919032,0,0
1760860800,106737.6,108200,106060.3,107749.3,115517.8146454347,126507.54737936579,105482.76191333041,0,0
1760875200,107749.3,108593.3,107322.6,108448.1,115357.96961057813,126331.89305278307,105337.3050233249,0,0
1760889600,108448.1,109434.5,108188,108852.3,115198.79480307066,126153.74666636498,105195.15016210153,0,0
1760904000,108852.3,109360,108347.4,108597.3,115040.36402933934,125971.88011969948,105057.45681835969,0,0
1760918400,108597.3,110423,107373.7,110098.3,114883.34382821058,125799.96423132344,104914.04166762538,0,0
1760932800,110098.3,111380.9,109878.8,111148.6,114729.34246505906,125629.56546001705,104774.87504049364,0,0
1760947200,111148.6,111644.2,110589.8,110986.2,114578.6448214767,125458.30929546262,104642.45790375012,0,0
1760961600,110986.2,111692.3,110537.8,111105.5,114431.2874200979,125287.06418068228,104516.13361884546,0,0
1760976000,111105.5,111303.8,109785,110755,114286.7686397772,125117.72880168197,104393.4030070595,0,0
1760990400,110755,111238.6,110366,110490,114145.18570192925,124946.51680734384,104277.60414496099,0,0
1761004800,110490,110508,109023,109023.1,114005.36552707516,124776.21518870952,104164.27000374412,0,0
1761019200,109023.1,109023.1,107412.1,108022.4,113865.98884713523,124606.36110095124,104051.37668398653,0,0
1761033600,108022.4,108780,107429.9,108522,113727.26969791736,124435.5961205304,103940.45012983945,0,0
1761048000,108522,113546,107779.7,113400,113592.64216180793,124294.39817442052,103812.3080590772,0,0
1761062400,113400,114000,111250.8,111736.4,113462.78903706964,124163.73877755736,103684.09185176305,0,0
1761076800,111736.4,111759.6,107806.8,108240.1,113334.59729822456,124047.72992315803,103546.68281884289,0,0
1761091200,108240.1,108646.6,107769,108163.1,113207.03816252298,123925.9378599757,103415.26326806244,0,0
1761105600,108163.1,108600,107523.1,108280,113080.1524999357,123799.92991100873,103288.59554767518,0,0
1761120000,108280,108328.7,106588,107484.7,112953.3627854664,123673.45711480221,103162.49308614297,0,0
1761134400,107484.7,109273.7,107385.8,108364.9,112827.67568907214,123548.45563821137,103037.17950693064,0,0
1761148800,108364.9,108780.1,107394.7,107824.1,112702.8234845961,123421.53120655169,102914.9962508791,0,0
1761163200,107824.1,108035.8,106625.8,107522.8,112578.28356061746,123292.44589699572,102795.18617096083,0,0
1761177600,107522.8,108685.4,107456.7,108341.3,112454.9394701031,123161.0991217651,102679.44587537156,0,0
1761192000,108341.3,110281.7,108304.4,109232.8,112333.96945034627,123033.41448321866,102564.9881007936,0,0
1761206400,109232.8,109871,108992,109208.6,112215.4689833229,122902.75899554868,102457.5166746515,0,0
1761220800,109208.6,110079.6,108564.2,109866.2,112099.58767409693,122773.43006651971,102353.72221737231,0,0
1761235200,109866.2,111272.4,109600,110139,111987.141055773,122647.24473370517,102253.57927179855,0,0
1761249600,110139,110150,109230.5,110015,111877.55500877704,122519.12799539021,102160.27096775346,0,0
1761264000,110015,110813,109933.4,110411.4,111771.3833705172,122389.65601411497,102074.33003258341,0,0
1761278400,110411.4,111512.8,110300,111034.4,111669.12387481461,122261.58355296646,101994.37030493237,0,0
1761292800,111034.4,111476.5,110540,111035.2,111570.76520404579,122133.39762073701,101921.63561085411,0,0
1761307200,111035.2,112162.2,109603.4,109994.8,111475.80870540407,122014.43199893087,101847.4267587684,0,0
1761321600,109994.8,110914.5,109734.6,110565.4,111384.01635697551,121896.0269418593,101778.53545405925,0,0
1761336000,110565.4,111088.9,110404.3,110964.7,111295.737633644,121775.74540115948,101717.63822600247,0,0
1761350400,110964.7,111217.1,110618.8,110973.5,111211.0135583893,121653.40169696338,101664.97084473197,0,0
1761364800,110973.5,111796.4,110973.5,111463.9,111130.22461931386,121531.02570848334,101619.53914190554,0,0
1761379200,111463.9,111848.8,111349.8,111542.1,111053.43459561853,121407.00599290757,101582.8142257605,0,0
1761393600,111542.1,111935.8,111239.8,111348.1,110980.46873869566,121282.62586478112,101553.41174087494,0,0
1761408000,111348.1,111704,111109,111586.9,110911.18653695515,121157.39731420805,101531.49185875336,0,0
1761422400,111586.9,111655.5,111274,111587.5,110845.52752359337,121030.27222815886,101517.83306594155,0,0
1761436800,111587.5,111891.8,111187.8,111214.5,110783.32187302997,120903.27764505532,101510.435815098,0,0
1761451200,111214.5,111687.1,111201.6,111681.7,110724.56380748205,120775.35577706445,101510.18766599531,0,0
1761465600,111681.7,113446,111668.6,113255.5,110670.36271298074,120655.45208311007,101511.6098905011,0,0
1761480000,113255.5,114050,113225.3,113654.4,110621.37231569813,120538.63239294763,101520.05021192078,0,0
1761494400,113654.4,113758.8,113236.4,113559.8,110577.29040237135,120423.01601724389,101536.54639391761,0,0
1761508800,113559.8,115583,112797,114498.3,110538.66680462455,120322.32845178872,101550.53526777189,0,0
1761523200,114498.3,115421.4,114275.9,114942.5,110505.84330455339,120227.20558125777,101570.53343635365,0,0
1761537600,114942.5,116373.3,114900,115517.8,110479.25861787908,120140.00654565167,101595.35475069423,0,0
1761552000,115517.8,115578.9,114766.7,115302.1,110458.31112377302,120056.3827094818,101627.57048778405,0,0
1761566400,115302.1,115393.4,114426,114915.5,110442.49126101134,119976.83499194265,101665.8247132267,0,0
1761580800,114915.5,115756.6,114725,114895.8,110431.7879423349,119901.8184888097,101709.71501386349,0,0
1761595200,114895.8,114895.8,113777.3,114061.3,110425.16894278704,119830.85221861175,101757.75028118485,0,0
1761609600,114061.3,114501.8,113507.6,113859.3,110422.19290570116,119762.84381019582,101810.04640661215,0,0
1761624000,113859.3,114343.2,113341.6,114135.7,110422.68908429658,119697.76103412344,101866.31862839274,0,0
1761638400,114135.7,114650.6,114057.1,114296.8,110426.87472989706,119633.60249643543,101928.67562418937,0,0
1761652800,114296.8,116060.5,114072.2,114592.3,110435.11924392493,119578.78209666368,101990.63202166691,0,0
1761667200,114592.3,115571.8,113500.1,113620,110446.60854532228,119532.77546876403,102051.11770663537,0,0
1761681600,113620,113650.8,112112,112836,110459.91036095959,119490.9707911335,102111.41240352696,0,0
1761696000,112836,112925.4,112030,112451.6,110474.55776901494,119449.15358315367,102174.25195703252,0,0
1761710400,112451.6,113543,112435.8,113514.9,110491.13632300147,119409.26272818442,102239.0635954119,0,0
1761724800,113514.9,113582.2,112665.3,113086.9,110509.49696867357,119370.10464852572,102306.59473933953,0,0
1761739200,113086.9,113598,111274.7,111453.8,110528.59557611682,119338.76078098324,102368.83942886989,0,0
1761753600,111453.8,111976.8,109056.2,110600.4,110546.88263835436,119317.01566167304,102421.37882253113,0,0
1761768000,110600.4,111773,109666,109948.8,110564.29644331218,119299.6122344151,102468.59498574419,0,0
1761782400,109948.8,110966.7,109665,110693.4,110580.83765216854,119281.69276162084,102514.65562525687,0,0
1761796800,110693.4,111571.9,107842.2,111324.8,110596.33889968634,119277.4064480376,102547.08366200823,0,0
1761811200,111324.8,111399,109617.5,109658.1,110610.80932845382,119274.61329630614,102576.32200325455,0,0
1761825600,109658.1,109742.5,107220,107661.1,110622.30735655216,119275.72339284285,102596.69391887162,0,0
1761840000,107661.1,108172.4,106225,106481.5,110629.71119090256,119275.9502514454,102610.23259409494,0,0
1761854400,106481.5,108312,106257.6,108261.7,110633.83864623979,119276.66414416976,102617.27506738377,0,0
1761868800,108261.7,110014.6,108223,109187.5,110636.33671043579,119277.70954532851,102621.00980446195,0,0
1761883200,109187.5,110301.6,109064.3,109398.3,110637.70955783728,119276.22795525192,102624.83133518124,0,0
1761897600,109398.3,110537.3,109154.8,110374.8,110638.42705756472,119273.62748065515,102628.39992652525,0,0
1761912000,110374.8,111147,109314.3,110132.6,110638.68736488905,119272.74800321252,102629.639601294,0,0
1761926400,110132.6,110258.2,108494.5,109797.9,110637.84796823579,119272.47871827197,102628.31404682827,0,0
1761940800,109797.9,109797.9,109251,109546.7,110635.97211703827,119265.63215810069,102630.72525416274,0,0
1761955200,109546.7,110240,109333,110183.3,110633.48327072321,119255.01448231014,102635.24493076136,0,0
1761969600,110183.3,110537.2,109874,110026.3,110630.63088612404,119239.59216188164,102643.22670313873,0,0
1761984000,110026.3,110232,109778.5,110105.2,110627.3294991365,119218.25718126282,102655.46839443306,0,0
1761998400,110105.2,110327.3,109661.7,110254.1,110623.64305316389,119192.57731469274,102670.74240742424,0,0
1762012800,110254.1,110495.1,110121.6,110240.8,110619.7903534435,119161.26608264957,102690.56733043153,0,0
1762027200,110240.8,110465,109763,110046,110615.59389169005,119126.3249460913,102712.89421165653,0,0
1762041600,110046,110215.7,109821.8,110000,110610.99621872861,119086.06733444773,102739.07568161393,0,0
1762056000,110000,110989.5,109965.6,110847.1,110606.58861596206,119045.0416503234,102766.29144450749,0,0
1762070400,110847.1,111180,110301.4,111146.2,110602.6323183019,119002.74942508427,102795.4592212046,0,0
1762084800,111146.2,111200,110008.2,110046.1,110598.66981182221,118960.64064646469,102824.47789178067,0,0
1762099200,110046.1,110283.5,109603.2,110120.1,110594.30240313272,118915.36628806393,102855.50224355872,0,0
1762113600,110120.1,110699.8,109433,110493.5,110589.7521629519,118870.7465303736,102885.643780643,0,0
1762128000,110493.5,110721.3,107835.7,107876.6,110583.6691651314,118834.9017516497,102905.3561350167,0,0
1762142400,107876.6,108039.3,106949.3,107413.1,110574.79960058614,118795.60618446498,102922.88325650795,0,0
1762156800,107413.1,107877.7,106700.5,107743.9,110563.24744135987,118753.55743304276,102937.8146559677,0,0
1762171200,107743.9,108292,105415.2,105701,110548.17218530826,118718.1151665312,102940.46832170272,0,0
1762185600,105701,107734.6,105178.2,107040.2,110529.92477206455,118687.349742568,102933.16260424165,0,0
1762200000,107040.2,107133.8,105750,106536.4,110508.48451105841,118653.8290815015,102922.30131521936,0,0
1762214400,106536.4,107266.7,105783.1,107093,110484.25378701472,118618.56088643,102907.7594910354,0,0
1762228800,107093,107254.7,104120,104431.3,110455.9250184615,118590.18220991785,102879.60726873428,0,0
1762243200,104431.3,104657.2,103550.1,104531.4,110422.66663793878,118555.10497284513,102848.08326243045,0,0
1762257600,104531.4,104813.5,102858.9,103152.6,110384.0756406709,118518.20476747201,102808.20721973591,0,0
1762272000,103152.6,103465.1,99900.1,100490.3,110338.01156281475,118487.40562785699,102749.12115025296,0,0
1762286400,100490.3,101867,98888.1,101441.9,110284.27073258739,118458.39414492255,102674.1959386924,0,0
1762300800,101441.9,102234.7,98894.6,102093.6,110223.61104459134,118433.77172733312,102582.60168966191,0,0
1762315200,102093.6,102312.3,101389.4,101944.7,110157.25053539303,118398.8183494292,102489.36614979188,0,0
1762329600,101944.7,102178.1,101122.8,102024.4,110085.40086184854,118354.75052916529,102393.82389579318,0,0
1762344000,102024.4,103750,101877.6,103676.1,110009.75691638848,118308.50321427507,102293.12592083104,0,0
1762358400,103676.1,104495.4,102990.4,103949.6,109931.29514544833,118258.63469144407,102190.33632416867,0,0
1762372800,103949.6,104500,103237.5,103835.2,109850.26866252387,118203.90296120121,102086.99732351076,0,0
1762387200,103835.2,103923.6,102662.8,103603.3,109766.403786122,118144.10513763523,101982.7725310675,0,0
1762401600,103603.3,104167,102848.2,103127.2,109679.89766314162,118079.8518943586,101877.49864523626,0,0
1762416000,103127.2,103400,102580.5,103200,109590.62890543065,118008.00162014886,101773.65754016115,0,0
1762430400,103200,103616.4,101555.5,101964.3,109498.11216014251,117935.94845779738,101663.96864926758,0,0
1762444800,101964.3,102353,100234.5,101326.1,109401.47525385967,117863.09862028094,101547.32844993603,0,0
1762459200,101326.1,101607,100455,101296.2,109300.81167311777,117783.29574119543,101429.21674269249,0,0
1762473600,101296.2,102331.7,100682.7,101858.5,109196.93322964993,117700.58191116907,101307.65738915277,0,0
1762488000,101858.5,102494.8,101530,101971.4,109090.48025454629,117611.27395550691,101187.00769000832,0,0
1762502400,101971.4,102019.1,99754.2,100339.5,108980.33553009166,117522.56702985619,101059.00366551832,0,0
1762516800,100339.5,101223.7,99201.8,100755.8,108866.45685994517,117432.72859722961,100925.0621254653,1,0
1762531200,100755.8,103368.9,100473.4,103367,108751.21310466895,117349.3678986228,100783.04266584734,0,0
1762545600,103367,104047.6,102910,103300.5,108635.8198915117,117262.35027700539,100643.90945279592,0,0
1762560000,103300.5,103378.7,102460,102520.4,108519.75782144156,117169.92551274839,100508.19599047203,0,0
1762574400,102520.4,102797,101832.8,102292.2,108402.68669542496,117072.22008549942,100375.15709708458,0,0
1762588800,102292.2,102633.4,101670,101803.3,108284.49402832585,116969.27819833653,100244.54136656619,0,0
1762603200,101803.3,102138.9,101408.7,101670,108165.04812993165,116859.69046141264,100117.30812185995,0,0
1762617600,101670,102174.1,101438.9,101940,108044.6430766997,116744.02710112372,99993.50876820204,0,0
1762632000,101940,102440,101893.3,102268.6,107923.80275213529,116621.89264074437,99874.44841392057,0,0
1762646400,102268.6,102300,101237.3,101608.3,107802.17463844108,116496.38192682873,99756.82218248017,0,0
1762660800,101608.3,102111.4,101586.4,101915.4,107680.07812796325,116364.6250991942,99643.6779284099,0,0
1762675200,101915.4,102310.5,101450,102208.5,107557.77986341096,116229.2461275929,99533.2620194941,0,0
1762689600,102208.5,104158.1,102000,103714.7,107436.72824746429,116099.81165630184,99420.06289114391,0,0
1762704000,103714.7,104788,103271.4,104776.3,107317.97374775542,115973.25491894527,99308.65092450287,0,0
1762718400,104776.3,105442.9,104050,104665,107201.96612002204,115849.23970025482,99200.1464121225,0,0
1762732800,104665,106634.8,104211.6,105982,107089.56998115241,115734.77992774294,99090.14391272963,0,0
1762747200,105982,106500,105797.3,106431.9,106981.34890757654,115619.98702426071,98988.15342094013,0,0
1762761600,106431.9,106573.9,105775,106132.5,106877.13840164852,115505.47021936235,98893.34843823117,0,0
1762776000,106132.5,106585.7,104602.1,105025.8,106776.12148004466,115397.56072011845,98798.7965011948,0,0
1762790400,105025.8,106033.8,104728.8,105765.8,106678.35486413566,115292.18312432998,98708.09180745656,0,0
1762804800,105765.8,106299.9,105200.4,105969.5,106584.0925997438,115188.41998351183,98622.48997717709,0,0
1762819200,105969.5,107481,105455.1,106411.8,106493.87448403593,115092.32637945411,98537.8057719593,0,0
1762833600,106411.8,106500,104686,104730.1,106406.49562711312,115001.29795763033,98454.03932583708,0,0
1762848000,104730.1,105458.7,104711.6,105258.1,106321.75487625266,114908.76758200717,98376.44070021361,0,0
1762862400,105258.1,105491.6,103149.2,103420.1,106238.51559438484,114823.23119280246,98295.63302174202,0,0
1762876800,103420.1,103709.8,102804,103082.4,106155.979809371,114735.09069917654,98218.35656916826,0,0
1762891200,103082.4,103200,102420.5,103009.7,106073.87786314468,114643.4694862147,98144.86263675308,0,0
1762905600,103009.7,103417.2,102626.3,103272.7,105992.49911255154,114548.92278123117,98075.21184271664,0,0
1762920000,103272.7,103627.1,102959.4,103074.1,105912.00557393719,114451.05183372476,98010.04660918577,0,0
1762934400,103074.1,105189.2,103074.1,104998.5,105833.61840209572,114359.94405621308,97942.98936150876,0,0
1762948800,104998.5,105316.9,101880,102110.2,105756.02283103559,114281.92744098642,97866.18597952816,0,0
1762963200,102110.2,102233.4,100741.8,101240.3,105677.56699177226,114203.24587019735,97788.36039383417,0,0
1762977600,101240.3,101961.8,101078.3,101595.6,105598.50905383583,114120.46171243611,97712.93374620023,0,0
1762992000,101595.6,102584.7,100855,102080,105519.25049346464,114039.28097210199,97635.76313170882,0,0
1763006400,102080,104031.9,101579,103428,105441.04521942972,113965.19482976732,97554.46856887125,0,0
1763020800,103428,103767.1,102482.7,102888.6,105363.95596904204,113890.96861908291,97475.3604438668,0,0
1763035200,102888.6,103442,101116.4,101314,105286.92932912521,113821.842681972,97392.00514025756,0,0
1763049600,101314,101484,98053.3,98619.8,105207.44475242459,113762.0144017154,97296.15363744448,0,0
1763064000,98619.8,100453,97931,99629,105125.64464655796,113705.56250224682,97193.14446147703,0,0
1763078400,99629,99901.5,98628.1,99096.3,105041.58473116672,113644.50899902782,97089.90447509669,0,0
1763092800,99096.3,99126.9,95858.6,97096.5,104953.54754534834,113589.76814567066,96973.93807712887,0,0
1763107200,97096.5,97514.7,95656.2,96123.2,104860.83289623098,113531.29328927862,96852.54133126016,0,0
1763121600,96123.2,97272.3,94500,96754.8,104763.48049271712,113474.95164620908,96720.78891178433,0,0
1763136000,96754.8,97383.4,94737.7,95740.3,104661.56877601727,113419.60980864817,96579.80658845253,0,0
1763150400,95740.3,95930.3,93905.9,94533.3,104554.17955752557,113360.13347147044,96432.28292156578,0,0
1763164800,94533.3,96777,94511.7,96381.1,104442.83877229154,113299.47276032655,96278.5289733015,0,0
1763179200,96381.1,96542.6,95871.3,96287.3,104328.20331321842,113227.90534106879,96128.01697406634,0,0
1763193600,96287.3,96311.8,95573.7,95660.9,104210.13974675482,113145.99579623695,95980.00485669283,0,0
1763208000,95660.9,96439.6,95526.6,96219.7,104089.15123222742,113055.65068639735,95833.78927515302,0,0
1763222400,96219.7,96362.9,95667.2,95961.9,103965.43006097629,112955.88900324964,95690.54560274225,0,0
1763236800,95961.9,95983,95038.1,95559.1,103838.73765162437,112848.32355285545,95548.4591849751,0,0
1763251200,95559.1,95949.8,94760.9,95774.7,103709.30951307509,112734.956262531,95406.26293970172,0,0
1763265600,95774.7,96170.1,95598.3,96060.8,103577.87427283035,112612.71933587472,95267.8889396159,0,0
1763280000,96060.8,96594.9,95456.1,95582.5,103444.59279688465,112485.66075234422,95130.20332851868,0,0
1763294400,95582.5,95860,94322,94535.7,103308.67234009887,112355.65015778184,94990.1652981954,0,0
1763308800,94535.7,95533.8,93652,93990,103169.83588009574,112224.62617333305,94845.62701136564,0,0
1763323200,93990,94706.2,92920.1,94215.9,103027.8942298575,112091.74072404028,94696.95912360975,0,0
1763337600,94215.9,95522.5,93723,95464.7,102884.14577118345,111958.29752859457,94545.44848149945,1,0
1763352000,95464.7,95847.5,94843.1,95608.9,102739.37601345156,111819.93133201974,94396.22487597472,0,0
1763366400,95608.9,95989,95246.6,95530.9,102593.94370794106,111675.51807446868,94250.89282800048,0,0
1763380800,95530.9,96046.2,93534,93912.4,102446.89443595705,111535.55251451799,94098.84062040219,0,0
1763395200,93912.4,94394.3,91556.9,91650,102296.38277859091,111400.12826088801,93936.6057557587,0,0
1763409600,91650,92370,91227.7,92171.4,102142.07609788484,111257.58714897645,93773.41336385507,0,0
1763424000,92171.4,92332.8,89655,90800.8,101983.24534825819,111117.44744422547,93599.90326436824,0,0
1763438400,90800.8,90830.8,89243.1,90455.1,101819.45418584655,110971.77187746433,93421.96736437829,0,0
1763452800,90455.1,91576.2,90455,91483.2,101652.18783245566,110818.96077898242,93243.67615875172,0,0
1763467200,91483.2,93000,90868.8,92864.8,101482.93373675556,110667.25791312585,93060.8206440183,0,0
1763481600,92864.8,93800,92545,93139,101312.93103166454,110512.01905567637,92879.58071832548,0,0
1763496000,93139,93400,92401.9,92925,101142.12798350597,110351.65657782453,92701.1915386832,0,0
1763510400,92925,92950,91620,91838.3,100969.92698085855,110187.87610652915,92523.1206440852,0,0
1763524800,91838.3,91975.2,89972.2,91812.2,100795.63823827222,110024.5107139954,92340.88497126392,0,0
1763539200,91812.2,91918.9,91024.4,91362.8,100619.73836477786,109854.65246942802,92161.15586378009,0,0
1763553600,91362.8,92346.4,89801.4,89887.9,100441.68331560648,109688.6793106937,91974.22934318287,0,0
1763568000,89887.9,90176.4,88580.3,88850.1,100260.1752447467,109518.86936972236,91784.20849262648,0,0
1763582400,88850.1,91549.6,88571.6,91509,100077.0137577924,109356.14875942194,91585.23591307855,0,0
1763596800,91509,92783,91150,92421.6,99894.13405611741,109193.12605039818,91387.05319431754,0,0
1763611200,92421.6,93150,91666.9,92295.5,99711.97772307391,109029.26596305748,91190.91478443603,0,0
1763625600,92295.5,92380,91387,91879.1,99530.19077507067,108861.13517389912,90999.04074945858,0,0
1763640000,91879.1,92500,89759.2,89809.3,99347.6929703615,108699.06403285004,90800.81955029901,0,0
1763654400,89809.3,89878,86050.2,86877.7,99161.39476551666,108547.18973126999,90587.16523372114,0,0
1763668800,86877.7,88211,86280,86583,98971.04580961844,108391.95989076702,90368.95281274428,0,0
1763683200,86583,87460,85308,85780,98776.11781033421,108234.30424059287,90144.44651478437,0,0
1763697600,85780,86300,81300.8,84000.1,98574.44959863981,108091.96785577187,89894.95062797044,0,0
1763712000,84000.1,84669.7,81602.3,82284.7,98365.4311908351,107949.8146267397,89632.00248944365,0,0
1763726400,82284.7,85469.2,80607.9,82896.8,98149.80766655106,107820.77880299957,89346.2730646958,0,0
1763740800,82896.8,85535.7,82280,84164.6,97929.27207457174,107694.1245270987,89049.81930228107,0,0
1763755200,84164.6,85373,83412.2,85097.1,97705.01449598778,107561.59644361424,88751.65647681244,0,0
1763769600,85097.1,85592.2,84166.7,84400.6,97477.56403556009,107419.97898726567,88455.38399735805,0,0
1763784000,84400.6,84767.1,83778,84544,97246.92869194478,107266.47671803951,88163.28669836668,0,0
1763798400,84544,84544,83457.5,84061.2,97013.13590152003,107102.08590115009,87874.55872832566,0,0
1763812800,84061.2,84725.6,83571.2,84253,96776.77681261944,106928.1500547062,87589.13836485421,0,0
1763827200,84253,84888,84180.8,84572,96538.63755343262,106742.66443087092,87310.06098043108,0,0
1763841600,84572,85242,84182.7,84701.5,96299.24298097196,106548.96238229857,87035.51861382491,0,0
1763856000,84701.5,86300,84633,86267.2,96060.03027925345,106352.90540199303,86763.30357288169,0,0
1763870400,86267.2,86850,85371.5,85732.4,95821.51958939212,106153.77376927885,86494.93362691437,0,0
1763884800,85732.4,86440.5,85725,86297.3,95584.11517651296,105947.05503933255,86234.79973733163,0,0
1763899200,86297.3,87203.9,86226.2,87029.6,95348.72613189499,105735.81828127286,85982.02314745137,0,0
1763913600,87029.6,87635.9,86450,87279.9,95115.82381529518,105522.20272864796,85735.70022345755,0,0
1763928000,87279.9,88082.9,86683.2,86802.8,94885.60529278664,105307.99312373986,85494.72670321801,0,0
1763942400,86802.8,88026.3,85895.7,87406.4,94658.09950490487,105098.17164966413,85255.1063566395,0,0
1763956800,87406.4,87798.1,86392.7,87010.8,94433.37073074395,104887.95215072043,85020.8372335819,0,0
1763971200,87010.8,87010.8,85645,86228.9,94210.71093027809,104676.49773835225,84791.3165395911,0,0
1763985600,86228.9,86739.9,85211.1,86576.3,93990.13024112706,104465.0608452939,84565.54288353721,0,0
1764000000,86576.3,88767.1,86576.2,88278.8,93773.52777004706,104259.89092253236,84341.87329980571,0,0
1764014400,88278.8,89172.2,88191.3,88240.1,93561.61293525845,104053.81350855196,84127.386780761,0,0
1764028800,88240.1,88247.1,87400,87759.7,93353.63002921082,103845.46364778726,83921.81934098834,0,0
1764043200,87759.7,88496,87288.4,87359.7,93149.51559199786,103637.36716619773,83723.00929942844,0,0
1764057600,87359.7,87577,86634.9,87306.8,92948.73902469165,103427.47815831137,83531.65174400003,0,0
1764072000,87306.8,87737.3,86050,86949,92751.08019080831,103220.60851234595,83343.46212978197,0,0
1764086400,86949,88126.5,86112.2,86837.3,92556.71110970461,103019.02025997601,83156.92335091629,0,0
1764100800,86837.3,87856.4,86522,87315.5,92365.88621161415,102818.55673483522,82975.84800435514,0,0
1764115200,87315.5,88200,87000.1,87069.2,92178.82826036324,102618.70013129858,82801.0525233888,0,0
1764129600,87069.2,87943.5,86840,87900,91995.68979059074,102419.19473492911,82633.0158321417,0,0
1764144000,87900,87911.4,86615,87047.2,91816.09635584388,102221.04764681704,82470.25191086571,0,0
1764158400,87047.2,87668.9,86252.6,86937.3,91639.82141950946,102024.92055634939,82311.8197397798,0,0
1764172800,86937.3,90385.6,86923.9,89926.7,91469.02071319817,101845.82737250415,82149.47991566168,0,0
1764187200,89926.7,90649.9,89468.1,90427,91304.69103668352,101670.08586932809,81996.06141789648,0,0
1764201600,90427,91848.8,90025,91037,91147.45594529422,101502.37447869132,81848.91011631893,0,0
1764216000,91037,91499,90849.4,91362,90997.39315575524,101335.68307099058,81713.8179780382,0,0
1764230400,91362,91902.7,91170.8,91334.7,90854.5364627144,101170.86071093056,81590.16082150297,0,0
1764244800,91334.7,91416,90410.7,90908,90718.15261467591,101009.06418291642,81475.69013129742,0,0
1764259200,90908,91800,90796.5,91484.4,90588.50387071326,100850.75913519702,81370.50334478081,0,0
1764273600,91484.4,91566.5,91050,91284.2,90465.34596997297,100692.97438851805,81276.56245300187,0,0
1764288000,91284.2,91378.8,90603.3,91161.7,90348.2565709756,100537.13751360682,81191.96216731425,0,0
1764302400,91161.7,91683.6,90810,90851.9,90237.13351006787,100383.95845881983,81115.95108549323,0,0
1764316800,90851.9,91977.6,90845,91371.6,90132.07951808738,100235.2942934027,81047.21810338937,0,0
1764331200,91371.6,93081,91319.2,92315.7,90033.71302975685,100095.60276924662,80983.2725680445,0,0
1764345600,92315.7,92345,90151.9,91100.8,89940.83831638424,99966.17027310618,80920.91929653772,0,0
1764360000,91100.8,91179,90628.9,90845.7,89852.9945409751,99836.60621280177,80867.73914140974,0,0
1764374400,90845.7,91071.3,90464.6,90626.4,89769.88126529129,99707.21672366213,80822.95191048144,0,0
1764388800,90626.4,90895.5,90263,90516.6,89691.20884515213,99578.11452341496,80785.95364660268,0,0
1764403200,90516.6,90691,90325.8,90630,89616.84307903987,99447.8234142349,80757.71080479656,0,0
1764417600,90630,91089,90482.8,91033.6,89546.96553579396,99318.28913487436,80736.98315301549,0,0
1764432000,91033.6,91128.9,90071.3,90603.3,89481.18650462756,99192.0052856858,80721.04919358256,0,0
1764446400,90603.3,91033.8,90346.8,90766.9,89419.49401020209,99066.87413464623,80711.5999054644,0,0
1764460800,90766.9,91031.8,90410,90881.6,89361.81951386142,98942.64517668034,80708.725469875,0,0
1764475200,90881.6,91000,90622,90922.3,89308.10815538804,98818.04241329357,80713.37973824826,0,0
1764489600,90922.3,91590,90880.9,91002.7,89258.52739687375,98695.46075331497,80723.9223794886,0,0
1764504000,91002.7,91963.7,90943.8,91398.4,89213.20189243545,98577.02044918259,80738.85126202802,0,0
1764518400,91398.4,91818.8,91000,91412.7,89171.96191603759,98461.45405407959,80758.90071243362,0,0
1764532800,91412.7,91609.1,90285.5,90308.6,89134.02639364176,98351.01492093771,80780.8101169992,0,0
1764547200,90308.6,90374.4,86127.4,86322.2,89096.2693342346,98260.08484007568,80787.0787227417,0,0
1764561600,86322.2,86517.8,85560.2,86491.9,89057.31706167944,98166.67137222152,80793.2632466625,0,0
1764576000,86491.9,86888,86076.2,86087.8,89017.42140241378,98070.2356079756,80800.26793053288,0,0
1764590400,86087.8,86639.6,83755.3,84641.3,88975.32200828783,97982.49712456415,80796.14378896881,0,0
1764604800,84641.3,85540.5,83989.1,84975.9,88930.98030928447,97894.71546005007,80788.01007392292,0,0
1764619200,84975.9,86834.2,84961.5,86244.1,88885.72398691531,97810.13302874134,80775.59741541801,0,0
1764633600,86244.1,87325.1,86148.4,86938.9,88840.42368809898,97725.2004125809,80763.41463368194,0,0
1764648000,86938.9,87237.6,86770.4,86963.1,88795.30980115158,97635.89479692656,80755.20851303432,0,0
1764662400,86963.1,87662.4,86252.1,87325.4,88750.50667931762,97548.32479939787,80746.15788670337,0,0
1764676800,87325.4,91176.5,87006.4,90780.8,88708.53952966318,97481.36111118038,80725.22681039253,0,0
1764691200,90780.8,92298.9,90156.3,91855.2,88671.00739525336,97423.69951470834,80704.67033847388,0,0
1764705600,91855.2,91960,90674.9,91241.7,88637.61365691751,97369.8731336591,80688.47480173074,0,0
1764720000,91241.7,93040.2,90945,92582.8,88609.04319700648,97325.25995593352,80673.42989727389,0,0
1764734400,92582.8,93931.1,92577.6,92979.9,88586.00818079057,97286.13277533931,80663.9201450129,0,0
1764748800,92979.9,93348.7,92583.5,92960.6,88568.10396973633,97248.78187551822,80662.2858354669,0,0
1764763200,92960.6,93685.3,91638.4,92337.8,88554.7438269694,97220.03306039229,80661.79785588865,0,0
1764777600,92337.8,93512,91723.1,93000.6,88545.9178654526,97198.26892120653,80663.77783941047,0,0
1764792000,93000.6,94189.4,92793.8,93390.1,88542.09041210717,97181.61563009124,80670.62606148193,0,0
1764806400,93390.1,94058.1,92619.8,93500.1,88542.98777029452,97170.05253722898,80681.86111442948,0,0
1764820800,93500.1,93550,92740.9,93356.1,88548.24173790312,97159.65886256054,80700.06838913981,0,0
1764835200,93356.1,93595.9,92690,92893.5,88557.51561556575,97150.78247679431,80724.34798839047,0,0
1764849600,92893.5,93240.2,91750,92920.5,88570.23759735387,97146.29169794997,80751.27574033028,0,0
1764864000,92920.5,93149.9,90800,91934.3,88585.62124001246,97150.27032888173,80776.02114655153,0,0
1764878400,91934.3,92681.2,91631.9,92031.8,88603.68016702072,97155.06477176078,80804.97046224575,0,0
1764892800,92031.8,92658.3,91926.6,92106,88624.38944781927,97158.93623080634,80839.52654998675,0,0
1764907200,92106,92457.6,91763.1,92224.4,88647.53984462259,97161.63373956256,80879.52021852581,0,0
1764921600,92224.4,92225.4,90864.3,91304.7,88672.36769783353,97166.35641309379,80920.89776127727,0,0
1764936000,91304.7,91470.4,89855.2,90405.6,88697.94273156599,97173.64541167395,80961.50979499034,0,0
1764950400,90405.6,90462.2,88002.1,89596.4,88723.04397854228,97187.23187526573,80996.01543257582,0,0
1764964800,89596.4,89706.2,88849.1,89273.7,88747.59362984117,97197.30799488067,81032.44356831629,0,0
1764979200,89273.7,89749,88986.4,89633,88771.76420455192,97203.64365550085,81071.30374574805,0,0
1764993600,89633,89717.7,89418.4,89549,88795.6499105211,97203.77728007601,81114.82561334535,0,0
1765008000,89549,89688.8,89162.7,89583.2,88819.16017967965,97199.22608763607,81161.58463968537,0,0
1765022400,89583.2,90234.6,89433,89717.6,88842.59172887995,97192.12747787728,81210.34398491835,0,0
1765036800,89717.6,89937.5,89200,89363.7,88865.64360366315,97181.92913327282,81261.01924014486,0,0
1765051200,89363.7,89572.8,88860,89185.4,88888.0273825843,97168.33927389962,81313.33180137377,0,0
1765065600,89185.4,89717.7,89126.9,89679.4,88910.04023453833,97151.11056181886,81368.03798529042,0,0
1765080000,89679.4,89750,89156.2,89331.6,88931.58544966907,97130.33616720751,81424.88951110948,0,0
1765094400,89331.6,89496.2,89013.2,89099.9,88952.46102312703,97105.32882305345,81484.0999765241,0,0
1765108800,89099.9,89675,87680,89510.2,88972.4365220551,97085.00575609523,81537.76578598114,0,0
1765123200,89510.2,91726.2,89067.6,91392.9,88993.22748915068,97074.65855966765,81584.57270357295,0,0
1765137600,91392.9,91477,88914.6,90335.4,89014.3171294176,97072.83144813539,81624.78147400043,0,0
1765152000,90335.4,91666.2,89814.1,91035.6,89036.23854923176,97075.5748331961,81662.68176745136,0,0
1765166400,91035.6,91845.6,90983.4,91526,89059.51346095096,97077.55615591587,81703.71455542617,0,0
1765180800,91526,92261.9,91444,91930,89084.46238534992,97078.96633838146,81748.31003890905,0,0
1765195200,91930,92090,89567.7,89907.4,89109.71030146873,97088.33578745124,81786.76053728386,0,0
1765209600,89907.4,90473,89620,90075.8,89134.77685372948,97095.22403705564,81826.97474112627,0,0
1765224000,90075.8,91333,90075.8,90598,89160.22939788633,97102.67030211218,81867.43455716062,0,0
1765238400,90598,90807.6,89770.3,90369.8,89185.69135366616,97109.03254475103,81908.83313110856,0,0
1765252800,90369.8,90499.6,89406.7,90459.5,89210.95290334712,97114.497004934,81950.62903449804,0,0
1765267200,90459.5,90581.5,89837.1,90340.8,89236.12381357906,97117.18738920827,81994.60885702376,0,0
1765281600,90340.8,92859.3,89941,92670.4,89262.67030844155,97131.27073666725,82031.50489192213,0,0
1765296000,92670.4,94550,92651.8,93761.7,89292.21019685961,97151.97586842324,82068.31338807193,0,0
1765310400,93761.7,93815.1,92188.4,92636.1,89323.87199890292,97176.75516139493,82105.58271497097,0,0
1765324800,92636.1,92745.7,91919.4,92363,89357.03526606571,97200.37824764778,82146.59135582259,0,0
1765339200,92363,92771.3,92326.5,92747.5,89391.85901029673,97220.97106190676,82193.21788329446,0,0
1765353600,92747.5,93292.1,91710.3,92084,89428.00377223731,97244.8496266276,82239.50049173042,0,0
1765368000,92084,92209.6,91484.6,92020.3,89464.9507527074,97266.54357652843,82289.11112572746,0,0
1765382400,92020.3,93233.2,91614.7,92921.2,89503.27242862764,97291.88133213249,82338.17319336187,0,0
1765396800,92921.2,94457.8,91812,91971.7,89543.02130785122,97326.57603909704,82381.94531488919,0,0
1765411200,91971.7,92057.2,89336.5,89829.1,89581.89027714281,97368.63313962914,82417.86709810456,0,0
1765425600,89829.1,90440,89637.1,90232.8,89619.5879879441,97406.28354441022,82455.36385203523,0,0
1765440000,90232.8,90519,89891,90197.8,89656.22351275728,97438.75177894993,82495.293379836,0,0
1765454400,90197.8,90638,89198.9,89827.5,89691.50466235532,97470.66305240362,82533.2028804633,0,0
1765468800,89827.5,91510.2,89280,90791.1,89726.06876768931,97507.24601373906,82565.83736730432,0,0
1765483200,90791.1,93544.9,90754.3,92483.7,89761.5571832412,97553.01407113906,82592.39578271497,0,0
1765497600,92483.7,92730,91393.2,92236.4,89797.76444782244,97599.07547576337,82620.02954965526,0,0
1765512000,92236.4,92688,92040,92386.3,89834.86229234352,97641.66996676814,82652.23736782678,0,0
1765526400,92386.3,92600,92040.5,92374.3,89872.74673858914,97680.36522898205,82689.19334406912,0,0
1765540800,92374.3,92630.4,89736.4,89879.9,89909.84179452088,97727.21717681401,82717.79229004453,0,0
1765555200,89879.9,90631.8,89416.7,90153.5,89945.49111314329,97771.48452270219,82745.91933505955,0,0
1765569600,90153.5,90381.8,89838.3,90230.9,89979.8020501571,97809.37375061253,82776.98206747544,0,0
1765584000,90230.9,90428.5,90069.7,90300,90012.91019470108,97840.15281626205,82811.84941457523,0,0
1765598400,90300,90372.9,90202.8,90289.6,90044.85662440596,97863.0118451378,82851.28417404891,0,0
1765612800,90289.6,90589.8,90242.6,90305.5,90075.74773192947,97879.39780904596,82894.26080547809,0,0
1765627200,90305.5,90460.9,89884,90050.9,90105.36057782246,97890.66763517568,82939.22394234402,0,0
1765641600,90050.9,90239.5,89946.9,90150,90133.7022075956,97895.3434377487,82987.44341004945,0,0
1765656000,90150,90236.2,89712.7,90186.4,90160.73496266028,97894.99631597997,83037.52423432222,0,0
1765670400,90186.4,90440.7,90072.4,90218,90186.68063075327,97889.13358459025,83090.29884471146,0,0
1765684800,90218,90296.3,90002.8,90204.2,90211.48751805622,97877.48557952509,83145.90870449187,0,0
1765699200,90204.2,90246.5,88638.6,89305.1,90234.43253300483,97867.29360642964,83196.87317907476,0,0
1765713600,89305.1,89618.4,88816.5,88977,90255.3201218796,97853.47435302653,83247.14951780366,0,0
1765728000,88977,89359.6,88429.3,88597.5,90273.88354960951,97836.61865444138,83295.74512291786,0,0
1765742400,88597.5,88777,87521.9,88116,90289.55726002832,97818.17008762977,83340.38699465379,0,0
1765756800,88116,89986,88017.6,89241.4,90303.37838899676,97803.38699769837,83378.50455688445,0,0
1765771200,89241.4,89888.9,89233.2,89709.8,90315.92951724461,97784.86053096633,83417.4848772297,0,0
1765785600,89709.8,89950,89541.1,89619.9,90327.34375924262,97761.41011904183,83458.58576165508,0,0
1765800000,89619.9,89845,86575,86989.4,90335.79180892633,97748.43661962953,83485.2767364558,0,0
1765814400,86989.4,87186.9,85080,86108.4,90339.71093813243,97737.00887046717,83502.28298066303,0,0
1765828800,86108.4,86428.5,85462,86391.7,90339.26218558323,97720.0546822732,83515.94070194497,0,0
1765843200,86391.7,86480,85323.9,85835.9,90334.41870558527,97698.7672698214,83525.18082791273,0,0
1765857600,85835.9,86585.7,85222,85959.1,90325.41980258864,97674.6807137545,83529.13368023912,0,0
1765872000,85959.1,87300,85880.7,87220.9,90313.34253240547,97649.17323058895,83528.6113494768,0,0
1765886400,87220.9,88149.6,86072.6,87933.5,90298.918748595,97626.89819830023,83520.98527808525,0,0
1765900800,87933.5,88025.2,87020,87535.5,90282.40668293585,97601.36662749064,83512.28305615971,0,0
1765915200,87535.5,87896.2,87298.8,87821.3,90264.05866681635,97570.44290380571,83504.79965576406,0,0
1765929600,87821.3,87930.5,87100,87173.9,90243.70410715416,97535.51313708778,83497.03476243744,0,0
1765944000,87173.9,87348.3,86166.3,86999.9,90220.88824114615,97498.36030190291,83486.62120897757,0,0
1765958400,86999.9,87100,86172.9,86946.9,90195.64353576365,97457.47338747793,83474.91300626949,0,0
1765972800,86946.9,90341,86775.4,87185.2,90169.45683234782,97430.09353978894,83449.89366268291,0,0
1765987200,87185.2,87739.4,85259.2,85976.9,90140.62412152671,97407.63087439202,83415.765726774,0,0
1766001600,85976.9,86425.5,85610.9,86197.3,90109.04153751914,97379.51091566819,83381.39399613596,0,0
1766016000,86197.3,86846.5,85810.2,86594.5,90075.20421863039,97347.71470328742,83345.99779520016,0,0
1766030400,86594.5,86880.9,86350,86794,90039.50477316068,97309.62616269528,83312.54305962974,0,0
1766044800,86794,87424.1,86642.8,87255.8,90002.49383344459,97267.52787126976,83280.09432870439,0,0
1766059200,87255.8,89483.5,87076.8,88484.3,89965.4944271419,97232.57858608484,83241.54625143735,0,0
1766073600,88484.3,88519.4,84415.1,84433.1,89925.99097874289,97212.35706104843,83185.76051427893,0,0
1766088000,84433.1,85816.1,84408.1,85470.1,89883.56839236151,97189.37014851329,83126.94952749331,0,0
1766102400,85470.1,87536.5,85063,86853.2,89839.66467480744,97171.4971270659,83061.03731557845,1,0
1766116800,86853.2,88362.4,86628.6,87913.9,89795.53525818164,97155.12366647014,82993.44232203472,0,0
1766131200,87913.9,88355.3,87696.4,88168.4,89751.66611388212,97134.19282669331,82930.23636475923,0,0
1766145600,88168.4,89381,87443.9,87906.4,89708.25620760267,97116.67961693622,82864.97503365492,0,0
1766160000,87906.4,88855.6,86713,87800.5,89664.88123990428,97103.27846890427,82796.28715461702,0,0
1766174400,87800.5,88441.2,87551.3,88101.1,89621.82006575196,97086.57674295652,82731.01082926724,0,0
1766188800,88101.1,88299.6,87917.7,88167.2,89579.19626360208,97063.80691116881,82671.72552356996,0,0
1766203200,88167.2,88539.9,88073.8,88238.1,89537.18487125073,97035.91939692055,82617.93699172133,0,0
1766217600,88238.1,88396.2,88058.4,88232.5,89495.74611213895,97002.34979911364,82570.04689840638,0,0
1766232000,88232.5,88307.3,87739.9,88133.9,89454.72993421735,96964.57629583144,82526.5165207325,0,0
1766246400,88133.9,88391.2,88034.7,88180.1,89414.29652227183,96921.71386234714,82488.39299238472,0,0
1766260800,88180.1,88417.3,88093.2,88314.8,89374.53107922574,96873.91648444858,82455.70216946675,0,0
1766275200,88314.8,88394,87812.7,88039.5,89335.25409317431,96822.77936251303,82426.75614600202,0,0
1766289600,88039.5,88160,87998.9,88130.6,89296.49649789813,96766.02397651922,82403.55404841302,0,0
1766304000,88130.6,89046.3,88087.5,88567.2,89258.73213760155,96709.16044821579,82382.28132564758,0,0
1766318400,88567.2,88888.3,87533.7,88024.9,89221.54631855666,96654.17579029033,82360.4801591412,0,0
1766332800,88024.9,88598.9,87902.5,88450.7,89185.11407243818,96597.3194207318,82341.66972553403,0,0
1766347200,88450.7,88783.1,88039.4,88629,89149.59962090524,96539.17935191911,82325.65437080976,0,0
1766361600,88629,89606.8,87844.9,88739.2,89115.23619089859,96486.10016281896,82307.45473139062,0,0
1766376000,88739.2,89170,88669.1,89132.5,89082.25805142516,96430.7636896939,82293.74523131388,0,0
1766390400,89132.5,90110.9,89050.2,89900.9,89051.30632742234,96377.28606853182,82282.20032032716,0,0
1766404800,89900.9,90588.8,89124.6,89687.7,89022.42950558028,96328.0729364691,82270.85535389827,0,0
1766419200,89687.7,90091.3,87914.2,88002.1,88994.47479063037,96286.0538671438,82255.074594585,0,0
1766433600,88002.1,88784.3,87855.1,88578.3,88967.17324731115,96243.4190515142,82241.03002180852,0,0
1766448000,88578.3,88896,87745.9,88127.2,88940.37728989372,96201.38138104187,82227.41294261208,0,0
1766462400,88127.2,88401.1,86987.6,87522.7,88913.48641297834,96160.91169370986,82212.2827962748,0,0
1766476800,87522.7,87847.2,87260.1,87810.1,88886.53308517873,96117.09096291481,82199.9051859671,0,0
1766491200,87810.1,87930,86542.2,87410.2,88859.20811620064,96074.52603194109,82185.76966399142,0,0
1766505600,87410.2,88250,87106.1,87708.6,88831.94096312752,96032.1344357686,82171.59580634511,0,0
1766520000,87708.6,88345.8,87113.8,87444,88804.7032279081,95990.41048354217,82156.90792101524,0,0
1766534400,87444,87800,86800.1,87299.8,88777.19246672414,95947.66799657843,82142.58946402781,0,0
1766548800,87299.8,87428.2,86731.8,86864,88749.16071754087,95901.89264238713,82129.90704405191,0,0
1766563200,86864,87328.8,86672.4,87159.1,88720.7032352307,95853.07934460198,82119.04339823544,0,0
1766577600,87159.1,87444,86363.3,87011.9,88691.75487961753,95803.82474032143,82107.65493911915,0,0
1766592000,87011.9,87662.5,86880.2,87530,88662.77611970456,95752.84347629189,82097.69635926513,0,0
1766606400,87530,88032.9,87466.9,87636.3,88634.1431370665,95699.33721563467,82090.55107602701,0,0
1766620800,87636.3,87943.6,87478.7,87806.8,88605.89884136617,95642.91083385181,82086.64124751452,0,0
1766635200,87806.8,87832,87612.7,87799.9,88578.0586682014,95582.31057396645,82087.07689019131,0,0
1766649600,87799.9,87864,87203.4,87484.8,88550.40681868157,95520.14860122469,82089.22057365262,0,0
1766664000,87484.8,88565.5,87339.1,88339.1,88523.51074478401,95460.45022882066,82090.66619524473,0,0
1766678400,88339.1,88458.6,87910.6,88114.1,88497.44067756427,95399.26040561234,82094.94469013998,0,0
1766692800,88114.1,88137.8,86902.2,87178.1,88471.45094797402,95339.98918951831,82097.73988206302,0,0
1766707200,87178.1,89404.9,86815.9,88796.4,88446.46993157853,95291.4492286575,82093.17946866777,0,0
1766721600,88796.4,89539,88310,88440,88422.88601098488,95245.63265190485,82088.87434331361,0,0
1766736000,88440,88890,88371.8,88500.9,88400.49161981604,95198.17711863379,82088.19911421972,0,0
1766750400,88500.9,89069,86618.6,87101.2,88378.29605336367,95159.51111424957,82080.32094572611,0,0
1766764800,87101.2,87546,86763.2,87453,88355.97835404893,95119.19494694685,82073.64365578818,0,0
1766779200,87453,87749,87267.3,87328.8,88333.75536291608,95075.75906442064,82069.84002334932,0,0
1766793600,87328.8,87491.2,87200.1,87471,88311.5851659294,95028.2062894602,82069.6967673292,0,0
1766808000,87471,87670,87368.5,87492.1,88289.60671086283,94976.95467050452,82073.11637019271,0,0
1766822400,87492.1,87635.2,87328,87434,88267.78967087062,94922.20894725318,82079.87129450926,0,0
1766836800,87434,87558,87268.2,87518.4,88246.131128315,94864.06191642444,82089.88210916452,0,0
1766851200,87518.4,87550.6,87400,87526.6,88224.68824940281,94801.95457604206,82103.74618870307,0,0
1766865600,87526.6,87958,87454,87835.6,88203.72196369045,94738.45734227753,82119.73032387756,0,0
1766880000,87835.6,87935,87681.1,87700,88183.25383180147,94672.25914409594,82139.01650459225,0,0
1766894400,87700,87807.6,87562.8,87711.1,88163.20597833021,94603.41627260344,82161.41863185994,0,0
1766908800,87711.1,87982.6,87679,87850,88143.7183955087,94532.60658491548,82186.6165893545,0,0
1766923200,87850,88064,87766,87798.9,88124.8232319727,94459.9967878789,82214.53243435813,0,0
1766937600,87798.9,87901,87445.5,87487.9,88106.25609597165,94386.38792839045,82243.98171840623,0,0
1766952000,87487.9,88041.1,87365.8,87909.9,88088.1765407297,94313.34291518583,82273.90320846495,0,0
1766966400,87909.9,90150,87768.5,90100.1,88072.0853081426,94252.23561258937,82297.16950595789,0,0
1766980800,90100.1,90422,89444.5,89582.8,88058.36313873153,94194.97207770003,82321.54166653742,0,0
1766995200,89582.8,89788,87515.1,87525.5,88045.44926732282,94147.38029345697,82338.99990123743,0,0
1767009600,87525.5,88148.8,86753,87641.3,88032.58423671631,94103.36203918114,82353.44327196144,0,0
1767024000,87641.3,87962.2,87266,87323.5,88019.78118488174,94058.72832265247,82368.55864410628,0,0
1767038400,87323.5,87567.3,87029.3,87184.6,88006.80016070588,94012.37767372599,82384.86320818798,0,0
1767052800,87184.6,87379.4,86779.2,87328.7,87993.56617156856,93964.70165076143,82401.8759338813,0,0
1767067200,87328.7,87564.5,87090.9,87441.5,87980.30093233487,93915.2720023996,82420.39007187699,0,0
1767081600,87441.5,88200,87441.5,87867.1,87967.47483171857,93866.33373301088,82439.31898181346,0,0
1767096000,87867.1,89127,87783.3,88969.2,87955.84154097894,93822.04816766277,82456.41842477076,0,0
1767110400,88969.2,89373,87909.3,88190.1,87945.22998560694,93782.78192094038,82471.03912679225,0,0
1767124800,88190.1,88553.2,87823.4,88458,87935.40153252178,93743.95742939081,82486.75493041945,0,0
1767139200,88458,88849.3,88126.6,88425,87926.51272570767,93705.73150598536,82503.72219345215,0,0
1767153600,88425,88613.4,88272.7,88575.4,87918.55045253274,93665.95083765086,82523.81409197689,0,0
1767168000,88575.4,89059.8,88350.2,88976.2,87911.77700643339,93627.1372591088,82545.30430681283,0,0
1767182400,88976.2,89194.3,87730.5,87911.8,87905.65197798236,93593.08318895652,82563.83256520334,0,0
1767196800,87911.8,88012.8,87342,87500,87899.51567804611,93558.43236699217,82582.88067640769,0,0
1767211200,87500,87842,87177.8,87594.9,87893.29700766414,93523.13213109117,82602.36246203796,0,0
1767225600,87594.9,88054,87574,87822,87887.27499277056,93486.45930197256,82623.4426175545,0,0
1767240000,87822,87829.4,87515,87586.5,87881.27956597158,93447.38350285341,82646.71528140355,0,0
1767254400,87586.5,87991.4,87581.4,87980.5,87875.51592635261,93406.81113462147,82671.76885198722,0,0
1767268800,87980.5,88098.6,87754.3,87992.1,87870.07336256269,93364.56783931667,82698.92927722311,0,0
1767283200,87992.1,88499,87836.3,88356.3,87865.21484028711,93322.87492756773,82726.72680649729,0,0
1767297600,88356.3,88891.9,88209.1,88810.1,87861.30943264642,93282.26079020168,82755.38810729708,0,0
1767312000,88810.1,89100,88325.9,88919.8,87858.4578711148,93243.37576590703,82784.52550741761,0,0
1767326400,88919.8,89061.8,88530.4,88838.9,87856.64420497653,93204.82850689454,82815.3439538689,0,0
1767340800,88838.9,89946,88774.3,89468.5,87856.38266340994,93170.82294218166,82845.07671988133,0,0
1767355200,89468.5,90100,88413.6,89361,87857.50662058695,93143.99610529476,82871.05763489674,0,0
1767369600,89361,90958.5,89151.8,89857,87860.61481162587,93125.34403545377,82893.52071695974,0,0
1767384000,89857,90370.6,89575.1,89953.8,87865.59691064808,93108.85450301309,82917.60393437823,0,0
1767398400,89953.8,90360,89908.1,90284.2,87872.5718989829,93092.73924104264,82945.12499141967,0,0
1767412800,90284.2,90447.8,89255.1,89525,87881.03064025735,93080.71287447758,82971.81347126846,0,0
1767427200,89525,89946.1,89371.6,89706.6,87890.8367516125,93069.08528064349,83000.69955136009,0,0
1767441600,89706.6,90200,89613,89934.3,87902.15041954599,93058.1524174933,83031.82308751691,0,0
1767456000,89934.3,90187.8,89866.9,90093,87915.02169959815,93046.5366022811,83066.50975605822,0,0
1767470400,90093,90706.4,89988.1,90599.9,87929.73072546709,93036.86518078814,83102.9455950512,0,0
1767484800,90599.9,91586.4,90599.9,91184.2,87946.83159616891,93031.19492959624,83140.34011557398,0,0
1767499200,91184.2,91775.6,91143.5,91493.7,87966.52847012877,93027.72803824741,83180.68488036741,0,0
1767513600,91493.7,91583.6,91117.8,91258.7,87988.551140993,93025.31231829773,83224.50028870605,0,0
1767528000,91258.7,91379.5,90967.7,91283.8,88012.67706140308,93023.50356997707,83271.7649436598,0,0
1767542400,91283.8,91403.4,90809,91086.5,88038.69026866056,93023.17759023632,83321.28814566178,0,0
1767556800,91086.5,91550.6,91062.3,91490.7,88066.7354882071,93023.9427246792,83373.69576458768,0,0
1767571200,91490.7,93396,91469,92841.5,88097.81005769028,93034.71838421522,83422.87988564155,0,0
1767585600,92841.5,92926.3,92108.2,92487,88131.69916457073,93048.96382473924,83474.2922260173,0,0
1767600000,92487,93129.9,92275.6,93103.6,88168.55375801797,93067.02279991306,83527.90964951515,0,0
1767614400,93103.6,93996.4,92350,93905,88208.74458183163,93093.52956120059,83580.27305847984,0,0
1767628800,93905,94482.4,93200.2,94246.2,88252.60133547043,93126.61787540982,83633.6787501229,0,0
1767643200,94246.2,94749.9,93754,93825.5,88300.04952585642,93164.5448716274,83689.5490340466,0,0
1767657600,93825.5,94116.4,93469,93715.8,88350.5827119386,93204.89568198033,83749.09288212674,0,0
1767672000,93715.8,93961,93054.6,93207.7,88403.69668632757,93248.590965361,83810.527396723,0,0
1767686400,93207.7,93862.9,93128.1,93814.7,88459.41106522706,93294.7105377939,83874.71659325062,0,0
1767700800,93814.7,94405,93290.4,93597.9,88517.71343943516,93345.29241152217,83939.80446279891,0,0
1767715200,93597.9,93727,91217.2,92077.3,88577.13310676784,93406.42995581604,83997.52043971074,0,0
1767729600,92077.3,93841,92077.2,93714.6,88638.3706770505,93474.34609013348,84052.58859694246,0,0
1767744000,93714.6,93714.6,92201.4,92779.9,88701.00601674708,93547.03055516706,84106.0204871294,0,0
1767758400,92779.9,92889,92470,92845.2,88764.77125547914,93618.10904984239,84163.03956580289,0,0
1767772800,92845.2,92935.4,91533.4,92051,88829.03921051881,93692.44093229802,84218.08769787116,0,0
1767787200,92051,92259.1,90922.5,91309.4,88893.09705701628,93768.84852949558,84270.87277180862,0,0
1767801600,91309.4,91772,90624.3,91156.6,88956.59956903766,93845.84620467067,84322.07632959966,0,0
1767816000,91156.6,91450,90728.7,91332,89019.49702968563,93920.95491088279,84373.8317922488,0,0
1767830400,91332,91641.4,90555.3,90760.1,89081.58128245485,93996.03269950856,84424.07510060898,0,0
1767844800,90760.1,91147.9,89586.5,90489.9,89142.2799742866,94073.15639993073,84469.85711026861,0,0
1767859200,90489.9,90720.1,89722,90189,89201.40517194597,94148.80756730767,84513.98260101414,0,0
1767873600,90189,90794.7,89262,90737.8,89259.01878790173,94226.067842319,84553.80360678452,0,0
1767888000,90737.8,91433,90250.1,90895.5,89315.69576051195,94303.35610733683,84591.83043395096,0,0
1767902400,90895.5,91471.4,90512.1,91061.9,89371.56945549487,94379.49035429994,84629.37654096416,0,0
1767916800,91061.9,91597.3,90795,91197,89426.79261014002,94453.73741454205,84667.3880297484,0,0
1767931200,91197,91212.2,90699.7,90708.8,89481.03409124333,94524.1659756433,84706.96757167298,0,0
1767945600,90708.8,90821.9,89650.1,90413.9,89533.73211834049,94594.04407175517,84744.1217436261,0,0
1767960000,90413.9,92001.6,89785,91146.1,89585.55249659966,94669.85161282195,84774.30860400802,0,0
1767974400,91146.1,91747.8,90128.7,90280,89636.2366947193,94747.64163967384,84800.5796212597,0,0
1767988800,90280,90695,90076.6,90608.4,89685.53713721198,94821.37922896542,84827.8693791996,0,0
1768003200,90608.4,90758,90481.6,90592.1,89733.609345583,94889.37001054935,84857.98404279114,0,0
1768017600,90592.1,90650,90373.7,90643.7,89780.40706087077,94951.7341193193,84890.72439568667,0,0
1768032000,90643.7,90812.1,90575.8,90691.5,89826.07098467104,95008.55623982828,84926.27767309123,0,0
1768046400,90691.5,90754.9,90490.2,90623,89870.53820942831,95060.10502149179,84964.28271593303,0,0
1768060800,90623,90734.7,90467,90590.6,89913.79281739968,95106.54457602142,85004.5617244364,0,0
1768075200,90590.6,90618.5,90332.8,90479.6,89955.72939470348,95148.02808903491,85046.77830381296,0,0
1768089600,90479.6,90709.6,90404.5,90701.3,89996.48674938122,95184.96425277676,85090.83016223618,0,0
1768104000,90701.3,90838.5,90545.8,90677.7,90036.15482172742,95217.52093614273,85136.7384424834,0,0
1768118400,90677.7,90780.9,90562.6,90715.6,90074.7410719843,95245.43011907718,85184.75867074625,0,0
1768132800,90715.6,91174.1,90660,90835.4,90112.44955600692,95270.74152396388,85233.44560030916,0,0
1768147200,90835.4,91254.5,90615.5,90642.8,90149.23159167402,95294.1959755059,85282.04549475588,0,0
1768161600,90642.8,91000,90176.4,90962.6,90184.97197616841,95316.78799244246,85329.45078874417,0,0
1768176000,90962.6,92500,90624.7,91773,90220.5592449971,95345.3312925213,85371.24157141082,0,0
1768190400,91773,92250,91339.9,91363.1,90255.98363054969,95374.11557075947,85412.50980277042,0,0
1768204800,91363.1,91592.7,90309,90572.2,90290.429007966,95404.43495965401,85450.55136996655,0,0
1768219200,90572.2,91650,90068,91634.2,90324.18473364756,95438.19294953528,85484.2081106044,0,0
1768233600,91634.2,92300,90955.9,91820.9,90357.79652431534,95474.37565059343,85515.42062562655,0,0
1768248000,91820.9,92018.3,90875.6,91248.7,90390.94172680698,95511.41019189898,85544.98703184279,0,0
1768262400,91248.7,91517.8,91003,91380.8,90423.53186865918,95545.60375990102,85576.04739354773,0,0
1768276800,91380.8,92248,91299.8,91920,90456.05737798025,95579.99406342853,85606.80921300895,0,0
1768291200,91920,92660,91893.1,91964.5,90488.82232699404,95613.84654825786,85638.5059458262,0,0
1768305600,91964.5,93415,91717.5,93414.9,90522.42449204433,95653.01191811587,85667.02889536442,0,0
1768320000,93414.9,94210,93034.6,94180,90557.69474517876,95695.1857071593,85696.0150812211,0,0
1768334400,94180,96654,94026.2,95389.5,90595.96061354018,95749.4821476576,85719.8169159071,0,0
1768348800,95389.5,95680,95099,95675.6,90637.17691503117,95804.3462158545,85748.69683487447,0,0
1768363200,95675.6,95774.6,94509,95189,90680.87968462151,95863.12168786261,85778.7832859394,0,0
1768377600,95189,95317.5,94694.3,94760.3,90726.70782793898,95921.86642681091,85812.92066055421,0,0
1768392000,94760.3,97090.1,94635.3,96708.6,90775.64834743817,95991.59416313896,85843.12412702925,0,0
1768406400,96708.6,97750.2,96200,97216.4,90828.35135582527,96067.66237557236,85874.78039972551,0,0
1768420800,97216.4,97963.2,96735.2,96900,90884.74000014232,96148.12428367452,85909.48628933351,0,0
1768435200,96900,96948.3,95714.3,95933,90943.69899328776,96231.86478730488,85946.13026425343,0,0
1768449600,95933,96714.2,95913,96597.1,91005.25723089823,96316.53557546774,85986.86398113563,0,0
1768464000,96597.1,97174.5,96235.2,96530.9,91069.466528081,96402.97667202077,86031.03368815735,0,0
1768478400,96530.9,97113.1,95347.7,96694.8,91135.91840808785,96495.28580043332,86074.21134813975,0,0
1768492800,96694.8,97034.9,95100,95458.6,91203.98104588111,96593.5710528354,86115.11167826601,0,0
1768507200,95458.6,95835,95071.8,95559.9,91273.17838763572,96690.78429878938,86159.12212727267,0,0
1768521600,95559.9,95818.2,95268.5,95296.6,91343.37325579139,96785.67885446602,86207.09113682911,0,0
1768536000,95296.6,95800,95072.9,95621.6,91414.49319089158,96879.27421116986,86257.9703800472,0,0
1768550400,95621.6,95819,95201.6,95377.5,91486.40393423734,96970.89985222902,86312.10102796677,0,0
1768564800,95377.5,95767.4,94241.3,94544.4,91558.43459328101,97064.98222121668,86364.27631611675,0,0
1768579200,94544.4,95206.5,94452.6,94967.4,91630.53580771157,97157.09711609404,86418.34041599307,0,0
1768593600,94967.4,95557.6,94629.7,95504.9,91702.96818599723,97248.54037339626,86473.63077978436,0,0
1768608000,95504.9,95553.6,95139.4,95319.1,91775.74963072798,97336.51122497789,86532.67015923891,0,0
1768622400,95319.1,95341.3,94989.1,95053.4,91848.60287487984,97420.52429862553,86595.3648967008,0,0
1768636800,95053.4,95269,94967.9,95269,91921.49493442892,97500.42167831742,86661.7916675051,0,0
1768651200,95269,95653.3,95140.8,95530,91994.61031105346,97577.73156498774,86730.9394320787,0,0
1768665600,95530,95530,95164,95247.2,92067.75266183195,97651.5526529578,86803.23916942367,0,0
1768680000,95247.2,95378.9,94970.1,95103,92140.7003330302,97722.03968659777,86878.1360385955,0,0
1768694400,95103,95198.6,94816.4,95154.6,92213.30516417313,97789.02723013506,86955.49889548866,0,0
1768708800,95154.6,95220,94980,94988,92285.5192591118,97851.81078407995,87035.86573085176,0,0
1768723200,94988,95269,94973.9,95137.8,92357.35152172841,97910.87644506774,87118.82366709017,0,0
1768737600,95137.8,95339.9,94840.9,95060,92428.70687117202,97967.41348171714,87203.1377604081,0,0
1768752000,95060,95480,95013.9,95328.2,92499.72010804716,98021.47938140569,87289.01332711514,0,0
1768766400,95328.2,95490.5,93545,93624.6,92569.34497521057,98080.39197308623,87367.95863836823,0,0
1768780800,93624.6,93624.6,91800.2,92636.7,92636.10698147333,98141.859285982,87439.22704456748,0,0
1768795200,92636.7,92814.5,92340.1,92780.1,92700.02130535145,98197.94795447485,87509.91368981065,0,0
1768809600,92780.1,93314,92631.3,93144.7,92761.51757788277,98250.40177936167,87579.2769038767,0,0
1768824000,93144.7,93190.1,92648.3,93010.1,92820.5610101189,98298.4380133693,87647.94965573524,0,0
1768838400,93010.1,93377,92869.7,93050.7,92877.34245956282,98342.14597683259,87716.2142097557,0,0
1768852800,93050.7,93299.9,92111.2,92584.3,92931.4837045285,98385.14517646434,87780.12827073623,0,0
1768867200,92584.3,92847.1,92203.1,92396.4,92982.86672643913,98424.11809244065,87842.42797630688,0,0
1768881600,92396.4,92435.6,90720.5,91124.9,93030.52807742554,98464.3711666666,87896.55640734495,0,0
1768896000,91124.9,91415.9,90610.1,91177.3,93074.22530171648,98500.179634884,87947.16362574766,0,0
1768910400,91177.3,91339,89800.5,90635.2,93113.61275615073,98535.53149703833,87990.03515562296,0,0
1768924800,90635.2,90920,89228.2,89680.8,93148.18912372943,98570.68560807372,88023.9909411707,0,0
1768939200,89680.8,89826,87773.1,88379.9,93176.83293477747,98606.56053000632,88046.09094050586,0,0
1768953600,88379.9,89560,88202.2,89382.6,93200.16292366057,98639.32632290476,88060.9255233717,0,0
1768968000,89382.6,90099.6,89048.3,89175,93218.77985257238,98667.61491939731,88070.85206530128,0,0
1768982400,89175,89452.7,88642.2,88750.9,93232.37122472608,98689.65871803412,88076.8578703854,0,0
1768996800,88750.9,90542.2,88145.2,90235.2,93241.83805574436,98715.90246740289,88071.325355958,0,0
1769011200,90235.2,90440.3,87212,90329.5,93247.0338383484,98750.88807917634,88049.93543631345,0,0
1769025600,90329.5,90361.5,89311.5,89410.1,93248.50763632277,98781.43385178683,88025.49059419286,0,0
1769040000,89410.1,90337.9,89410,89849.5,93246.59146995819,98807.15355792579,87998.96067917663,0,0
1769054400,89849.5,90174.1,89747,89772.6,93241.46684677996,98825.28357291258,87973.14639957312,0,0
1769068800,89772.6,90100,89701.9,89895,93233.27972441222,98835.96281842214,87948.19416228017,0,0
1769083200,89895,90296.8,88462.3,88945.4,93221.50465412706,98847.39588660735,87915.8105484988,0,0
1769097600,88945.4,89883.9,88621,89730.9,93206.4886630661,98856.32150205292,87879.55486203138,0,0
1769112000,89730.9,89909.2,89104,89511.7,93188.48557897191,98860.18791966425,87842.17415770161,0,0
1769126400,89511.7,89946,89399,89896,93167.88390076187,98857.91722986646,87805.3557446728,0,0
1769140800,89896,90062.7,89353.3,89483.2,93144.70406607991,98850.6235572896,87768.14534234478,0,0
1769155200,89483.2,89582.2,88806.8,89168.3,93118.63288740412,98838.4756715773,87729.80088879152,0,0
1769169600,89168.3,89822.8,88500,89707.1,93089.98238736078,98825.14785516176,87687.64842709534,0,0
1769184000,89707.1,91180,89432.5,89936.6,93059.73530586477,98814.0087723608,87640.55261787871,0,0
1769198400,89936.6,90113.7,89162,89551.7,93027.41885453444,98799.69979674865,87592.3780794907,0,0
1769212800,89551.7,89883.4,89375,89724.4,92993.20856830095,98779.78853773835,87545.60996578459,0,0
1769227200,89724.4,89810.1,89513.8,89570.1,92957.19267486181,98753.24570637211,87501.32320394018,0,0
1769241600,89570.1,89650,89532.7,89545.3,92919.43161695071,98719.26687178554,87460.34128505898,0,0
1769256000,89545.3,89550,89105.7,89236.1,92879.76095765985,98679.8736618866,87420.56181699318,0,0
1769270400,89236.1,89432.9,89113.2,89281.7,92838.28362499987,98634.5809642984,87382.60782550104,0,0
1769284800,89281.7,89455.7,89156.3,89177.1,92795.10833026473,98583.56192936102,87346.53081611756,0,0
1769299200,89177.1,89271.8,88800.1,88915.5,92750.08522804035,98527.87520202911,87311.11162368378,0,0
1769313600,88915.5,89074.5,88586.3,88620,92703.10444463739,98467.63979435412,87276.03902786036,0,0
1769328000,88620,88726.9,88100,88522.8,92653.98698741593,98403.63661746199,87240.28501138599,0,0
1769342400,88522.8,88937.4,88314,88407.9,92602.98171799141,98336.18066995751,87204.03990311245,0,0
1769356800,88407.9,88417.3,86142.3,86453.1,92548.64771100027,98273.93243173268,87156.90907235043,0,0
1769371200,86453.1,86997.7,86031.4,86625.6,92490.72332395468,98208.31429783587,87106.00484440698,0,0
1769385600,86625.6,87929.7,86446.8,87241.2,92430.10047314588,98143.35558737307,87049.4331719692,0,0
1769400000,87241.2,88043.4,87188,87964.3,92367.49790083317,98075.8191015054,86991.41895139636,0,0
1769414400,87964.3,88355,87555,87816,92303.24708525072,98005.72591921265,86932.56789408303,0,0
1769428800,87816,88843.9,87268.8,87598.9,92237.48203426138,97937.91164172551,86868.84322328195,0,0
1769443200,87598.9,88524.2,86923.3,87969.1,92170.23757539567,97872.42595868668,86800.2668932605,0,0
1769457600,87969.1,88631.2,87489.5,88305.1,92101.98808372613,97806.79529172205,86729.92693067793,0,0
1769472000,88305.1,88893.3,88150,88740,92033.30234550052,97739.16098267182,86660.54276974998,0,0
1769486400,88740,88977.7,88225.6,88282.8,91964.169456941,97669.62433999794,86592.00361479694,0,0
1769500800,88282.8,88364.6,87688.1,87937,91894.17741273607,97597.38483790832,86524.24300495627,0,0
1769515200,87937,88400,87502,87990.6,91823.40269234723,97523.93422262388,86456.0822859522,0,0
1769529600,87990.6,88786.4,87234,88373.1,91752.11967305998,97453.49286424255,86384.29693050438,0,0
1769544000,88373.1,89499.8,88331.3,89202.3,91681.30203122538,97384.56035712907,86312.05102036944,0,0
1769558400,89202.3,89460.4,88923.8,89080,91611.14179676713,97313.53976112955,86242.89407114623,0,0
1769572800,89080,89366.3,88800,89105,91541.61526507865,97240.70837850143,86176.53516798478,0,0
1769587200,89105,90132,88815.6,90039.7,91473.32801745774,97171.21070059482,86109.55527117045,0,0
1769601600,90039.7,90455.7,88836.3,89439.8,91406.20782937338,97106.63464831353,86040.41175977158,0,0
1769616000,89439.8,90597,88951.1,89350.5,91340.32316601185,97047.02062918489,85969.19907464404,0,0
1769630400,89350.5,89864.1,88813,89261.7,91275.36839347144,96988.42467986846,85898.83692680701,0,0
1769644800,89261.7,89312.7,87650,88012.2,91210.38655443165,96933.4998362693,85825.17529503282,0,0
1769659200,88012.2,88389.8,87857.8,88314.5,91145.30644190198,96875.30952894843,85754.22289521323,0,0
1769673600,88314.5,88458.8,87690.6,87786,91079.9888539837,96815.24259492928,85684.4867326323,0,0
1769688000,87786,88142.7,84300.3,84891.6,91012.28460407747,96769.82897814317,85597.29862418672,0,0
1769702400,84891.6,85595.7,83311,83967.6,90940.83516028059,96727.66460258109,85500.20858695108,0,0
1769716800,83967.6,84703.2,83773.2,84599.8,90865.95311077761,96680.35061441534,85401.23595185792,0,0
1769731200,84599.8,84692.3,81000,82628.9,90786.20847604924,96643.91325108941,85283.54629062754,0,0
1769745600,82628.9,83297.9,82009.8,82755.3,90701.81374215204,96602.66681445854,85161.4068990146,0,0
1769760000,82755.3,83263.5,82081.7,83103.7,90613.20423110088,96556.33862542531,85035.87540616556,0,0
1769774400,83103.7,83771.2,82316.3,82838.7,90520.83193068371,96507.06331789619,84905.9201649502,0,0
1769788800,82838.7,84635.7,81832,84210.7,90425.5769044592,96464.10513171264,84765.05273479328,0,0
1769803200,84210.7,84481.5,83505,84222.5,90328.20023405837,96416.29146569493,84624.53423057859,0,0
1769817600,84222.5,84254.3,83778.4,83990.6,90228.83512907253,96360.71348855316,84487.1565808452,0,0
1769832000,83990.6,84116.4,83360.3,83506.1,90127.31508071041,96299.14352362993,84351.04016957786,0,0
1769846400,83506.1,83599.1,82530,82978.6,90023.1920681048,96233.21578218619,84213.90726954235,0,0
1769860800,82978.6,83113.3,80750,81255.2,89915.29248541668,96170.00001620527,84067.37882266502,0,0
1769875200,81255.2,82264.5,75689.6,77719.1,89800.49698973258,96134.08291707309,83884.18565930697,0,0
1769889600,77719.1,79239.7,77033.2,78704.4,89678.99179922279,96095.40559238924,83691.01020540381,0,0
1769904000,78704.4,79388.5,78252,78829.7,89551.76656986908,96047.53997823667,83495.30761122519,0,0
1769918400,78829.7,79074.3,77836.9,78315.5,89418.76890259288,95991.15930033059,83296.38156612798,0,0
1769932800,78315.5,79187,78116,78715.1,89280.70089297713,95925.89728918583,83095.8456183225,0,0
1769947200,78715.1,78734.5,76725.4,77564.3,89136.84972364691,95857.37856153093,82887.49492096601,0,0
1769961600,77564.3,78409.1,76950.6,77143.8,88987.45053931895,95781.95095847618,82674.93274302498,0,0
1769976000,77143.8,77770.7,75663.2,76938.5,88832.13701162593,95703.65392885092,82453.9946188346,0,0
1769990400,76938.5,78177.9,74567.3,76268.9,88670.85176593927,95632.39265197217,82216.07485562612,0,0
1770004800,76268.9,76932.9,74849.3,76606.1,88503.82058524631,95557.42246314438,81970.88259895828,0,0
1770019200,76606.1,77939,76576.2,77727.2,88332.92659191735,95475.4635951428,81724.72409644329,0,0
1770033600,77727.2,79388,77492.3,78794.9,88159.78767895757,95391.63644572417,81476.20119737717,0,0
1770048000,78794.9,79245.4,78228.6,78290.1,87984.7286838861,95300.34774118525,81230.6845154516,0,0
1770062400,78290.1,78951.1,77850.9,78693.9,87807.93238836294,95202.5054771704,80987.71089767416,0,0
1770076800,78693.9,79177.7,77600.1,78709.6,87629.66817440902,95101.64136604132,80744.75512784385,0,0
1770091200,78709.6,78967.5,77909.8,78755.2,87450.24904176652,94994.64406586908,80505.02354810861,0,0
1770105600,78755.2,79040,77870.9,78034.7,87269.67607834154,94882.36790108102,80267.77294131891,0,0
1770120000,78034.7,78417.2,77004.1,78097.1,87087.68547028907,94766.29872623047,80031.24594411053,0,0
1770134400,78097.1,78106.3,72889.7,74889.3,86901.75259651632,94669.76075611213,79771.13857719938,0,0
1770148800,74889.3,76913.8,74543.8,75723.2,86712.74931005739,94573.12897108016,79505.67962288899,0,0
1770163200,75723.2,76991.2,75414,76673,86521.7242022164,94471.85042733363,79240.62802900774,0,0
1770177600,76673,76812.2,76076,76484.2,86329.08867517894,94360.71534319362,78981.08364673906,0,0
1770192000,76484.2,76578.8,75635.2,75998.9,86134.70739445645,94241.24729980201,78725.48412190017,0,0
1770206400,75998.9,76244.9,73728.3,74094.8,85937.35487629539,94123.06355934229,78463.54213150026,0,0
1770220800,74094.8,74213.5,72090.4,73894.6,85735.94950892936,94002.33736699681,78196.49217337885,0,0
1770235200,73894.6,74136,71805.2,73130.3,85530.4873074166,93880.32836749339,77923.29219821065,0,0
1770249600,73130.3,73312.1,71120.2,71189.1,85320.08629164094,93754.97942252156,77644.0586905445,0,0
1770264000,71189.1,71600,70085.7,70716.4,85103.98734554753,93620.67379194967,77362.06511615499,0,0
1770278400,70716.4,71936.3,69865.8,70287.8,84882.59308134843,93481.79875818951,77074.41131777086,0,0
1770292800,70287.8,70866.3,66655.2,67450.8,84653.62439121916,93351.81536398332,76765.89999485397,0,0
1770307200,67450.8,68668.8,65148.5,65232.2,84415.32975954741,93223.44450805947,76439.44005734597,0,0
1770321600,65232.2,65675,62250,62872.7,84165.01146829764,93093.40687295396,76092.91993283667,0,0
1770336000,62872.7,65972.8,59888,64138.7,83903.2314400919,92983.25320335211,75709.89402461385,0,0
1770350400,64138.7,66799.9,63926.9,64813.6,83633.20198020052,92868.22943186371,75316.52661250319,0,0
1770364800,64813.6,66730,64434.1,66588.8,83356.56527442114,92745.20215699263,74918.3441595955,0,0
1770379200,66588.8,69151.4,66080,68578.9,83076.40163607504,92622.5900569733,74514.09536866909,0,0
1770393600,68578.9,71479.8,68373.7,70689.8,82795.8117781617,92502.89837106352,74107.36926864971,0,0
1770408000,70689.8,71719.9,69788.2,70532.3,82515.69946868399,92378.19264233792,73706.14713331823,0,0
1770422400,70532.3,70880,69676.2,70879.1,82236.12880090307,92243.51044541645,73314.43531911635,0,0
1770436800,70879.1,71653.2,67307.3,68066.4,81955.71988320946,92120.21696244771,72912.76815287067,0,0
1770451200,68066.4,68783.7,67577.3,67946.2,81673.7918188826,91984.41006676675,72518.90037923082,0,0
1770465600,67946.2,69972.1,67880.3,69116.4,81391.76170611622,91844.2569520749,72128.83084330453,0,0
1770480000,69116.4,69950,68489.4,69338.2,81110.2599191937,91695.87101695458,71746.67944364394,0,0
1770494400,69338.2,69691,68742,69248.2,80829.54112350369,91536.10403647968,71375.27631318486,0,0
1770508800,69248.2,69675.1,68839,69062.5,80549.8425804766,91364.82065492246,71015.04816876135,0,0
1770523200,69062.5,69691.3,68926.5,69663.7,80271.68957990175,91182.54981523815,70666.4176541297,0,0
1770537600,69663.7,71184,69467.9,70953.3,79996.53737752409,90997.99051320682,70325.13527279304,0,0
1770552000,70953.3,71524.7,70656.6,71153,79725.16383737532,90806.17940030656,69996.35697562317,0,0
1770566400,71153,71494.9,70195.5,71387.8,79457.58255950877,90610.57678034685,69677.37818848684,0,0
1770580800,71387.8,72254.1,69945,70289.8,79193.6824158763,90418.24714509935,69362.54055580415,0,0
1770595200,70289.8,71418.4,70018,71265.3,78933.64186047607,90223.1373120481,69056.78524355523,0,0
1770609600,71265.3,71314.3,70271.3,70387.1,78677.28842738441,90022.827572565,68761.62281501488,0,0
1770624000,70387.1,70581.8,68384,68900,78423.23416129178,89824.30006030516,68469.26335287615,0,0
1770638400,68900,69843.6,68207.2,69533,78171.5402341575,89623.72096554762,68182.72703640102,0,0
1770652800,69533,71065.5,69051.9,70933.4,77923.61013165882,89425.27060995446,67901.2652076318,0,0
1770667200,70933.4,71119.9,69780.7,70110.8,77679.50927030243,89224.34395242365,67628.47327510211,0,0
1770681600,70110.8,70508.8,69149.3,69470.5,77438.63929176117,89020.73050216403,67363.44244236145,0,0
1770696000,69470.5,69874.9,68603.7,68885.9,77200.46816652008,88813.52372159838,67105.90949878619,0,0
1770710400,68885.9,69385.2,68365,68486.5,76964.71468833872,88600.96067273695,66856.69390128972,0,0
1770724800,68486.5,69552.7,67869,69251,76731.6711075818,88388.35081827804,66612.27748288932,0,0
1770739200,69251,69982.2,68565,69028.3,76501.77674110251,88174.36772856387,66374.41237528244,0,0
1770753600,69028.3,69100,68315,68804.3,76274.63991697371,87954.45980930685,66145.82941078323,0,0
1770768000,68804.3,69265.8,67956.1,68151.3,76050.06697503467,87732.45108911884,65923.29993188326,0,0
1770782400,68151.3,68290,66501.5,67000.1,75826.88543835715,87510.72633222931,65702.99203612228,0,0
1770796800,67000.1,67089.9,66306.8,67023.7,75604.77217905041,87281.95493429556,65489.84358277824,0,0
1770811200,67023.7,68812.6,65705,66485.2,75384.12834014805,87063.2098569542,65271.7355004572,0,0
1770825600,66485.2,67837.7,65840,67552.4,75165.20342277082,86846.6525791756,65054.98643641734,0,0
1770840000,67552.4,68329,66755.3,67044.5,74948.47238742233,86629.69331044848,64842.35714742745,0,0
1770854400,67044.5,68019.9,67017,67554.5,74734.22561158283,86408.83247055284,64636.9626584914,0,0
1770868800,67554.5,67668.4,66626.7,67183.3,74522.17441672125,86184.35679083459,64438.08002506115,0,0
1770883200,67183.3,68271.4,66858.1,68049,74313.04154144191,85959.90274475724,64244.234425647825,0,0
1770897600,68049,68396,66955.7,67100.9,74106.65038093936,85735.58615451718,64055.031020435046,0,0
1770912000,67100.9,67205.6,65065,65759.9,73901.51090993636,85514.94587029336,63865.2490414388,0,0
1770926400,65759.9,66459.2,65183.2,66244.8,73697.73219951401,85291.9888930256,63679.55304880234,0,0
1770940800,66244.8,66793.4,65824.7,66532.4,73495.9191097255,85065.40148144441,63499.96628137461,0,0
1770955200,66532.4,66650.9,65972.5,66185.1,73296.07012931225,84833.4673924252,63327.765108900356,0,0
1770969600,66185.1,67199.9,66151.7,67136,73098.89662371391,84599.9120648986,63161.397656126726,1,0
1770984000,67136,69292.2,66818.3,68653,72905.9621838667,84376.20386084926,62995.004263538576,0,0
1770998400,68653,69450,68504.1,68898.8,72717.9733882656,84152.60866172919,62837.07347626563,0,0
1771012800,68898.8,69053.5,68632.4,68819.2,72534.76521120653,83925.78169007607,62689.820199398695,0,0
1771027200,68819.2,69118,68731.7,68938.7,72356.3896444787,83696.01512776026,62553.12292218239,0,0
1771041600,68938.7,69316,68691.1,69185,72182.93122880356,83465.42557093712,62425.55555358541,0,0
1771056000,69185,70550,69180,70470.4,72015.33139756377,83240.21467888332,62304.11558052589,0,0
1771070400,70470.4,70507,69190,69756.4,71853.22954974903,83019.7294705114,62188.67044806239,0,0
1771084800,69756.4,69900,69253.7,69847.8,71696.37522723134,82799.51455877797,62082.12992691992,0,0
1771099200,69847.8,70240,69625.4,69790.1,71544.89057943886,82579.82180745566,61984.52910153582,0,0
1771113600,69790.1,69976.9,69200,69926.9,71398.4891393404,82361.712321156,61894.588003497185,0,0
1771128000,69926.9,70899.5,69925.2,70786.6,71257.89521693785,82147.47510347102,61811.852699700845,0,0
1771142400,70786.6,70937,70144.8,70265.9,71122.88649889687,81935.8928668332,61736.86289299695,0,0
1771156800,70265.9,70388.4,68735.6,69060.9,70992.29869502025,81731.40692698307,61664.25690561657,0,0
1771171200,69060.9,69080,68051.7,68263,70865.13041038382,81528.95520919985,61596.11263501181,0,0
1771185600,68263,69055,68100,68800,70741.53462626964,81328.39657319999,61532.809352456694,0,0
1771200000,68800,69040,68108.8,68389.3,70621.32919668022,81129.5414427991,61474.18127615398,0,0
1771214400,68389.3,68875,68202,68554.6,70504.50651524922,80930.90901266708,61421.34691926901,0,0
1771228800,68554.6,69029.2,68300,68777,70391.18168801875,80733.23146516117,61373.96422158408,0,0
1771243200,68777,70099.1,67243.6,67505.6,70280.88889464218,80549.68100655584,61321.203040134016,0,0
1771257600,67505.6,68211.3,67468.5,67878.2,70173.16899438357,80365.94677090396,61273.13675220861,0,0
1771272000,67878.2,68968.8,67787.7,68863.8,70068.6920648907,80185.7560312488,61228.101481903745,0,0
1771286400,68863.8,69228.5,68321.6,68440.9,69967.5328221837,80007.49630192578,61187.46211916544,0,0
1771300800,68440.9,68677.7,67852.4,68350,69869.27284949616,79830.37174915116,61151.10303954271,0,0
1771315200,68350,68447.7,67650,67822.8,69773.55931051934,79653.99588017107,61118.71130962909,0,0
1771329600,67822.8,68340.2,66556.6,67361,69679.81912421345,79484.21710833441,61084.79607423844,0,0
1771344000,67361,68217.9,66826.2,67768.4,69588.23900821355,79318.59744921046,61051.54609377749,0,0
1771358400,67768.4,67930.8,67341.3,67474.9,69498.78904860486,79151.99243903758,61022.86917088765,0,0
1771372800,67474.9,67677.4,66843.5,67591.4,69411.25021082062,78985.96093407202,60997.18986581132,0,0
1771387200,67591.4,68200,67461.5,68080.3,69326.15930217627,78820.6181387799,60975.37011354778,0,0
1771401600,68080.3,68440,67028.5,67330.2,69243.17799833803,78659.98476302151,60953.707450544774,0,0
1771416000,67330.2,68326.7,66668.2,67666.7,69162.24673881345,78505.53164395435,60930.94682365456,0,0
1771430400,67666.7,67679.7,65814.6,66138.1,69082.3476182942,78357.40762587494,60905.16387730674,0,0
1771444800,66138.1,66514.1,66032.3,66426,69003.29299903098,78206.46849590032,60883.12816426072,0,0
1771459200,66426,66982.5,66304,66952.6,68925.54593523717,78054.71754434405,60864.10958788657,0,0
1771473600,66952.6,67307.9,66650,67179.4,68849.42174222234,77902.54005045092,60848.3737650729,0,0
1771488000,67179.4,67179.4,66436,66462.4,68774.57133019308,77750.26948828199,60835.051669688175,0,0
1771502400,66462.4,66722.7,65573.5,66378.2,68700.54442294962,77600.16375354014,60821.58304458935,0,0
1771516800,66378.2,67187.1,65844.7,67028.6,68627.8381956335,77453.97065872478,60807.47230065373,0,0
1771531200,67028.6,67167.6,66622,66982.1,68556.6996873422,77306.8918585103,60796.9219694224,0,0
1771545600,66982.1,67494.7,66923.1,67332,68487.44930791046,77159.63279659105,60789.956389098246,0,0
1771560000,67332,68000,67079.7,67802.9,68420.43925347133,77014.90551009137,60785.07110580764,0,0
1771574400,67802.9,68299.9,67255,67299.9,68355.62440263755,76873.4723979508,60781.58357783525,0,0
1771588800,67299.9,68079.9,66427.5,67553.4,68292.7101217321,76738.82794564938,60776.19870705029,0,0
1771603200,67553.4,68017.7,66926.8,67623.3,68231.83712038782,76607.48950200036,60771.91182073089,0,0
1771617600,67623.3,68211,67486.3,67989.2,68173.33502720705,76477.57224461931,60770.804725156595,0,0
1771632000,67989.2,68075.7,67511,67647.1,68117.00734477976,76348.00844947647,60773.382093905784,0,0
1771646400,67647.1,67900,67561.4,67822.9,68062.82715378715,76217.5621231653,60780.590602993114,0,0
1771660800,67822.9,68293.1,67779.5,68070,68011.02700845608,76087.77007170575,60791.633009954596,0,0
1771675200,68070,68687.1,67867.5,68570.5,67961.86497403843,75960.91732290924,60805.15156386127,0,0
1771689600,68570.5,68646.7,68074.6,68521.8,67915.30763770861,75835.5459964039,60822.25625095816,0,0
1771704000,68521.8,68579,67846.5,67934.5,67871.0005164123,75712.36976459957,60841.7452183971,0,0
1771718400,67934.5,68186.4,67751.5,68010,67828.75346956075,75589.49028898634,60864.807788031794,0,0
1771732800,68010,68149.5,67834.2,67974,67788.51835661539,75466.30594013834,60891.85317524709,0,0
1771747200,67974,68224.4,67865.6,68184.9,67750.3458205117,75343.33126199414,60922.56981361192,0,0
1771761600,68184.9,68200,67262.2,67656,67713.80950463832,75223.7575870491,60953.61551600889,0,0
1771776000,67656,67690,67143.5,67386,67678.582200347,75104.89383517113,60986.57830076257,0,0
1771790400,67386,67722,67291.5,67610.5,67644.77034300988,74986.27286820931,61022.034830304,0,0
1771804800,67610.5,67652.2,64220,64895.1,67610.42955707693,74884.37819750863,61043.04121796851,0,0
1771819200,64895.1,65979.5,64636.3,65916.7,67575.5396116724,74785.70198419856,61060.51601646461,0,0
1771833600,65916.7,66574.8,65528,66166.4,67540.7332171699,74688.92217614657,61076.669880902424,0,0
1771848000,66166.4,66497.9,65488,65620.5,67505.82279123682,74593.58739979009,61091.52635732723,0,0
1771862400,65620.5,65691,64015.9,64262.9,67469.63775938746,74502.6306524278,61100.554161903594,0,0
1771876800,64262.9,64985.2,63833,64615.3,67432.09101668694,74412.54587666101,61106.4551724861,0,0
1771891200,64615.3,64979.7,63248.8,63557.3,67392.72454737188,74326.43009703324,61105.845067342016,0,0
1771905600,63557.3,63598.6,62649.2,63152.8,67350.8458468256,74238.48933381682,61102.21903743105,0,0
1771920000,63152.8,63401.6,62888,63191.1,67306.63758044652,74146.1605267583,61098.018160369844,0,0
1771934400,63191.1,63999,62422.3,63944.3,67260.55179550464,74056.80675030753,61087.99482927984,0,0
1771948800,63944.3,64710.8,63666,64402,67213.53690248997,73967.8132823134,61076.01864205183,0,0
1771963200,64402,64564,63795.8,64032.5,67165.55183105919,73877.39040542372,61063.4908463078,0,0
1771977600,64032.5,66298.1,63869.5,65371.1,67117.73948881878,73796.96444683663,61043.03866501445,0,0
1771992000,65371.1,65668.7,64730.5,65010.5,67070.09692045364,73716.96679810963,61022.55825634975,0,0
1772006400,65010.5,65668.6,64935.8,65399.8,67022.86038378513,73636.41341574026,61003.29450679282,0,0
1772020800,65399.8,67550,65280.3,67367.2,66977.42700720827,73566.04304345875,60978.891114965176,0,0
1772035200,67367.2,69545.1,67366.8,69008.6,66935.58121535617,73506.5204247335,60952.03536705547,0,0
1772049600,69008.6,69989.8,67563.6,67958.3,66897.0738749859,73458.6403180811,60921.608045797046,0,0
1772064000,67958.3,68697.3,67688,68192.9,66861.49869533464,73413.47250476925,60894.272607739884,0,0
1772078400,68192.9,68841.7,67781.9,67805.5,66828.71190412148,73371.17047315642,60869.64002295731,0,0
1772092800,67805.5,68710,67751.5,68016.2,66798.63607126068,73331.0824164579,60848.11015934626,0,0
1772107200,68016.2,68270.4,66725,67357.5,66770.50624798944,73295.91499516119,60826.04337372858,0,0
1772121600,67357.5,67888,66451.1,67555,66744.1169349869,73264.72624228253,60803.8461878571,0,0
1772136000,67555,67800,67111,67447.5,66719.56441185546,73233.10609740223,60785.35395435913,0,0
1772150400,67447.5,67679.4,66850,67569.9,66696.70848757356,73201.85179691353,60769.65013696458,0,0
1772164800,67569.9,68185.6,67411.7,67642.9,66675.85847215199,73171.01313648176,60757.257723166746,0,0
1772179200,67642.9,68126.9,65920,66082.6,66655.95339801002,73148.01977745669,60740.07385182785,0,0
1772193600,66082.6,66309,65616.8,66070,66636.28139308159,73122.92057020105,60725.063540576,0,0
1772208000,66070,66096.6,65079,65364.6,66616.37688331098,73097.29719372703,60710.065069822595,0,0
1772222400,65364.6,65926.8,64888,65833.4,66596.30495287085,73071.38175501933,60695.00434855431,0,0
1772236800,65833.4,65993.4,65680,65757.5,66576.34793266458,73041.1013071397,60683.779744952255,0,0
1772251200,65757.5,65790.2,62972.3,63787.6,66554.91205764531,73020.3148954268,60661.97229284095,0,0
1772265600,63787.6,64289.9,63324.5,63814.2,66531.70879356735,72996.90667194601,60639.121255986276,0,0
1772280000,63814.2,65330,63796,64802,66507.67223337016,72975.33407381596,60613.22667501835,0,0
1772294400,64802,66638,64640,66316.4,66484.06498957718,72959.49059168262,60583.3574452371,0,0
1772308800,66316.4,67739.5,66150,66939.6,66461.93283220289,72947.64171485417,60552.862463445286,0,0
1772323200,66939.6,68183.2,65973.2,67477.7,66441.48848958484,72943.53461361951,60519.02222856355,0,0
1772337600,67477.7,67588.6,66756.6,67121.5,66422.62387550269,72938.66900456513,60488.69581415532,0,0
1772352000,67121.5,67276.9,66177.6,66443.5,66404.78643534485,72934.14435993516,60459.9628914832,0,0
1772366400,66443.5,67336.7,66069.2,66813.9,66388.05124120072,72931.05996385138,60432.048427498914,0,0
1772380800,66813.9,67100,65680,65925.6,66371.89956553762,72929.76257464661,60403.72128496757,0,0
1772395200,65925.6,66464.6,65001,65746.9,66355.83828856797,72929.99055416137,60374.302005546386,0,0
1772409600,65746.9,67078.9,65719.3,66796.1,66340.64784774197,72931.81689804618,60345.151732755134,0,0
1772424000,66796.1,66974,65510,65977.6,66325.9402715536,72935.41040631811,60315.42605160436,0,0
1772438400,65977.6,66711.9,65614.7,66333,66311.77243314325,72938.58561261874,60287.03636479937,0,0
1772452800,66333,69570,65238.5,69096.9,66299.8023247505,72962.00317223568,60245.93071991859,0,0
1772467200,69096.9,70066,68526.5,68930.7,66291.07031623676,72989.41986698536,60207.43844355411,0,0
1772481600,68930.7,69500,68533.8,68799.9,66285.2300013418,73017.16212519865,60173.95894950129,0,0
1772496000,68799.9,69222,68183.6,68353.5,66281.82736764515,73045.26277229376,60144.63460675914,0,0
1772510400,68353.5,68537.5,67766.4,68141.9,66280.34974473147,73071.72725972418,60120.17133068805,0,0
1772524800,68141.9,68281,66304,66999.3,66279.8129845252,73102.74423651856,60093.689438666785,0,0
1772539200,66999.3,67950,66054.3,67703.4,66280.21584944098,73137.7057420161,60065.693454269254,0,0
1772553600,67703.4,68967.8,67432.2,68405.9,66282.49239448637,73175.20391227008,60039.03731231638,0,0
1772568000,68405.9,68849.2,67780,68299.5,66286.59753908118,73212.42204606986,60015.94935000507,0,0
1772582400,68299.5,68880,67348.4,67697.1,66292.13416528111,73251.69626079018,59993.79231494982,0,0
1772596800,67697.1,69624.2,67424,69460.2,66299.84057710784,73297.6070356796,59970.15507491538,0,0
1772611200,69460.2,71872.3,69110,71080.1,66311.3145434542,73354.52130197361,59944.36823299959,0,0
1772625600,71080.1,73450.1,70546.7,73351.1,66327.95940597521,73424.12945807971,59917.60789581385,0,0
1772640000,73351.1,74021.8,72495.6,73576.4,66350.34234739283,73498.99382027396,59896.98226864542,0,0
1772654400,73576.4,73672.9,72280,72640.4,66377.75994731321,73577.65176062017,59882.40872320551,0,0
1772668800,72640.4,73250,72268,72460.1,66409.79271621793,73657.45108786711,59875.28082325254,0,0
1772683200,72460.1,73068.9,71733.1,72025.6,66445.87677117577,73739.8700625735,59873.37021537725,0,0
1772697600,72025.6,73537.9,71709.1,72878.8,66486.19144381721,73827.83961500786,59874.61743097415,0,0
1772712000,72878.8,73035,71111.1,71622.8,66529.824644778,73920.8858064615,59877.76687164658,0,0
1772726400,71622.8,71628.7,70610,70883.5,66575.80429375192,74012.88971892856,59886.02436943358,0,0
1772740800,70883.5,71536.6,70696.2,70847.6,66623.9773715469,74102.79052190228,59899.96232992666,0,0
1772755200,70847.6,71384.5,70336.2,71038.7,66674.11100198717,74191.67567439195,59918.27300700388,0,0
1772769600,71038.7,71158.2,70100.1,71035.1,66725.93613057185,74279.42219457666,59940.565246160884,0,0
1772784000,71035.1,71044,70150.1,70183.7,66779.05601888073,74364.75258063036,59967.15067313156,0,0
1772798400,70183.7,70299,68130.1,68461,66831.98341165921,74453.65942339046,59990.523519292416,0,0
1772812800,68461,68766.2,67720,68091.2,66883.95108213279,74538.65895387603,60015.33935732968,0,0
1772827200,68091.2,68405.3,67729.1,68075.5,66934.83389751147,74617.52379552778,60043.160922420975,0,0
1772841600,68075.5,68536.8,68012,68058.2,66984.75469695273,74689.66166462877,60074.677831026325,0,0
1772856000,68058.2,68119.3,67400.7,67804.8,67033.29978443153,74756.00510398418,60108.39227884296,0,0
1772870400,67804.8,68212.7,67676.7,67972.3,67080.65140745637,74815.82135273937,60145.216772173015,0,0
1772884800,67972.3,68071.4,67565.2,67841.4,67126.69259031584,74869.0152141314,60185.01572682987,0,0
1772899200,67841.4,67917.9,66885.4,67044.1,67170.91285266148,74918.4102404797,60224.60325809169,0,0
1772913600,67044.1,67449.3,67031.1,67227.1,67213.30139929801,74960.38060403445,60266.87496234155,0,0
1772928000,67227.1,67449.4,66772.4,66972.2,67253.72920720968,74996.5811287816,60310.27047099432,0,0
1772942400,66972.2,67432.9,66480,67274.9,67292.23806419363,75028.89876696456,60353.34888430895,0,0
1772956800,67274.9,68167.7,67118.4,67479.2,67329.37954101177,75058.55233636536,60396.12020576219,0,0
1772971200,67479.2,67629.4,66777.7,67176.7,67364.79586999203,75084.05060021413,60439.143684034985,0,0
1772985600,67176.7,67435,66710.5,67297.6,67398.4805667199,75104.73528200196,60482.93979928444,0,0
1773000000,67297.6,67487.7,65580,65943.8,67429.684111641,75127.16926506248,60520.87871637859,0,0
1773014400,65943.8,67672.3,65782.7,67171.4,67459.00776341558,75151.69890213158,60553.75719916674,0,0
1773028800,67171.4,68038.7,66830.7,67506.5,67487.06868839866,75174.61312054911,60585.671825794314,0,0
1773043200,67506.5,68431.5,67280.5,67724,67514.23413274424,75195.95142111588,60617.25032248238,0,0
1773057600,67724,69444.4,67713.9,68820,67541.32589426346,75220.02579177158,60646.49214802752,0,0
1773072000,68820,69500,68200,68944.8,67568.53209144363,75244.34762093639,60675.7407478953,0,0
1773086400,68944.8,69118.8,68331.6,68390.7,67595.56780900987,75265.57804919982,60707.177249547836,0,0
1773100800,68390.7,70600,68355,69392.6,67623.20465068649,75293.19819294193,60734.54066209788,0,0
1773115200,69392.6,70539.9,69392.6,70385.8,67652.00576379275,75321.11439435564,60763.7568916163,0,0
1773129600,70385.8,71300,70330.2,70560.3,67682.47367668126,75348.83112824797,60796.12881051428,0,0
1773144000,70560.3,71762.8,69227.3,71311,67714.54332496454,75385.44532119203,60824.19966045504,0,0
1773158400,71311,71687,69650.5,70003.3,67747.82047461884,75427.30213296195,60850.21006015065,0,0
1773172800,70003.3,70374,69405.1,69907.5,67781.7087708711,75467.46870129209,60878.68220523108,0,0
1773187200,69907.5,70162.3,69448.6,69515.7,67815.97545884422,75504.29771995448,60910.526503965135,0,0
1773201600,69515.7,70239,69318.6,69621.6,67850.58874943767,75539.12426539251,60944.609014410504,0,0
1773216000,69621.6,69765,69121.4,69136.1,67885.13804455411,75569.99295339774,60981.77050473004,0,0
1773230400,69136.1,71067.5,68921.8,70200,67920.27277307012,75606.53931065295,61015.402842519135,0,0
1773244800,70200,71300,70120,70606.6,67956.50609431523,75643.4132521182,61050.74483028283,0,0
1773259200,70606.6,70900,70080,70150.8,67993.47988456862,75678.18879400396,61089.1114135587,0,0
1773273600,70150.8,70319.1,69172.5,69395.7,68030.42672044525,75712.10806438811,61128.121750750186,0,0
1773288000,69395.7,69829.8,69150,69786.6,68067.2748506836,75742.40699142526,61169.87945898023,0,0
1773302400,69786.6,70772.4,69540,70389.3,68104.60026964174,75773.07317226697,61212.20090074538,0,0
1773316800,70389.3,70638.9,69300,70287.7,68142.19931354513,75804.53977166754,61254.37000571829,0,0
1773331200,70287.7,70533.9,69728.8,70394.3,68180.1596833794,75833.75437709987,61299.01140506989,0,0
1773345600,70394.3,70737.8,69964.5,70482,68218.5951025475,75860.76761744807,61346.29089483327,0,0
1773360000,70482,71996.9,70345.6,71370.5,68258.23372930496,75891.52822387188,61392.708526046874,0,0
1773374400,71370.5,71647.7,71145,71591.3,68299.19463283829,75919.44539253226,61443.81012500355,0,0
1773388800,71591.3,72551.8,71350,72194.4,68341.90886734588,75949.16310161773,61496.61585320516,0,0
1773403200,72194.4,73869.8,71689.8,71788.3,68386.64450477406,75986.44363447194,61546.94078222,0,0
1773417600,71788.3,72217.8,70777,71133.2,68432.28959391177,76025.80954551417,61597.216617094484,0,0
1773432000,71133.2,71468,70517.2,70884,68478.37380105152,76063.92396218146,61649.30014349543,0,0
1773446400,70884,71133,70421.2,71037.8,68524.74948101453,76099.33537979268,61704.10382693928,0,0
1773460800,71037.8,71263.8,70262,70558.5,68571.20278643306,76133.63589488486,61759.954011260284,0,0
1773475200,70558.5,70754.8,70332.3,70699.4,68617.59386689468,76163.37362061188,61819.40169215256,0,0
1773489600,70699.4,70900,70444.3,70545.6,68663.9141548789,76188.93837668403,61882.121047002554,0,0
1773504000,70545.6,70704.3,70449.9,70663.1,68710.10042217745,76209.28653632736,61948.85314633238,0,0
1773518400,70663.1,71226.9,70602.3,71178,68756.48670572315,76227.17752062042,62017.96548003431,0,0
1773532800,71178,71600,70811.9,71319.6,68803.24664905276,76243.8806868449,62088.743474296585,0,0
1773547200,71319.6,71820,71290.9,71427,68850.57118007232,76258.19376292457,62162.515500424925,0,0
1773561600,71427,71912.3,71427,71806.1,68898.58057905694,76270.15697627518,62239.47339305232,0,0
1773576000,71806.1,71806.2,71230.6,71447.5,68946.99665471826,76280.15984338398,62318.80422728337,0,0
1773590400,71447.5,71963.6,71231.8,71514.6,68995.8272491493,76289.25067572221,62399.67145606503,0,0
1773604800,71514.6,73217.2,71383.3,72777.5,69045.83253135724,76304.61630722797,62477.56978101262,0,0
1773619200,72777.5,74297.5,72226.3,73548.3,69097.7386508241,76328.07973031863,62552.307139479766,0,0
1773633600,73548.3,74488.2,73352.1,73426.9,69151.78009211879,76354.34707936278,62628.63704326322,0,0
1773648000,73426.9,73826.2,72805.6,73515,69207.47927418792,76382.30181407055,62706.609695347455,0,0
1773662400,73515,74499.8,72945.1,73232.9,69264.87711413996,76414.98452528122,62783.801258896536,0,0
1773676800,73232.9,74398.3,73124,73931.9,69324.08537505672,76450.84804168993,62861.6808863579,0,0
1773691200,73931.9,74900,73824.1,74854.7,69385.61421205133,76489.26852633509,62941.68518458304,0,0
1773705600,74854.7,76053.9,74229.7,74434.7,69449.6523032907,76534.53591815662,63020.623920759026,0,0
1773720000,74434.7,74657.5,73742.8,74219.9,69515.40837191147,76580.68109656643,63101.97208901925,0,0
1773734400,74219.9,74436.6,73493,73996.1,69582.54159603159,76627.57101564964,63185.22211769756,0,0
1773748800,73996.1,74876.6,73323.9,73877.5,69650.97987306984,76678.5788977362,63267.46096519017,0,0
1773763200,73877.5,74780.9,73822.1,74469.5,69720.90752131336,76730.47759083772,63351.683688411926,0,0
1773777600,74469.5,74777.9,73820.7,73861.6,69792.01425502835,76782.96894841972,63437.57372870289,0,0
1773792000,73861.6,74640.2,73463.5,74417.6,69864.20507536021,76837.24862417433,63523.970967335474,0,0
1773806400,74417.6,74457.9,73658,73845,69937.19916713008,76890.88914242211,63612.371789367804,0,0
1773820800,73845,74249.9,72720,72902.3,70010.25767484006,76947.33168665208,63698.58541238728,0,0
1773835200,72902.3,72938.1,70807.9,71440.4,70081.85323748321,77008.47803566813,63778.25245325957,0,0
1773849600,71440.4,71967.6,70821,71027,70151.54620538281,77067.94438669161,63855.854391463145,0,0
1773864000,71027,71396.9,70452,71213.7,70219.11020303657,77124.34050948617,63932.130960649505,0,0
1773878400,71213.7,71588.2,70847.9,71174.1,70284.74339928047,77176.71035811788,64008.236834405165,0,0
1773892800,71174.1,71174.1,69432.9,70155.6,70347.5523075001,77230.17172684432,64078.30003485962,0,0
1773907200,70155.6,70525.6,69855.6,69921.2,70407.44548659911,77278.10694712082,64147.64253141579,0,0
1773921600,69921.2,70136,68750,69376.9,70463.82391040832,77324.32662673052,64212.01058814795,0,0
1773936000,69376.9,70591,69086.4,70241.2,70517.3186480023,77370.11327698987,64271.48699526057,0,0
1773950400,70241.2,70707.2,69679.4,69881.8,70568.11215026656,77412.6780242016,64328.719526997134,0,0
1773964800,69881.8,70793.2,69800,70697.8,70616.59937302562,77452.26328568903,64384.227076961375,0,0
1773979200,70697.8,70933,70164.1,70815.2,70663.03081507867,77487.82347918524,64439.336398628446,0,0
1773993600,70815.2,71343.9,70170.6,70443.9,70707.46320268088,77521.89243591354,64492.044704552834,0,0
1774008000,70443.9,70648,69431.7,69833.4,70749.27585268072,77554.10352591166,64541.523995649455,0,0
1774022400,69833.4,70163.2,69338,70152.2,70788.45422093678,77582.09057743914,64589.716694832925,0,0
1774036800,70152.2,70892.8,69718,70476.1,70825.53752537293,77608.56363730773,64635.35118625248,0,0
1774051200,70476.1,70800,70408.2,70640.2,70860.8249703981,77629.14804164643,64682.617833079836,0,0
1774065600,70640.2,70850,70580.9,70684.3,70894.44481746876,77643.4379692924,64732.09375356214,0,0
1774080000,70684.3,70724.8,70452.5,70610.3,70926.32964580988,77651.59597981688,64783.526642950426,0,0
1774094400,70610.3,71068,70415.9,70591.5,70956.61543713983,77656.23081267189,64834.99419949402,0,0
1774108800,70591.5,70623.8,70154.8,70358.6,70985.037218136,77656.08557351862,64887.0654713821,0,0
1774123200,70358.6,70477,68500,68870.5,71010.57047822764,77659.33769332846,64931.034302093016,0,0
1774137600,68870.5,69557.3,68166.8,69304.1,71033.04267799512,77662.07326417339,64969.848730802885,0,0
1774152000,69304.1,69487.3,68851,68884,71052.6269322343,77659.76695439113,65007.609370450344,0,0
1774166400,68884,68954.5,68060,68181.5,71068.753660725,77653.52335686392,65042.351313250045,0,0
1774180800,68181.5,69042.4,68158.2,68817.5,71081.82979005127,77643.74974165406,65074.47853965769,0,0
1774195200,68817.5,68859.6,68089.3,68160.5,71091.6704012316,77629.59091625508,65104.36987732563,0,0
1774209600,68160.5,68478.1,67300.1,67828.1,71097.90057978289,77613.26278058614,65129.48026863659,0,0
1774224000,67828.1,68570,67412.7,68050,71100.81390057746,77594.89485947863,65150.23632005107,0,0
1774238400,68050,68885.3,67470.7,68304,71100.76198721006,77576.38812356524,65165.68349521097,0,0
1774252800,68304,71487,67880,70094.5,71099.46527210105,77572.5111787928,65166.563324569855,0,0
1774267200,70094.5,71788,69640.5,70092.1,71097.6505227128,77574.38691176118,65161.66109826418,0,0
1774281600,70092.1,71224.1,70092,70639.5,71095.48303108854,77575.90064036714,65156.41669255234,0,0
1774296000,70639.5,70991.6,70352.6,70865,71093.06231047247,77574.22884959084,65153.383844528915,0,0
1774310400,70865,71072.4,70224.2,70505.2,71090.26986292806,77570.61084106693,65151.304268296095,0,0
1774324800,70505.2,71393.8,70081,71269.9,71087.42938438918,77568.21523586239,65148.1099715203,0,0
1774339200,71269.9,71349.9,70799.8,71122.8,71084.71573436174,77562.64021056538,65147.81855435995,0,0
1774353600,71122.8,71156.9,69460,69830.1,71081.21092282653,77559.90556720314,65143.69130939043,0,0
1774368000,69830.1,69986.3,68849.2,69336.6,71076.20714647665,77555.82516759857,65137.946910007486,0,0
1774382400,69336.6,70823.1,69250,70518.3,71070.56736686264,77553.87591744661,65129.24706979702,0,0
1774396800,70518.3,71021.6,70379.2,70688.9,71064.81115082065,77548.89040619624,65122.88386654061,0,0
1774411200,70688.9,71323.5,70670.4,70904.3,71059.21014038546,77541.33801168844,65118.96074084149,0,0
1774425600,70904.3,71984.8,70763.4,71644.6,71054.24279579867,77535.17873057895,65115.02909959964,0,0
1774440000,71644.6,71930,70515.5,70788.4,71049.51453345011,77531.10363233481,65109.785349858306,0,0
1774454400,70788.4,71731,70633.1,70850,71045.01312722023,77527.15946411349,65104.84745134099,0,0
1774468800,70850,71630.4,70600,71304.3,71040.83606880132,77523.06506976855,65100.630177771294,0,0
1774483200,71304.3,71420.9,70646.2,70876.8,71036.78327013952,77517.12218907572,65098.19295226526,0,0
1774497600,70876.8,70884.9,69750,70052.7,71032.1228477864,77510.81320182797,65094.949566908,0,0
1774512000,70052.7,70117,69151.3,69237,71026.17198218295,77502.42958846163,65091.08337932253,0,0
1774526400,69237,69846.2,68590,69056,71018.65892485002,77493.49900867956,65084.81330697524,0,0
1774540800,69056,69136,68100.6,68505.8,71009.07883540397,77482.13928280525,65076.79477780751,0,0
1774555200,68505.8,69506,68383.9,68793.4,70997.84433787917,77469.30592424655,65066.981567574236,0,0
1774569600,68793.4,69150,68482.8,68738.9,70984.93561591639,77452.20834086684,65057.68127643034,0,0
1774584000,68738.9,68935.3,68255.2,68500.8,70970.21262221585,77430.89616763245,65048.59596017424,0,0
1774598400,68500.8,68594,66174.6,66667.9,70952.33803193549,77414.89172555927,65029.274858960234,0,0
1774612800,66667.9,66745.8,65688.3,66086,70930.46999335819,77394.54551000979,65006.281002425254,0,0
1774627200,66086,66300.3,65504.7,66015.6,70904.56537928726,77368.17547716864,64980.94805284926,0,0
1774641600,66015.6,66396.7,65786.2,66374.7,70875.0836457725,77335.16745691143,64954.63379702449,0,0
1774656000,66374.7,66493.6,65880.7,66197.4,70842.21834106169,77295.8653541878,64927.404285936405,0,0
1774670400,66197.4,66541.4,66071.2,66529.4,70806.34938997787,77249.89884385838,64900.26768927235,0,0
1774684800,66529.4,66534.8,66068.2,66288.1,70767.56096299867,77197.49804922612,64873.18645298941,0,0
1774699200,66288.1,67287.8,66190.8,66983.9,70726.56014148798,77143.51287503418,64843.382457196654,0,0
1774713600,66983.9,67072,66636.5,66879.9,70683.53018062796,77083.98086044246,64814.522849320645,0,0
1774728000,66879.9,66979.2,66239.1,66345.4,70638.25624620996,77020.74790675462,64784.66362785895,0,0
1774742400,66345.4,67113.3,66250,66879.3,70591.11634091087,76955.06267780327,64753.44873825084,0,0
1774756800,66879.3,66909.7,66511.3,66625.7,70542.17533781865,76884.1321981737,64723.348747243246,0,0
1774771200,66625.7,66979.9,66369.6,66774.2,70491.58998250194,76809.61900318219,64693.25486506192,0,0
1774785600,66774.2,66845,66276.6,66499.3,70439.31446922284,76731.32289440761,64663.25401064718,0,0
1774800000,66499.3,66639.4,66111.2,66320.5,70385.29059816548,76649.05328144389,64633.40276881863,0,0
1774814400,66320.5,66765.9,64935.7,65990.7,70329.18030324101,76570.77496936577,64596.36335278888,0,0
1774828800,65990.7,67442.5,65747.8,67143.6,70272.03550380594,76496.39205297551,64554.142245406474,1,0
1774843200,67143.6,67802.3,67129.2,67595,70214.69851118307,76420.21068376451,64513.0894419758,0,0
1774857600,67595,68000,67324.1,67649.5,70157.3848487586,76342.55865149242,64473.32570141204,0,0
1774872000,67649.5,68199.9,67050.1,67602.7,70100.11049309447,76266.43008220918,64432.35229244535,0,0
1774886400,67602.7,67626.2,66184.2,66512.2,70042.08238592891,76192.78241636546,64387.90065636867,0,0
1774900800,66512.2,66961,66374.3,66767.3,69983.31894812758,76116.24691610826,64344.54048152595,0,0
1774915200,66767.3,68397.1,66504.5,67677.8,69924.74309409564,76045.85450442489,64296.33447659887,0,0
1774929600,67677.8,67865.6,67067.9,67344.9,69866.30462210481,75974.6150618268,64249.09843342317,0,0
1774944000,67344.9,67475.7,65950,66649.7,69807.31787433782,75906.36962999395,64198.322914962366,0,0
1774958400,66649.7,67744.7,66403.4,66710,69748.12998241831,75840.1570880997,64145.4583274811,0,0
1774972800,66710,68599.9,66699,67802.9,69689.55677005633,75780.0822374349,64088.533284907906,0,0
1774987200,67802.9,68400,67790.6,68244.6,69632.0685607767,75718.5635293241,64034.8250951029,0,0
1775001600,68244.6,68333,67543.8,68134.9,69575.53392772598,75656.66799413752,63983.189448724464,0,0
1775016000,68134.9,69301,67973.7,68662.3,69520.59611040939,75598.31575297282,63931.49417957254,0,0
1775030400,68662.3,68858.8,68342.7,68674.7,69467.21722019555,75538.5571163394,63883.85551084362,0,0
1775044800,68674.7,68933,67831.7,68879.5,69415.303837413,75480.93553540064,63837.1049942868,0,0
1775059200,68879.5,69164.4,67900,68140.7,69364.69781185914,75426.21141624644,63790.30859680922,0,0
1775073600,68140.7,68498.3,67922,68086,69315.16181087992,75369.98437298181,63746.75140029333,0,0
1775088000,68086,68645.7,66444,66540,69265.7493443424,75321.18132715838,63697.142658905155,0,0
1775102400,66540,66900,66171.1,66889,69215.9484669859,75270.10323469072,63648.74387439962,0,0
1775116800,66889,66889.1,66106,66176.4,69165.56265936808,75216.95123486232,63601.02316630047,0,0
1775131200,66176.4,67081.1,65666,66814.9,69114.79946366383,75165.89266305309,63550.83849420542,0,0
1775145600,66814.9,67403.9,66568.2,66946.3,69064.1782790085,75113.78292781847,63501.80400231376,0,0
1775160000,66946.3,67089.8,66680,66870.9,69013.65096979539,75058.04545330799,63456.00916484866,0,0
1775174400,66870.9,66976.3,66240,66544.4,68962.9710287125,75000.58060059279,63411.39408552058,0,0
1775188800,66544.4,67230,66373,67011.9,68912.47978454498,74942.55230478996,63367.60257031961,0,0
1775203200,67011.9,67273.3,66647.2,66987.7,68862.31609417633,74882.74168234205,63325.9209174023,0,0
1775217600,66987.7,67344.9,66468.9,66809.1,68812.42065517862,74822.7011572042,63284.927745078276,0,0
1775232000,66809.1,67046.2,66726,66859.2,68762.83379702066,74759.14780574017,63247.47473156235,0,0
1775246400,66859.2,66946,66785.2,66932.7,68713.60163129971,74691.3563048381,63214.26310528943,0,0
1775260800,66932.7,66945.5,66778.7,66799.6,68664.7107760265,74619.5759057156,63185.06167755141,0,0
1775275200,66799.6,67022.1,66737,66980.5,68616.26564596825,74544.85314763793,63159.18151818465,0,0
1775289600,66980.5,67199.9,66857,67136.5,68568.4436721825,74467.90537419148,63136.34637633731,0,0
1775304000,67136.5,67543,66983.3,67352.4,68521.48904435892,74390.44672293033,63115.55673732686,0,0
1775318400,67352.4,67526,67215.3,67262.2,68475.44993357675,74311.13355248359,63098.04492881492,0,0
1775332800,67262.2,67445.9,67125.1,67266.7,68430.27633276845,74230.1361404849,63083.57982958243,0,0
1775347200,67266.7,67274.4,66905.1,67110,68385.79435387514,74147.71568268925,63071.624342735064,0,0
1775361600,67110,67159,66567,66780.5,68341.75972655382,74065.08446651137,63060.70068189593,0,0
1775376000,66780.5,67115.9,66774.6,66972.7,68298.31309552156,73980.9611014528,63052.1623704925,0,0
1775390400,66972.7,67828.6,66638,67268.6,68255.75637645369,73900.84720587751,63041.87914846084,0,0
1775404800,67268.6,67551.9,67142.7,67331.8,68214.1865096749,73820.09789655585,63033.989032325735,0,0
1775419200,67331.8,69115.9,67298.4,69002.4,68174.69528010768,73748.20990038838,63022.398547887475,0,0
1775433600,69002.4,69564,68733.6,69099.7,68137.85913553783,73679.69758594371,63012.85156821985,0,0
1775448000,69099.7,69322.9,68769.3,69085.1,68103.52522365592,73612.81060186368,63006.562444332405,0,0
1775462400,69085.1,70250,69043.7,69584.3,68072.1522660738,73551.8203032516,63000.723775842205,0,0
1775476800,69584.3,69939.5,69120,69925.8,68043.67231175043,73494.35528657392,62997.23732000244,0,0
1775491200,69925.8,70351.7,69226.3,69700.5,68018.07621844497,73442.13406527937,62994.61135410282,0,0
1775505600,69700.5,69950,68272,68807.5,67994.5515205778,73397.44003326357,62989.37720973999,0,0
1775520000,68807.5,69087.5,68224.7,68741.3,67972.71915265401,73354.99766798374,62985.35472549177,0,0
1775534400,68741.3,68944,68404,68582.5,67952.48621983819,73312.84100510736,62984.06009304177,0,0
1775548800,68582.5,69224.3,68015.1,68299.9,67933.67694809167,73274.72973118155,62981.937710563914,0,0
1775563200,68299.9,68641.4,67679,68132.6,67915.89931720721,73238.75845755388,62979.89585307182,0,0
1775577600,68132.6,69089.5,68037,68976.5,67899.65189893922,73205.92183967512,62978.002491302024,0,0
1775592000,68976.5,72766.4,68976.5,71894.6,67887.23578245749,73193.73571647522,62965.453765541395,0,0
1775606400,71894.6,72107,71201.1,71255.1,67878.77783566927,73185.44945314415,62956.89259125265,0,0
1775620800,71255.1,71928.3,71244.1,71612.6,67874.18053273187,73179.7529318136,62953.26505519136,0,0
1775635200,71612.6,71953.2,71341.3,71650,67873.3284351908,73176.18859154638,62954.7507398257,0,0
1775649600,71650,72850,70666.4,71270.6,67876.01144735495,73183.27495304134,62953.63159079281,0,1
1775664000,71270.6,71966.5,70976.8,71283.5,67881.90263485529,73193.79869999808,62955.506985157925,0,0
1775678400,71283.5,71733.9,70870,71033.2,67890.67707070007,73206.72181238509,62960.66698534105,0,0
1775692800,71033.2,71163.6,70417.2,70958.9,67901.86455157393,73220.94253079196,62969.18682303697,0,0
1775707200,70958.9,71080,70662.5,70950.9,67915.39802349395,73234.600690279,62982.54165673164,0,0
1775721600,70950.9,71582.7,70829.1,71120,67931.42189431361,73249.84351920385,62999.152747314794,0,0
1775736000,71120,72338.4,70478.4,72118.3,67950.24395605088,73273.17706415136,63013.99555316668,0,0
1775750400,72118.3,72541.1,71695.5,72053.4,67972.13918269017,73299.0040357514,63032.39403931747,0,0
1775764800,72053.4,73141.6,71560,71755,67997.00655904113,73331.26619243635,63050.77139752396,0,0
1775779200,71755,72366.5,71550.2,71841.4,68024.48418186096,73365.26164662547,63072.4997683027,0,0
1775793600,71841.4,72250,71377.6,71459.3,68054.23090178777,73400.98348117368,63096.95216579392,0,0
1775808000,71459.3,72236.4,71394.5,72097.2,68086.31841416184,73438.36761914742,63124.3164232039,0,0
1775822400,72097.2,73268,71877,72429.7,68121.17827367806,73480.87036908939,63152.42193084184,0,0
1775836800,72429.7,73238.8,72352.2,73203.7,68159.02904298712,73525.85715706348,63183.938545032834,0,0
1775851200,73203.7,73454.9,72664.1,72920,68199.78330494359,73572.72234027006,63219.224393106626,0,0
1775865600,72920,73063,72623.9,72831.6,68243.12480076365,73619.26597024113,63259.58322452082,0,0
1775880000,72831.6,72923,72571.4,72715.8,68288.8120369471,73664.88153463417,63305.088561433055,0,0
1775894400,72715.8,72887.1,72580.9,72871.5,68336.74380276384,73709.35862714154,63355.73447582558,0,0
1775908800,72871.5,72957.5,72481.3,72823.2,68386.75874570772,73753.6099895027,63410.43878949477,0,0
1775923200,72823.2,73800,72780,73658.9,68439.31958885536,73801.18544650286,63467.00852360678,0,0
1775937600,73658.9,73671.3,72859.6,73011.6,68494.06282328918,73850.5430952886,63526.09534620988,0,0
1775952000,73011.6,73104,71267.8,71561.6,68549.7507285447,73906.11660969794,63581.58891992174,0,0
1775966400,71561.6,71749.9,71380.1,71635,68605.93322897094,73959.10532005834,63640.224605874224,0,0
1775980800,71635,71740,71309.4,71426.7,68662.44840841473,74009.8117040685,63701.44326659657,0,0
1775995200,71426.7,71466.6,70567,70848.5,68718.73509490023,74060.41074947054,63762.33273965245,0,0
1776009600,70848.5,71200,70777,71049.3,68774.79516698598,74108.2203239858,63825.206294017255,0,0
1776024000,71049.3,71418.5,70450,70715,68830.44742985979,74156.24715446433,63887.139319852686,0,0
1776038400,70715,71247.8,70580.6,70947.1,68885.71678853266,74202.79902568014,63949.635859796814,0,0
1776052800,70947.1,71128.5,70628,70776,68940.4914026896,74246.86969608742,64013.356715222915,0,0
1776067200,70776,70954.2,70523.4,70889,68994.68852667294,74288.0752039049,64078.48139592657,0,0
1776081600,70889,72421.6,70724.3,71826.1,69049.09409112757,74334.45336910969,64139.536630892595,0,0
1776096000,71826.1,73447.3,71626.8,73275.6,69104.68866503346,74387.42080100642,64197.11752429244,0,0
1776110400,73275.6,74868.2,72967.5,74383.7,69162.54427348591,74448.16545517219,64252.18809806918,0,0
1776124800,74383.7,74565,73932,74413.4,69222.72165824518,74509.61055760969,64310.96818134557,0,0
1776139200,74413.4,74932.4,74128.6,74527.2,69285.27279725131,74572.79941667648,64372.65415995665,0,0
1776153600,74527.2,74900,74270.6,74342.2,69350.02001216989,74636.63076745028,64437.8668521811,0,0
1776168000,74342.2,76010.3,74226.9,75272.3,69417.40962725371,74707.84003412079,64501.620675381455,0,0
1776182400,75272.3,75649,73783.7,74170.3,69486.70229540468,74785.94276585327,64562.95952579492,0,0
1776196800,74170.3,74395,73754.5,74092.2,69557.34664440098,74863.54211463257,64627.24492518632,0,0
1776211200,74092.2,74765.6,74070.8,74299.9,69629.49257401399,74941.15680046374,64694.30741539699,0,0
1776225600,74299.9,74398.4,73455.5,73701.9,69702.5343916322,75019.5858927732,64762.33163378064,0,0
1776240000,73701.9,74222,73630.1,74158,69776.50639037714,75096.94510122016,64833.00802028544,0,0
1776254400,74158,74474.6,73519,73798.3,69851.23641626476,75175.12914317074,64904.38106981504,0,0
1776268800,73798.3,75246.7,73714.4,74960.3,69927.2699111178,75257.84250791848,64974.26599371119,0,0
1776283200,74960.3,75396,74456.9,74778.3,70004.698077172,75341.78212792265,65045.68400778193,0,0
1776297600,74778.3,75225,74381.1,74847,70083.33976402903,75426.25311574739,65118.898388641835,0,0
1776312000,74847,75136.2,74578,74668.9,70163.05263638111,75509.57238947046,65195.09777997444,0,0
1776326400,74668.9,74865,74229,74524.9,70243.4889879276,75591.89978395728,65273.49834173991,0,0
1776340800,74524.9,74976.9,73235.8,74657,70324.31797720029,75679.07565323939,65348.44217202971,0,0
1776355200,74657,75388,73837.6,75317.4,70405.95786298673,75770.25999604186,65421.4318766177,0,0
1776369600,75317.4,75506.2,74755.1,75105.6,70488.55027674939,75861.05524322897,65496.52788492293,0,0
1776384000,75105.6,75116.8,74480.2,74569.1,70571.61722753309,75950.39170980234,65573.76526955646,0,0
1776398400,74569.1,75066.2,74491.6,75047.1,70655.19678159036,76038.04945994941,65653.40467964941,0,0
1776412800,75047.1,76333,74952,75553.4,70739.86732681826,76129.09343505799,65732.14790327995,0,0
1776427200,75553.4,78043.4,75486.2,77736.7,70826.82917503313,76230.93158202163,65805.83008606975,0,0
1776441600,77736.7,78332.6,76900,77350.2,70916.29971341333,76337.3306357679,65880.2387135904,0,0
1776456000,77350.2,77570.9,76837.8,77018.5,71007.75573003611,76443.94273222033,65958.15434950456,0,0
1776470400,77018.5,77379.9,76904.4,76964.3,71100.981694229,76549.22673366303,66040.50509186873,0,0
1776484800,76964.3,77232.8,76825,76955.9,71195.75236569523,76652.7035645831,66127.28474275787,0,0
1776499200,76955.9,77011,75702.1,75993.2,71291.22923343058,76758.522579383,66213.35579195565,0,0
1776513600,75993.2,76384.4,75728.1,76120.7,71387.15452642355,76862.8040592261,66301.58623217401,0,0
1776528000,76120.7,76174.4,75380,75605,71483.09758084391,76965.93483226081,66390.84227182841,0,0
1776542400,75605,75868.1,75547.5,75650,71578.94163054791,77065.23250115986,66483.2210150313,0,0
1776556800,75650,75809.7,75302.8,75477.4,71674.45805361678,77161.63443932675,66577.48989647366,0,0
1776571200,75477.4,75748.7,74810.3,75209,71769.32091671893,77257.30091187885,66671.18012214963,0,0
1776585600,75209,75619,74881.2,75564.6,71863.56065686636,77351.15907385261,66765.27426502194,0,0
1776600000,75564.6,76211.8,75338.6,75813.4,71957.51389967496,77444.34305075632,66859.41932812805,0,0
1776614400,75813.4,75822,74550,74919,72050.46921814138,77538.36997209914,66950.98331861153,0,0
1776628800,74919,74921.4,73700.1,73765.8,72141.47793330559,77631.94509360786,67039.32037418631,0,0
1776643200,73765.8,74700,73653.6,74598.8,72230.71122100855,77724.21280523155,67125.48709327755,0,0
1776657600,74598.8,75544.5,74057.3,74785.8,72318.60609346585,77818.05223379741,67207.80894886528,0,0
1776672000,74785.8,75371.4,74564.6,75153.2,72405.35362591616,77909.70798362972,67289.88426956402,0,0
1776686400,75153.2,75759,74655,75667.3,72491.2278599466,78001.1663495488,67370.5069113123,0,0
1776700800,75667.3,76444.8,75241.9,76246.5,72576.75644152019,78093.46468842185,67449.76159769084,0,0
1776715200,76246.5,76528.2,75562.9,75789.1,72661.85836169503,78185.12865019735,67528.77115796246,0,0
1776729600,75789.1,76234.5,75440,75667.4,72746.30647438996,78274.98253471608,67608.12885929142,0,0
1776744000,75667.4,76283.3,75556.1,76056,72830.22034967654,78362.82001118033,67688.23525526088,0,0
1776758400,76056,76934.1,76024.4,76415.4,72913.99942338707,78450.11327504052,67768.56131838316,0,0
1776772800,76415.4,76559.6,75359.7,75791,72997.059161564,78537.90855850786,67847.11668591588,0,0
1776787200,75791,76147.4,74769.6,74984.9,73078.78960885055,78626.54636476832,67922.47323084339,0,0
1776801600,74984.9,76396.8,74940,76294.8,73159.7076735856,78716.91354048344,67994.82584046992,0,0
1776816000,76294.8,77700,76100,77492,73240.89933519436,78810.7331121984,68064.70544806788,0,0
1776830400,77492,78432,77320,77976,73323.0203295924,78905.79448724755,68135.24082978102,0,0
1776844800,77976,78406.5,77886.7,78264.6,73406.20878231294,78998.97369603743,68209.38596652682,0,0
1776859200,78264.6,79387.8,78056.4,79224.1,73490.98068153569,79095.33163091136,68283.72964837673,0,0
1776873600,79224.1,79423.5,78577.7,78794.2,73577.2326670481,79192.03698964037,68360.52427403933,0,0
1776888000,78794.2,78877.6,78110,78139.5,73664.32343323025,79288.04873473365,68439.47648440998,0,0
1776902400,78139.5,78548.1,77407.9,77699.4,73751.6924142436,79384.903665523,68518.21798364792,0,0
1776916800,77699.4,78310,77625.5,78018,73839.3391261603,79480.0667291796,68598.93589629332,0,0
1776931200,78018,78144.6,77114.5,77650.2,73926.85277022167,79575.10616782779,68679.51327622109,0,0
1776945600,77650.2,78633,77347.8,78339.3,74014.58977740082,79671.7864365853,68759.08957152936,0,0
1776960000,78339.3,78479,76900,77671.8,74102.07212622427,79771.19340740226,68835.83984203756,0,0
1776974400,77671.8,78297,77603.6,78214.3,74189.55592306633,79868.5438000544,68914.3678622827,0,0
1776988800,78214.3,78537,77508.3,77700.1,74276.84752023053,79965.5626860831,68992.82506397898,0,0
1777003200,77700.1,78017.7,77416,77627.1,74363.66389863976,80059.5922641659,69072.97866548126,0,0
1777017600,77627.1,78357.5,77358.9,78200,74450.20769176155,80153.1521233706,69153.03114735874,0,0
1777032000,78200,78430.2,77495,78004.2,74536.41430046663,80245.81922783215,69233.22747814748,0,0
1777046400,78004.2,78022.8,77311.9,77589.4,74621.9077983387,80335.97587942249,69314.26502892679,0,0
1777060800,77589.4,77729.1,77200,77404.9,74706.45527966402,80422.43329971336,69396.73709763681,0,0
1777075200,77404.9,77668.1,77234.3,77630.1,74790.07863451586,80504.79247956577,69481.0295123344,0,0
1777089600,77630.1,77655.5,77402.2,77457.4,74872.7326546756,80582.12093150236,69567.86481139853,0,0
1777104000,77457.4,77847.6,77447.1,77647.5,74954.51302609558,80655.51895670954,69656.4735513585,0,0
1777118400,77647.5,77717.9,77256.6,77287,75035.16763541602,80725.19792386054,69746.20721754589,0,0
1777132800,77287,77415.7,77090.2,77278.8,75114.51853958423,80790.32532169519,69837.45730651746,0,0
1777147200,77278.8,77634.2,77263.3,77591.4,75192.76537383284,80851.5159469766,69930.06746184209,0,0
1777161600,77591.4,77610.5,77284.7,77356.1,75269.80625404035,80908.5406142931,70024.05049584976,0,0
1777176000,77356.1,78179.9,77336.7,78069.3,75346.03556779583,80964.87111140531,70117.1384312109,0,0
1777190400,78069.3,78176,77880.6,78052.4,75421.57858787663,81017.56724092427,70212.11214317814,0,0
1777204800,78052.4,78150,77689.8,78010.6,75496.31273538836,81067.57332117707,70307.9295843514,0,0
1777219200,78010.6,78483.4,77794.3,78182.9,75570.39178578215,81116.43574968168,70403.53859087086,0,0
1777233600,78182.9,78942.3,77777.2,78622.1,75644.0476244533,81167.10449269145,70496.80996721754,0,0
1777248000,78622.1,79457.4,78338.7,79069.9,75717.7011370386,81219.66010930098,70588.45429496393,0,0
1777262400,79069.9,79152.5,77424,77558.2,75790.43570140349,81276.53575187572,70674.6429417793,0,0
1777276800,77558.2,77950,77503.6,77794.8,75861.94358916496,81330.01898752582,70761.50426090935,0,0
1777291200,77794.8,78244.4,76512,76755.6,75931.66078789356,81386.93679522147,70842.04587420047,0,0
1777305600,76755.6,76900,76415.8,76849.2,75999.1675927295,81439.55855606923,70922.21000696157,0,0
1777320000,76849.2,77415.6,76720,77328.7,76064.90498804432,81489.64987143868,71001.283966347,0,0
1777334400,77328.7,77448.2,76597,76765.5,76128.67651160994,81537.9393455101,71078.26655823486,0,0
1777348800,76765.5,77118.8,76323,76826.7,76190.3304945016,81583.97226360915,71153.27067067446,0,0
1777363200,76826.7,76955.6,76071.3,76193.3,76249.56069973353,81627.96292477883,71225.53716377825,0,0
1777377600,76193.3,76395.4,75620.9,76024,76306.03161345237,81668.94474860205,71295.28217263833,0,0
1777392000,76024,76347.4,75838,76285.9,76359.94364181203,81705.61060054177,71364.0220068565,0,0
1777406400,76285.9,76442.1,76136.1,76300,76411.48354542117,81737.06251059081,71432.89272055303,0,0
1777420800,76300,77093.9,76140.2,76954.7,76461.12289821116,81767.67101963166,71498.95847530877,0,0
1777435200,76954.7,77420,76844.7,77001.9,76509.23913302454,81795.6056547422,71564.5250849116,0,0
1777449600,77001.9,77860,76911.1,77544,76556.18475235974,81823.43524498191,71628.00493880355,0,0
1777464000,77544,77551.5,75661.7,75888.3,76600.93445496183,81855.52727511857,71683.652340933,0,0
1777478400,75888.3,76248.6,74900,75517,76642.74703816952,81887.8047563052,71733.64447902782,0,0
1777492800,75517,76060.7,75445.4,75750,76681.898689627,81916.129612045,71782.12172003795,0,0
1777507200,75750,76429.1,75431.7,75882.6,76718.62279244591,81943.03281467024,71827.30344483755,0,0
1777521600,75882.6,76146,75272.9,76128.4,76752.92295303415,81967.77054548105,71869.84765635026,0,0
1777536000,76128.4,76323.5,75805.3,76032,76785.0684830062,81988.53279047406,71911.84597738014,0,0
1777550400,76032,76644.3,76003.7,76422.1,76815.41486745128,82006.48507466253,71952.94318353564,0,0
1777564800,76422.1,76480,76065,76360.4,76843.95610012485,82020.3647227661,71994.23715167762,0,0
1777579200,76360.4,76547.3,76141.1,76301,76870.76881264984,82030.3091083887,72035.75315119191,0,0
1777593600,76301,77429.4,76269.5,77078.9,76896.47834554383,82041.4282889581,72074.17648947157,0,0
1777608000,77078.9,77169.7,76835.3,77102,76921.21295976097,82049.00560526934,72113.89046768541,0,0
1777622400,77102,77580,77005.8,77420.1,76945.27890411441,82054.86309416688,72153.87025675067,0,0
1777636800,77420.1,78900,77355.6,78399.2,76969.52518354755,82065.4424129048,72190.04288276598,0,0
1777651200,78399.2,78649,78080,78311.1,76994.04296964774,82075.11075675164,72227.53156412047,0,0
1777665600,78311.1,78382.3,77703,78189.3,77018.5548420223,82084.28004805939,72265.45431696012,0,0
1777680000,78189.3,78493.9,78110.4,78371.6,77043.2600023481,82091.51068259407,72305.45354122658,0,0
1777694400,78371.6,78439.1,77992.6,78187.1,77068.01356778508,82097.11878769162,72346.98127036804,0,0
1777708800,78187.1,78363.7,78050,78105.9,77092.75844390469,82100.38232880716,72390.56915335302,0,0
1777723200,78105.9,78450,78065.1,78450,77117.61271734856,82101.95281269954,72435.86769233408,0,0
1777737600,78450,78569,78265.3,78445.8,77142.64783714604,82101.54437993246,72483.26642659957,0,0
1777752000,78445.8,79182.5,78367,78655.1,77168.12440192979,82102.42985096741,72530.36767025165,0,0
1777766400,78655.1,78728.3,78060.7,78156.9,77193.60126961861,82103.31368198036,72577.48572796867,0,0
1777780800,78156.9,78433.1,78025,78320.1,77219.00096044508,82102.67426449046,72625.82081212579,0,0
1777795200,78320.1,78820.3,78307.6,78631.2,77244.6134548468,82101.48987393027,72675.0551902386,0,0
1777809600,78631.2,78861.6,78550.2,78631.5,77270.49519461305,82098.74054960742,72726.20003242264,0,0
1777824000,78631.5,78820,78522.6,78733.5,77296.62048115405,82094.4299172544,72779.20735706092,0,0
1777838400,78733.5,79421,78444,78529.9,77323.05483856992,82092.55227799571,72830.66056128794,0,0
1777852800,78529.9,80433,78220,80279.5,77350.55721571927,82100.7377466295,72875.21240121726,0,0
1777867200,80279.5,80600.9,79455,79662.5,77379.30142308386,82112.7763154067,72918.69252752366,0,0
1777881600,79662.5,79886.9,78170.4,78753.7,77408.29572870446,82130.80931074705,72957.32622031386,0,0
1777896000,78753.7,80507,78430.5,79983.5,77438.16506252572,82157.2248935388,72990.16508921277,0,0
1777910400,79983.5,80742.2,79567.9,80007.2,77469.27976279016,82187.00305841293,73022.36465174427,0,0
1777924800,80007.2,80360,79705.7,79818.9,77501.42280703713,82216.95204575786,73056.35136865976,0,0
1777939200,79818.9,81064,79752.5,80839,77535.07073515553,82251.23713764356,73089.32246022386,0,0
1777953600,80839,81300,80675,80821.9,77570.48097665876,82286.1943364261,73125.01893512068,0,0
1777968000,80821.9,81084.6,80474.4,80972.9,77607.46393353038,82321.6026578011,73163.27991366512,0,0
1777982400,80972.9,81694.6,80876.8,81490.6,77646.38980282968,82359.0255520655,73203.41406421327,0,0
1777996800,81490.6,81643.3,81005,81553,77687.18296455787,82397.40281404366,73246.22125031405,0,0
1778011200,81553,81787,80711.3,80851.6,77729.46454099327,82438.78228965552,73289.16670070305,0,0
1778025600,80851.6,81750,80638,81543.4,77773.31148202167,82483.39213320841,73332.19236559886,0,0
1778040000,81543.4,81600,81013.4,81332.1,77818.62132629947,82528.16816728555,73377.82916556369,0,0
1778054400,81332.1,82811,81276.4,82486.4,77866.09576369256,82579.04441891416,73422.12436756925,0,0
1778068800,82486.4,82514.7,81086.7,81662.2,77915.19917222922,82634.73643921848,73465.20995457491,0,0
1778083200,81662.2,81880,81133.4,81411.8,77965.55987427359,82691.00973789683,73510.14996401886,0,0
1778097600,81411.8,81664.1,80929.1,81394.2,78016.94327167036,82747.59100081593,73556.74484100708,0,0
1778112000,81394.2,81442.7,80788,80807.2,78068.96480080727,82803.66868331868,73604.99072062869,0,0
1778126400,80807.2,81671,80675.9,81481.3,78121.79396406948,82861.34651915704,73653.3371534524,0,0
1778140800,81481.3,81564,80532.2,80835,78175.06957564398,82920.42060293458,73701.28442089082,0,0
1778155200,80835,81148,79635,79864,78228.00978795943,82982.75286054109,73745.70382919894,0,0
1778169600,79864,80247.1,79461.7,80112,78280.31901142624,83043.841109658,73790.03984701277,0,0
1778184000,80112,80348.5,79539,79975.4,78331.98765928013,83103.82420884953,73834.1508235937,0,0
1778198400,79975.4,80105.5,79120,79533,78382.64469882844,83163.33404759293,73876.77586936048,0,0
1778212800,79533,79740.9,79204,79642.6,78432.2304077,83219.74741274005,73920.13263650922,0,0
1778227200,79642.6,80300,79630,80185.2,78481.2263385154,83274.38352030778,73963.95658810537,0,0
1778241600,80185.2,80477.6,79505,80120.6,78529.60722929919,83328.96371466259,74006.67111023811,0,0
1778256000,80120.6,80274.8,79689.7,80143.2,78577.35465728519,83381.25747200697,74050.22246168055,0,0
1778270400,80143.2,80385.6,80046.2,80158.1,78624.60240445823,83430.08147076279,74095.9135395966,0,0
1778284800,80158.1,80537.3,80083,80345.6,78671.44546406543,83476.3038741123,74143.15253750491,0,0
1778299200,80345.6,80641.4,80084,80189.3,78717.84050747681,83520.55044427213,74191.3023944338,0,0
1778313600,80189.3,80400,80116.5,80307.8,78763.73404565339,83561.29455276267,74241.61908953234,0,0
1778328000,80307.8,80567.5,80182.7,80493,78809.23603616553,83599.35245653965,74293.58603983058,0,0
1778342400,80493,81049.9,80446.2,80893.9,78854.68097633187,83636.39982114205,74346.34591130787,0,0
1778356800,80893.9,80898.5,80570,80628,78899.93618059155,83670.80516672696,74401.09984476367,0,0
1778371200,80628,80850,80523.8,80733.4,78944.97032825003,83702.63931134151,74457.72787338875,0,0
1778385600,80733.4,80808,80603.9,80698.8,78989.7513469862,83731.29692433104,74516.7105616113,0,0
1778400000,80698.8,80947.5,80643.6,80783.4,79034.33071726488,83757.53169054155,74577.4774620225,0,0
1778414400,80783.4,81400,80744.2,81376.4,79079.03497376539,83783.76327253188,74638.4923298401,0,0
1778428800,81376.4,81552.7,81100.1,81396.1,79123.98228876719,83808.9987225057,74700.86349512667,0,0
1778443200,81396.1,82450,80206.3,82181.9,79169.36691391567,83843.49918975962,74755.80955137107,0,0
1778457600,82181.9,82350,80482.1,80695.7,79214.71747699022,83884.29885181639,74805.07736071403,0,0
1778472000,80695.7,81017,80598.8,80705,79259.61255024583,83922.6306520799,74855.68711089247,0,0
1778486400,80705,81168.9,80580.2,81161.4,79304.21495484066,83959.71417369241,74906.8594563438,0,0
1778500800,81161.4,81425,80410,81403.8,79348.5983580813,83998.06685232697,74956.48765894998,0,0
1778515200,81403.8,82107.6,81304.3,81920.3,79393.38683731647,84037.06201938287,75006.30938342346,0,0
1778529600,81920.3,82039.1,81551,81699.8,79438.50802481585,84074.86548594257,75057.82519823182,0,0
1778544000,81699.8,81768.1,80660.1,81015.5,79483.32584654597,84114.36830054299,75107.2523668637,0,0
1778558400,81015.5,81278.6,80760,80816.1,79527.62481032175,84151.97030761113,75157.39779891132,0,0
1778572800,80816.1,80939.8,80460,80738,79571.15781242076,84187.26854796754,75208.15516186533,0,0
1778587200,80738,81000,80115,80292,79613.68359864032,84222.37593919273,75257.18130678947,0,0
1778601600,80292,80830,79800.1,80791.6,79655.2089577876,84258.10906316654,75303.75870828204,0,0
1778616000,80791.6,80840,80382.9,80459.8,79695.81979374298,84291.23627855841,75350.93768950213,0,0
1778630400,80459.8,81274.4,80362.9,81214.2,79735.88748149594,84324.78535406935,75396.7143321636,0,0
1778644800,81214.2,81245.8,80850,80981.1,79775.46842946987,84355.86607975421,75443.77953661676,0,0
1778659200,80981.1,81305.9,80456.1,80460.1,79814.27429044913,84386.83172849975,75489.48396364095,0,0
1778673600,80460.1,80560,78754.2,78792.5,79850.98014210477,84421.81210677697,75527.62574665183,0,0
1778688000,78792.5,79769.7,78724.9,79608.6,79885.6385996156,84456.27218891277,75562.3601310948,0,0
1778702400,79608.6,79743.2,79185.7,79285.8,79918.3393647116,84487.42226948265,75596.35263153497,0,0
1778716800,79285.8,79663.9,78863.2,79003,79948.91209213293,84516.54819112825,75628.1306030261,0,0
1778731200,79003,79974.3,78930.1,79711,79977.7698268287,84545.46994563556,75656.84679009099,0,0
1778745600,79711,79900,79191,79215,80004.85769244625,84572.12920265668,75684.23917826002,0,0
1778760000,79215,81295.5,79190.5,81244,80031.327175284,84605.68307505334,75704.29191802032,0,0
1778774400,81244,81999,81018.8,81374.5,80058.02582117886,84640.20188875753,75723.91553139557,0,0
1778788800,81374.5,81542.9,81018,81052.6,80084.67175121649,84672.80272868107,75745.15597471349,0,0
1778803200,81052.6,81639.1,80700,81019,80111.16073866918,84705.79068858242,75765.75370734307,0,0
1778817600,81019,81065.8,80258,80788.9,80137.07736416678,84737.98610672493,75785.97820795738,0,0
1778832000,80788.9,80800.8,80312,80578.5,80162.28650306296,84767.44089252727,75807.31598994911,0,0
1778846400,80578.5,80604.3,78610,79120.2,80185.71170074442,84801.80105268183,75820.8939095588,0,0
1778860800,79120.2,79525.1,79003.3,79092.9,80207.17462758136,84832.11097966992,75834.3837898959,0,0
1778875200,79092.9,79183.4,78846.1,79069.5,80226.5681638772,84857.2719196023,75848.56422736855,0,0
1778889600,79069.5,79192.8,78964.8,79030,80243.99121481752,84876.87413462708,75863.98759066414,0,0
1778904000,79030,79088.3,78010,78329.8,80258.93467440137,84895.50320190063,75875.59237089974,0,0
1778918400,78329.8,78500,77601,78041.1,80271.06625309668,84911.71982791234,75884.03686166932,0,0
1778932800,78041.1,78318,77795.4,78189.9,80280.54862284462,84923.45428236871,75891.4782923872,0,0
1778947200,78189.9,78337.4,78072.9,78226.9,80287.59726694114,84929.48405682498,75899.41639802678,0,0
1778961600,78226.9,78288.4,78084.1,78106.5,80292.25828002373,84929.64168352103,75908.088294183,0,0
1778976000,78106.5,78207.1,77675,77984.9,80294.42797313431,84925.9024137806,75915.53319175202,0,0
1778990400,77984.9,78284.4,77956.4,78142.9,80294.38337481301,84917.4141215109,75923.03732089594,0,0
1779004800,78142.9,78569.9,77995.2,78382.9,80292.40712983532,84906.03223760492,75929.47724446731,0,0
1779019200,78382.9,78528.7,77792.2,78002.8,80288.37901797597,84892.63186430465,75933.84330029998,0,0
1779033600,78002.8,78444.4,77781.6,78370,80282.48239872389,84876.97953797082,75936.69114035844,0,0
1779048000,78370,78457.1,76671.5,77416.4,80274.1241487774,84865.13861669769,75931.47331035463,0,0
1779062400,77416.4,77443.8,76659.1,76900.4,80262.90472676988,84850.52018781481,75923.3279998639,0,0
1779076800,76900.4,77061.5,76540,77043.1,80248.84013321812,84831.57697436896,75913.67003200408,0,0
1779091200,77043.1,77378.1,76616.2,77262,80232.27424325478,84810.15840084206,75901.49519377542,0,0
1779105600,77262,77766.4,75999.9,76381.2,80212.96123397541,84791.99735894665,75881.20754705112,0,0
1779120000,76381.2,76972.9,76105.3,76903.8,80190.98553610283,84771.5741772349,75857.9066587437,0,0
1779134400,76903.8,77193.3,76753.8,76963.9,80166.79837434355,84746.76122534821,75834.35011166404,0,0
1779148800,76963.9,77377.6,76433.4,76755.2,80140.40582221963,84720.66275230491,75807.77152472553,0,0
1779163200,76755.2,77256.7,76600.1,77196.8,80112.09494347534,84691.82066377344,75780.0187306359,0,0
1779177600,77196.8,77298.1,76588.3,76671,80081.81261161633,84660.52510842143,75750.73155935462,0,0
1779192000,76671,77024.9,76105,76497,80049.36387194584,84627.8618363322,75718.56971520655,0,0
1779206400,76497,77054,76379.4,76789.5,80015.07747824762,84592.66249873607,75685.20052132927,0,0
1779220800,76789.5,77014.9,76613,76806.1,79979.1400261215,84553.52199119957,75652.2340959815,0,0
1779235200,76806.1,76898,76465.9,76688.7,79941.53294575747,84510.70426397776,75619.39928645946,0,0
1779249600,76688.7,77445,76643.6,77253.9,79902.79935150992,84467.0490914024,75585.18277700205,0,0
1779264000,77253.9,77635,77163.6,77350.1,79863.2961391546,84420.9532182009,75551.69453873446,0,0
1779278400,77350.1,77838.9,76850,77421.9,79823.08423449557,84375.61246750993,75516.18993178749,0,0
1779292800,77421.9,77691.9,76977.7,77638.1,79782.30044512404,84329.48815254535,75480.30473992527,0,0
1779307200,77638.1,77738.6,77176.9,77518.9,79741.05269312776,84281.80184878536,75444.9400122764,0,0
1779321600,77518.9,78142.8,77476,78050,79699.81004721392,84233.70193812698,75409.95558081756,0,0
1779336000,78050,78153.6,77479.5,77840.1,79658.54861329056,84185.22896500022,75375.27004665026,0,0
1779350400,77840.1,78173,77073.4,77159.5,79616.95785319571,84138.57861306217,75338.32972088574,0,0
1779364800,77159.5,77375,76680.1,77225.5,79574.72082846743,84090.98238000071,75301.01344653209,0,0
1779379200,77225.5,78070.1,76970,77666.6,79532.38026259137,84045.37740692556,75261.71819786727,0,0
1779393600,77666.6,77782.8,77498.7,77588.4,79490.03644551017,83996.993693265,75224.9052767608,0,0
1779408000,77588.4,77771.7,77280.1,77738.7,79447.70521441684,83947.1938635552,75189.38481846191,0,0
1779422400,77738.7,77865,77227.6,77366.9,79405.31877242216,83896.82790089848,75154.26753438021,0,0
1779436800,77366.9,77504,77155,77394.9,79362.78770848585,83844.1500757539,75120.94841645466,0,0
1779451200,77394.9,77550,76530,76755.9,79319.75762873482,83792.84438359813,75085.45624109136,0,0
1779465600,76755.9,77070,75611.7,75831.3,79275.5195809357,83744.73616776425,75044.81227617081,0,0
1779480000,75831.3,76065.7,75311,75509.6,79229.62538318183,83695.02013988417,75002.47359840132,0,0
1779494400,75509.6,75626.4,75185.1,75592.4,79182.03251764085,83641.78402984132,74960.0734411383,0,0
1779508800,75592.4,75614.1,74221.4,74568.3,79132.18710275317,83590.27958446517,74911.85657942075,0,0
1779523200,74568.3,74844.7,74302.7,74757.8,79080.07076556861,83535.18744739721,74862.5553300556,0,0
1779537600,74757.8,75674.2,74607.9,75487.4,79026.47078807495,83480.51714135864,74810.06705604632,0,0
1779552000,75487.4,75992.3,75327.8,75949.8,78972.01276286099,83424.39841601538,74757.2522934755,0,0
1779566400,75949.8,77371.9,75906.2,76709,78917.69522354472,83372.570211032,74700.85909108982,0,0
1779580800,76709,76980,76591.1,76704.8,78863.66137043922,83318.65791385053,74646.87070670408,0,0
1779595200,76704.8,77056.9,76613.7,76778.5,78810.00927550552,83263.18653272375,74595.00195280467,0,0
1779609600,76778.5,77490,76701.6,77280.6,78757.11173533904,83208.64291771725,74543.73045149099,0,0
1779624000,77280.6,77290,76144.1,76329.9,78704.42437548484,83156.56210425825,74490.65064173947,0,0
1779638400,76329.9,76760,76329.9,76734.9,78652.01013037613,83102.71962982732,74439.66605550722,0,0
1779652800,76734.9,77200,76062.2,77032.5,78600.06368222268,83051.55573822919,74387.16777710764,0,0
1779667200,77032.5,77449.9,76859.9,76994.4,78548.94708148419,83000.11959809306,74336.48430250646,0,0
1779681600,76994.4,77641,76952.4,77381.7,78498.89296070344,82949.2721345224,74287.2847161657,0,0
1779696000,77381.7,77682,77244.8,77327.7,78449.99405447199,82897.67056682229,74240.94700207215,0,0
1779710400,77327.7,77885,77247.9,77597.9,78402.40165805134,82846.7148135301,74196.50374291638,0,0
1779724800,77597.9,77788,77310,77402.7,78356.02909141991,82795.4297569724,74154.66424894556,0,0
1779739200,77402.7,77472,76974.1,77280.5,78310.61512347758,82743.74169677806,74115.00030408014,0,0
1779753600,77280.5,77316.3,76436,76625.3,78265.7203848637,82693.49064627998,74075.03226056197,0,0
1779768000,76625.3,77023.1,76559.9,76687.1,78221.33066267916,82642.2033640049,74036.94869666504,0,0
1779782400,76687.1,77589.1,76536.2,77159.9,78177.7990558319,82593.7352576072,73997.96420577931,0,0
1779796800,77159.9,78049,76216.4,76464.2,78134.94856910408,82552.32103583876,73953.94958363581,0,0
1779811200,76464.2,76689.1,75733,76019.8,78092.03977061046,82511.88907320608,73908.94505062197,0,0
1779825600,76019.8,76143.1,75627.9,75897.4,78048.86219065389,82469.59897040631,73865.09653625965,0,0
1779840000,75897.4,76077.9,75550,75621.3,78005.33187205245,82425.5068184565,73822.19455284615,0,0
1779854400,75621.3,75929.1,75235.7,75920,77961.4533107721,82380.6643123367,73779.30553319787,0,0
1779868800,75920,76028.5,75655,75729.6,77917.39427655457,82333.37312514933,73738.26797573036,0,0
1779883200,75729.6,76136.8,74707.5,75297.1,77872.78497963531,82289.58415391784,73693.05244199363,0,0
1779897600,75297.1,75379,74626.9,75034.6,77827.32777996032,82244.8283730335,73647.0981725021,0,0
1779912000,75034.6,75379,74201.2,74412.4,77780.7555392441,82201.36514466898,73597.87664849995,0,0
1779926400,74412.4,74557.7,73020,73231.8,77732.09085252266,82160.30544003916,73542.54485719396,0,0
1779940800,73231.8,73479.6,72687.4,73460.3,77681.07415430191,82116.71727127982,73485.02816827355,0,0
1779955200,73460.3,73588.9,73171.7,73474.1,77628.06971902779,82068.68960563585,73427.72544876128,0,0
1779969600,73474.1,73561.4,72552,72896.6,77572.80298572825,82019.63398260712,73367.06433411632,0,0
1779984000,72896.6,73729,72696.2,73397.4,77515.70904376535,81970.06707397124,73303.40651222527,0,0
1779998400,73397.4,73920,73195.7,73597.6,77457.23042584807,81918.4943176216,73238.92602298889,0,0
1780012800,73597.6,73853.8,73140.5,73264,77397.33449038432,81864.83197521935,73173.63563428218,0,0
1780027200,73264,73911.1,73169.5,73480,77336.24818674599,81809.50406816136,73107.58513606022,0,0
1780041600,73480,73877.5,73311.2,73449.9,77274.11337392508,81751.6132041846,73041.84423629912,0,0
1780056000,73449.9,74187.8,72460.7,73774.1,77210.96718290301,81698.26043903921,72970.13940422444,1,0
1780070400,73774.1,74310,73123.9,73491.1,77147.08867428279,81646.17777315436,72895.92058373845,0,0
1780084800,73491.1,73819.7,73276.2,73437.3,77082.44329983588,81591.3821800844,72822.67938491574,0,0
1780099200,73437.3,73756.4,73372.7,73495.8,77017.1618956539,81533.12584916971,72751.32855122551,0,0
1780113600,73495.8,73694.2,73160.3,73515.7,76951.2532705942,81472.43862009227,72680.96401934396,0,0
1780128000,73515.7,73646,73464.9,73569.4,76884.91666208272,81407.4860824179,72613.59728208218,0,0
1780142400,73569.4,74076.8,73556,73889.3,76818.52057202478,81340.84681924804,72547.62316389108,0,0
1780156800,73889.3,74117.7,73780.4,73978.8,76752.25289299441,81271.69462004791,72484.13302676492,0,0
1780171200,73978.8,74025.3,73740.4,73854.1,76686.08836527304,81199.81373875045,72423.2714090578,0,0
1780185600,73854.1,74246.1,73817.6,74109.9,76620.27319413699,81126.44449426742,72364.3973422134,0,0
1780200000,74109.9,74197.4,73800,73842.4,76554.74622597854,81051.4285049698,72307.5370517945,0,0
1780214400,73842.4,74003.4,73687.6,73911,76489.4807395727,80974.3545093239,72253.00774871609,0,0
1780228800,73911,74007.2,73467.8,73617,76424.36018683598,80896.5440113223,72199.41100512006,0,0
1780243200,73617,73699.5,73351,73520.6,76359.26933120193,80816.8003672024,72147.597854682,0,0
1780257600,73520.6,74173.8,73452.3,73649.6,76294.50693953439,80737.73938204677,72095.79849149224,0,0
1780272000,73649.6,74057.6,73176,73726.2,76230.01772498243,80660.25756799828,72043.1074429973,0,0
1780286400,73726.2,73806,72654.8,72770.2,76165.27628925678,80585.38030759155,71987.6147519071,0,0
1780300800,72770.2,73064.9,72160.5,72449.7,76099.835905451,80511.08818536293,71930.27886423994,0,0
1780315200,72449.7,72590,71040,71103.9,76032.79584965602,80440.34199427886,71866.75120210987,0,0
1780329600,71103.9,71800,70650.4,71576.1,75964.05500981548,80370.42882391789,71799.26420670019,0,0
1780344000,71576.1,71683.1,70805,71391.3,75893.71040647085,80299.6711390236,71729.50022782994,0,0
1780358400,71391.3,71398.4,70063.9,70933.9,75821.39742794025,80230.47719572695,71654.61940231171,0,0
1780372800,70933.9,71039.2,69705.1,70080.8,75746.73695102292,80162.30931625592,71574.38711117512,0,0
1780387200,70080.8,70150.7,69290,69434.2,75669.23409958895,80091.6070854034,71491.04878258737,0,0
1780401600,69434.2,69519,67030.4,67269.4,75587.31111276422,80027.09383660363,71393.84085249057,0,0
1780416000,67269.4,68112.1,66356,67287.9,75500.51541750674,79963.29905063892,71286.80152002341,0,0
1780430400,67287.9,67891.4,66160,66725.2,75408.80876378473,79899.75423152455,71170.2869910637,0,0
1780444800,66725.2,67174.6,65400,65818.7,75311.64700238386,79835.9967308936,71043.69465480573,0,0
1780459200,65818.7,67497.5,65797.2,67188.5,75210.14743608124,79772.36376153813,70908.84625490269,0,0
1780473600,67188.5,67450,66627.5,67044.9,75104.85016095001,79703.45187165003,70771.57118341977,0,0
1780488000,67044.9,67220,66041.3,66046.9,74995.38770391773,79631.20974038559,70629.44535436993,0,0
1780502400,66046.9,66346.9,65201.2,65428.4,74881.22065577828,79554.84294546088,70482.16047316427,0,0
1780516800,65428.4,65827.8,64035.3,64115.2,74761.58508294875,79477.81944549119,70325.21328731634,0,0
1780531200,64115.2,64500,61333,64335.8,74635.43879002622,79408.48731063622,70149.28645585255,0,0
1780545600,64335.8,64734.4,63376.4,63562.6,74503.79431069443,79334.66604455854,69967.08555592371,0,0
1780560000,63562.6,63881.6,62133,62519.2,74365.87038979579,79258.18088812806,69775.5438853414,0,0
1780574400,62519.2,64473.6,62355.7,63866.9,74222.93501101011,79182.52052251867,69573.9924076036,0,0
1780588800,63866.9,64121.5,62904.7,63597.3,74075.35678290717,79101.60402643941,69368.48563375439,0,0
1780603200,63597.3,63893.6,63072.4,63849.1,73923.59147115253,79013.17565160581,69161.84966529431,0,0
1780617600,63849.1,63954.5,62297.6,62695.3,73767.30595811509,78922.60573172361,68948.75527571258,0,0
1780632000,62695.3,63684.4,61076.6,63080.1,73606.47286838082,78836.27099156695,68723.6062789326,0,0
1780646400,63080.1,63268.5,61925.2,61925.2,73441.21655363905,78745.10590186233,68494.57153058381,0,0
1780660800,61925.2,62430,60013,60400.7,73270.29966418266,78655.33752362436,68253.94158745641,0,0
1780675200,60400.7,61529.7,59081.4,60269.6,73093.42776257388,78566.64844993914,68001.49029504317,0,0
1780689600,60269.6,61992.8,59902.9,61026.6,72911.88132167594,78477.25152655628,67741.19040174593,0,0
1780704000,61026.6,61496.4,60488.7,60661.7,72725.98721177183,78379.62677798567,67480.15311310886,0,0
1780718400,60661.7,61268.3,59428.7,60975.3,72535.79316227863,78279.76474225706,67213.29972061898,0,0
1780732800,60975.3,61473,60073.8,60771.6,72341.97307398643,78174.98781004341,66944.18783862003,0,0
1780747200,60771.6,61168.3,60350.6,60754.3,72144.90645956123,78061.58045437824,66676.68650522323,0,0
1780761600,60754.3,60950,60365.4,60557.8,71944.82269793458,77938.29555804751,66412.24927971612,0,0
1780776000,60557.8,60967.8,60394,60855.6,71742.2271595089,77805.80038326526,66151.20122732647,0,0
1780790400,60855.6,61747,60711.1,61668.6,71538.19161487273,77668.5926328807,65891.66464900876,0,0
1780804800,61668.6,62381.8,61443.2,62368.6,71333.78347225403,77527.14276456145,65635.18895465393,0,0
1780819200,62368.6,62950,62220.1,62598.2,71129.82523800945,77380.97149413191,65383.67173089114,0,0
1780833600,62598.2,62617.3,61524.5,62070.7,70925.94860533674,77232.32414035605,65134.51772375575,0,0
1780848000,62070.7,62313.4,61138.5,61299.8,70721.83625532725,77081.48770088668,64886.89142500535,0,0
1780862400,61299.8,64250,61178.7,63306.5,70519.17738184659,76942.7675930829,64631.862541157265,0,0
1780876800,63306.5,63842.9,62678.8,63095.9,70318.43671035254,76803.36891271884,64381.06311465464,0,0
1780891200,63095.9,63331.4,62374,63263.5,70119.50419123207,76661.90371169998,64135.43924651885,0,0
1780905600,63263.5,63888.6,62951.3,63451.4,69922.97600551986,76518.94873346038,63895.57951846945,0,0
1780920000,63451.4,64220.9,62672.7,63745.6,69729.0671264433,76378.8345093555,63658.2481725154,0,0
1780934400,63745.6,64025.9,63226.3,63342.1,69537.83975023098,76236.67473325756,63427.62422479264,0,0
1780948800,63342.1,63840.7,62939,63056.4,69349.09884495792,76093.10750418056,63202.80073124258,0,0
1780963200,63056.4,63155.2,62386.1,62844.7,69162.41148623069,75946.98066560487,62983.92800698969,0,0
1780977600,62844.7,63501,62718.5,63170.6,68978.23046447171,75799.02236182133,62771.209044066694,0,0
1780992000,63170.6,63182.3,62462.9,62676.2,68796.25286140226,75648.67760834351,62564.53592320286,0,0
1781006400,62676.2,62878,61000.3,61104.9,68615.37994807016,75502.6185941591,62356.3851569811,0,0
1781020800,61104.9,62087.1,60705,62071.5,68435.70964163332,75357.56262070483,62149.65281888173,0,0
1781035200,62071.5,62250.1,61520,61699.9,68257.59199341894,75209.4950593268,61948.280081721816,0,0
1781049600,61699.9,61948.5,61206,61517.2,68080.85821006795,75058.51307344672,61751.86617517862,0,0
1781064000,61517.2,61766.4,61039.8,61655.2,67905.55529797726,74904.74630688029,61560.37724812499,0,0
1781078400,61655.2,61702.6,60614.5,60998,67731.39337484418,74750.45282426354,61371.422849880015,0,0
1781092800,60998,62846.8,60917.1,62606.5,67559.58149733987,74602.41362380754,61181.62711345738,0,0
1781107200,62606.5,62620,61550.4,61916.4,67390.0876863553,74454.75054648485,60995.75762515351,0,0
1781121600,61916.4,61922.3,61069.5,61476.4,67222.4111988251,74305.62459531617,60814.407953563845,0,0
1781136000,61476.4,63023.2,61476.4,62671.5,67057.58303310639,74160.70881396029,60634.79589336772,0,0
1781150400,62671.5,63037.9,62518.2,62692.6,66896.00809977205,74013.72955819203,60462.780708359205,0,0
1781164800,62692.6,63235.9,62692.1,63075.2,66737.9543823446,73865.37169182058,60298.275810789884,0,0
1781179200,63075.2,63216.6,62468.2,62726.3,66583.21332497151,73716.94065041601,60139.83024204144,0,0
1781193600,62726.3,63900,62315,63580.1,66432.25433524014,73574.36945389796,59983.448703932045,0,0
1781208000,63580.1,63699.9,63239.8,63600,66285.30061727796,73430.70600902007,59835.20133094175,0,0
1781222400,63600,63780,63258,63494.7,66142.3072871491,73286.53663332027,59694.52254452175,0,0
1781236800,63494.7,63849.6,62810,63063.2,66002.9586431078,73144.97883579964,59558.29940730852,0,0
1781251200,63063.2,63934.9,63061,63730.5,65867.55778243604,73005.37858436428,59427.61002477349,0,0
1781265600,63730.5,64371.8,63010.1,63565.7,65736.12696579455,72870.8691859156,59299.94299146174,0,0
1781280000,63565.7,64080.8,63477.3,63549.1,65608.66278103148,72736.71615990876,59179.14444270267,0,0
1781294400,63549.1,63666.9,63358.7,63547.1,65484.92812305741,72601.0374427254,59066.31588653255,0,0
1781308800,63547.1,63816.6,63372.8,63493.9,65364.90746621151,72464.92335375385,58960.54160174674,0,0
1781323200,63493.9,63867.3,63445.8,63821.6,65248.69470463814,72328.56363470733,58861.83751914211,0,0
1781337600,63821.6,63947.9,63694.6,63936.3,65136.37244855291,72191.24019755732,58770.9395786244,0,0
1781352000,63936.3,64316.4,63884.7,64263.6,65028.15922062474,72054.54277058768,58686.9519814515,0,0
1781366400,64263.6,64310.9,63876.1,64267,64923.965996673214,71918.59974843025,58609.61386180467,0,0
1781380800,64267,64746.9,64185.1,64416.6,64823.99791828934,71784.58777795277,58538.34139312267,0,0
1781395200,64416.6,64685.9,64337.8,64508.8,64728.21555179383,71651.33369512332,58474.02514999723,0,0
1781409600,64508.8,64528.3,64176.6,64401.5,64636.38056194137,71518.81506371421,58416.25995098166,0,0
1781424000,64401.5,64641.8,64288.2,64516.1,64548.509345673025,71387.26391231222,58364.89354552552,0,0
1781438400,64516.1,64533.1,63831,63991.6,64464.15261650195,71258.48315676808,58317.64568186654,0,0
1781452800,63991.6,64211.1,63643.7,63775.1,64382.99587966227,71131.41994348646,58274.812477157415,0,0
1781467200,63775.1,65770,63760.9,65710,64306.13019657882,71015.90498652494,58230.31307766907,0,0
1781481600,65710,65983,65317,65895.4,64234.05028209875,70904.18165364281,58191.39463167629,0,0
1781496000,65895.4,65997.9,65564.4,65644,64166.60935361537,70794.82726122337,58158.96323536464,0,0
1781510400,65644,66372.8,65468.6,66202.4,64103.92229752825,70690.85390019554,58130.75705280414,0,0
1781524800,66202.4,67276,66067.3,67256.4,64046.62516671248,70594.67005401521,58105.94754684402,0,0
1781539200,67256.4,67265.8,66275.2,66580.1,63994.3799086723,70504.58774285874,58085.30750979794,0,0
1781553600,66580.1,66656.3,66060.1,66287.2,63946.661801394024,70417.80351319996,58070.19463160821,0,0
1781568000,66287.2,66434.7,65605.5,66121.5,63903.0505212263,70335.32242406803,58059.01963877307,0,0
1781582400,66121.5,66566.9,65763.1,66338.4,63863.56037883419,70257.04386494578,58051.89230707107,0,0
1781596800,66338.4,66970,66304.8,66460.3,63828.37407570722,70182.39221140745,58049.62197464417,0,0
1781611200,66460.3,66795.3,65327.4,65835.3,63796.78221421035,70115.30798761474,58047.6580321992,0,0
1781625600,65835.3,66263.6,65525,65656.3,63768.494900605634,70051.1635968082,58049.299013697586,0,0
1781640000,65656.3,65918.4,65558.8,65640,63743.28996264093,69987.6046849572,58056.094840671765,0,0
1781654400,65640,66108.3,65421.3,65828.4,63721.12980414518,69926.63152337578,58066.32315985896,0,0
1781668800,65828.4,66020.9,65159.5,65505.9,63701.69115578876,69868.9712922673,58078.792073994664,0,0
1781683200,65505.9,65545.3,64529.6,64773.7,63684.29531993229,69814.83482487449,58092.0871698652,0,0
1781697600,64773.7,65838.6,64552.6,65712.8,63669.26361879381,69766.09710090645,58105.23016496491,0,0
1781712000,65712.8,66444.7,64001.8,64267.2,63656.06919465763,69728.76599525222,58112.245175699,0,0
1781726400,64267.2,64502.8,63869.6,64476.6,63644.05279539484,69691.3218630045,58121.51854696331,0,0
1781740800,64476.6,64781.8,64220,64255.4,63633.30416247257,69653.51404311066,58133.42591915146,0,0
1781755200,64255.4,64478.2,63656.3,64467.1,63623.56934614629,69616.71791941495,58146.35761814587,0,0
1781769600,64467.1,64619.4,63851.1,63943,63614.75330427372,69580.5322413473,58160.47546067526,0,0
1781784000,63943,64409.8,62216.9,62326.1,63605.70997182659,69552.27273471227,58167.564939987824,0,0
1781798400,62326.1,62971.6,62216.4,62915.9,63596.18168536842,69522.82725200645,58174.76769605432,0,0
1781812800,62915.9,63238.3,62703.9,62920.1,63586.44595427111,69491.20331913364,58183.423454723525,0,0
1781827200,62920.1,63076.6,62345.3,62742.7,63576.29421485125,69458.47355905212,58192.25472406837,0,0
1781841600,62742.7,62888.6,62365.1,62589.8,63565.64980672607,69423.36597670207,58202.18853559081,0,0
1781856000,62589.8,62755.5,62271.6,62596.7,63554.472932493794,69385.71170423621,58213.29680877918,0,0
1781870400,62596.7,63397.3,62309.7,63187,63543.21171702073,69349.69920767625,58222.887791086294,0,0
1781884800,63187,63363.5,62827.2,62999.9,63531.97704104897,69312.09646113607,58233.87709831531,0,0
1781899200,62999.9,63641.1,62926.9,63508.9,63521.06523922596,69274.36794675994,58245.579840252,0,0
1781913600,63508.9,63767.2,63286,63443.1,63510.60785340035,69235.3150793784,58259.24682055499,0,0
1781928000,63443.1,63945.7,63365,63624.3,63500.73608649034,69195.7687807676,58274.42276567138,0,0
1781942400,63624.3,63790.4,63360,63652.9,63491.39153435791,69154.86490770896,58291.73123754835,0,0
1781956800,63652.9,64356.6,63154.5,64135.6,63482.83041136567,69117.51471206892,58307.50387693707,0,0
1781971200,64135.6,64140.6,63700.8,63908.6,63475.05969897428,69079.15938540592,58325.59688963958,0,0
1781985600,63908.6,64339.3,63822.7,64265.4,63468.2683610091,69040.55802003035,58345.72031669245,0,0
1782000000,64265.4,64449,64169.2,64394.1,63462.6060422657,69000.57793074031,58369.11061409436,0,0
1782014400,64394.1,64589.1,64137,64158.5,63457.98833697507,68960.27339874888,58394.72619968939,0,0
1782028800,64158.5,64452.2,63867.9,64140,63454.23915357727,68920.32833613316,58421.66692709181,0,0
1782043200,64140,64327.1,63915.6,64194.3,63451.31687845354,68879.7567263782,58450.69444137713,0,0
1782057600,64194.3,64267.5,63909.8,64169.9,63449.15970730573,68838.28487564305,58481.931600065625,0,0
1782072000,64169.9,64239.7,63209.3,63283.4,63447.220070364194,68799.37249108333,58511.43097531815,0,0
1782086400,63283.4,64827.6,63279.8,63931.6,63445.908478770914,68766.36781543732,58537.093503329095,0,0
1782100800,63931.6,64387.6,63835,64184.1,63445.31601919878,68733.38927299889,58564.08606286052,0,0
1782115200,64184.1,64757.2,64008.7,64630.4,63445.726173459574,68701.92490610515,58591.66501053746,0,0
1782129600,64630.4,65596,64558.4,64801,63447.58674670273,68674.07330110345,58618.86546804972,0,0
1782144000,64801,64828.5,64203.5,64445.2,63450.366874025036,68646.87445857257,58647.23031021575,0,0
1782158400,64445.2,64635,63771,63989.3,63453.680565171184,68621.35294189546,58675.17040470009,0,0
1782172800,63989.3,64252.8,63796.9,64035.1,63457.40258628517,68595.00246989598,58704.59651583388,0,0
1782187200,64035.1,64063.7,62530,62853.8,63460.66479216997,68573.31308266502,58729.2022919953,0,0
1782201600,62853.8,62916.5,61878.4,62470.1,63462.77412760556,68552.51824571287,58750.92269456279,0,0
1782216000,62470.1,62822.5,61921.9,62459.2,63463.75845946163,68531.7627310848,58770.539050705265,0,0
1782230400,62459.2,62804.4,62068,62358.3,63463.67454377029,68510.09520223942,58788.970803618795,0,0
1782244800,62358.3,62772.3,62337.5,62693.7,63462.75601279894,68485.98602710092,58807.963999325315,0,0
1782259200,62693.7,63113.4,62427,62707.1,63461.184710082016,68461.19798827203,58826.343726808,0,0
1782273600,62707.1,63060.4,62501,62629.9,63458.97227713715,68435.01684276156,58844.74569098328,0,0
1782288000,62629.9,63232.7,62277,62887.9,63456.215888060986,68409.93937293219,58861.20309040132,0,0
1782302400,62887.9,62950,60220,60238.3,63451.29800589533,68394.92966089332,58864.99538188649,0,0
1782316800,60238.3,60637.1,59065.8,59923.7,63443.04187904659,68381.49915156863,58861.2360478518,0,0
1782331200,59923.7,61239.6,59814.4,61054.7,63432.4421160795,68369.4965680248,58851.89908933128,0,0
1782345600,61054.7,61146,60650,60853.3,63419.79344950765,68353.37502313712,58842.305881995904,0,0
1782360000,60853.3,61942.3,60755.1,61881.2,63405.84150217749,68338.16507334626,58829.50957615454,0,0
1782374400,61881.2,61894.7,61031.2,61252.3,63390.52444890155,68321.73963592965,58815.226475784504,0,0
1782388800,61252.3,61765.8,58042.6,59531.7,63372.28909883047,68320.18331489035,58782.731994667396,0,0
1782403200,59531.7,60037.7,59103.7,59295.3,63350.97368068353,68315.34596149063,58747.35478252544,0,0
1782417600,59295.3,60236.8,59290.8,59767.3,63327.02918521076,68307.74730321832,58709.48441064444,0,0
1782432000,59767.3,60101.7,58289.5,60003.6,63300.28868899792,68302.64307443544,58664.29713040204,0,0
1782446400,60003.6,60731.3,59672.2,60487,63271.75186876739,68296.0371770382,58617.08453398848,0,0
1782460800,60487,60539.3,59214.1,59389.2,63240.9344703825,68289.03756189201,58566.00027584875,0,0
1782475200,59389.2,60475.3,58450,60291.9,63207.9945768407,68286.09929422633,58507.52378183837,0,0
1782489600,60291.9,60585,59505,59735.5,63173.26675316607,68281.3375643429,58447.32652616839,0,0
1782504000,59735.5,60090,59541.5,60073.4,63136.8249689884,68271.53838373597,58388.29417844649,0,0
1782518400,60073.4,60392,59839.4,60277.2,63099.05441643746,68257.23454038653,58330.67652180901,0,0
1782532800,60277.2,60557.7,60082.3,60525.6,63060.27370072669,68238.39415091826,58275.08353165211,0,0
1782547200,60525.6,60525.6,60170,60335.4,63020.52174966541,68214.4540562948,58222.06182757766,0,0
1782561600,60335.4,60918.3,60209.5,60812.8,62980.18667294927,68188.13619087625,58170.0004566229,0,0
1782576000,60812.8,60823.3,60025,60141.3,62939.01653994316,68159.78327757865,58118.13964963597,0,0
1782590400,60141.3,60450,59807.5,59995.3,62896.84244436941,68128.31541600738,58067.0865750238,0,0
1782604800,59995.3,60308.4,59943.5,60169.7,62853.80866590749,68092.26534572973,58018.35559078314,0,0
1782619200,60169.7,60236.4,59715.9,60188.8,62809.9027312865,68052.73250423081,57970.98420505609,0,0
1782633600,60188.8,60522.5,60032.7,60320.4,62765.454526689835,68009.9771137349,57925.358147876366,0,0
1782648000,60320.4,60443.5,59784.9,59862.2,62720.269659277066,67964.94185760808,57880.31474188738,0,0
1782662400,59862.2,59919.6,59225.4,59450.6,62673.922376367125,67917.48437232619,57835.18901414747,0,0
1782676800,59450.6,59882.3,58860,59550.4,62626.40926510306,67869.69282009325,57788.19638740186,0,0
1782691200,59550.4,60223.4,58850.6,60017.7,62578.10104414097,67824.06367455404,57737.89593441763,0,0
1782705600,60017.7,60321.7,59340,59988.7,62529.27027667011,67778.31125192878,57686.73738122378,0,0
1782720000,59988.7,60307.7,59704.2,59933.1,62480.088451494885,67730.2685566039,57636.88135451806,0,0
1782734400,59933.1,60775,58973.4,59793.1,62430.48549091481,67687.27096927872,57581.9568852217,0,0
1782748800,59793.1,60666,59555.6,60401.7,62380.89197470175,67645.27630038017,57526.19985288668,0,0
1782763200,60401.7,60578.9,60169.5,60224,62331.47323309719,67600.13426358475,57473.44436120773,0,0
1782777600,60224,60249,59566,59587.3,62281.74681451326,67553.15135285626,57421.68808684483,0,0
1782792000,59587.3,59690.3,59324.3,59495.9,62231.47716623936,67502.21741392213,57372.28936561462,0,0
1782806400,59495.9,59528.3,59090,59160.1,62180.49277889741,67447.7479024813,57324.57795057489,0,0
1782820800,59160.1,59247.3,58156.7,58358.8,62128.193604112195,67393.29340619144,57274.42962678295,0,0
1782835200,58358.8,58823.4,58233.4,58793.5,62074.722170835936,67335.84666443783,57224.6629910054,0,0
1782849600,58793.5,58860,58472.2,58603.5,62020.21500282288,67274.37211426813,57176.40979930567,0,0
1782864000,58603.5,59325.6,57755.8,59177.2,61964.88409754531,67216.5776810484,57123.51020669126,1,0
1782878400,59177.2,59444,58499.9,58747.7,61908.969550827685,67158.58784686633,57069.700744521346,0,0
1782892800,58747.7,59078.6,58463,58592,61852.3655658037,67098.25729615019,57016.60937631122,0,0
1782907200,58592,60522,58293.9,60121.7,61796.10294399501,67046.57374598771,56956.80070890059,0,0
1782921600,60121.7,60333,59759.4,60002.7,61740.60678225931,66993.48602514819,56899.599528387625,0,0
1782936000,60002.7,61325.3,59845.5,60000,61686.25214523462,66944.8783354343,56840.69936850348,0,0
1782950400,60000,61107.5,59556.1,61038.9,61633.21544821647,66901.2507447665,56780.0034259214,0,0
1782964800,61038.9,61039,60075,60126.7,61581.33808757429,66858.71593810404,56720.52098886999,0,0
1782979200,60126.7,61400,60110.7,61329,61531.14057611771,66819.74851048458,56661.11209628229,0,0
1782993600,61329,62188.7,61115.6,61588.7,61483.25899284428,66783.56845211025,56603.611097719346,0,0
1783008000,61588.7,61925,61107.2,61445.2,61437.50191460742,66748.45744421837,56549.12167313818,0,0
1783022400,61445.2,61637.4,61305.7,61532.7,61393.817617691675,66711.55326618157,56499.97125138337,0,0
1783036800,61532.7,61707.7,61210.4,61406.2,61352.10665913559,66673.89182440563,56455.096418057416,0,0
1783051200,61406.2,61849.9,61307.9,61740.1,61312.504817637644,66636.0001781503,56414.29913203997,0,0
1783065600,61740.1,62078.9,61466.3,61990.1,61275.159415223105,66598.54895999025,56377.28178757537,0,0
1783080000,61990.1,62374.6,61666.6,61896.3,61240.13349085696,66562.23370637548,56343.57113858039,0,0
1783094400,61896.3,62291.6,61881.7,62174.3,61207.48728502743,66525.44963724389,56314.63628093118,0,0
1783108800,62174.3,62946.1,62150,62555.6,61177.55783308821,66490.90356544773,56288.8061633405,0,0
1783123200,62555.6,62940.1,62375.1,62600,61150.33560947621,66457.28601123595,56267.17203768086,0,0
1783137600,62600,62724.3,62311.8,62542.5,61125.6205241448,66423.60486906195,56250.20641121546,0,0
1783152000,62542.5,62650,62386.6,62457.1,61103.29830077367,66389.01133848321,56238.41940042712,0,0
1783166400,62457.1,63066.7,62457.1,62909.5,61083.57908652029,66355.87346943446,56230.19393660586,0,0
1783180800,62909.5,63450,62754.8,63263.2,61066.68945042413,66324.97676845953,56225.28257270213,0,0
1783195200,63263.2,63430,62900.1,63112.2,61052.51269040618,66295.3008452808,56224.33654100451,0,0
1783209600,63112.2,63115,62560.7,62738.6,61040.62232592998,66266.6269878062,56226.757619977245,0,0
1783224000,62738.6,63036.9,62621.6,62989.5,61031.00232144842,66238.22615001649,56233.13697931379,0,0
1783238400,62989.5,63086.2,62389.4,62625.8,61023.39141613706,66211.53799716066,56241.77314967008,0,0
1783252800,62625.8,62924.4,62526.8,62709.7,61017.72759655774,66184.82673183449,56254.0277718504,0,0
1783267200,62709.7,62857.9,62569.8,62744.4,61013.93472474549,66157.49943803038,56270.26810592427,0,0
1783281600,62744.4,63987.1,62578.8,63614.4,61012.56002493073,66136.60172085428,56285.51186387888,0,0
1783296000,63614.4,63895,63103,63269.9,61013.526703920295,66118.4018899693,56302.7891545992,0,0
1783310400,63269.9,63369.8,62852.7,63058.3,61016.42583132838,66100.93740519723,56323.017000622356,0,0
1783324800,63058.3,63216.9,62438,62447.8,61020.80314159704,66085.29633750214,56344.43094616953,0,0
1783339200,62447.8,63530,61272.5,63524,61026.66053484261,66079.98419397419,56359.778856825615,0,0
1783353600,63524,63969.3,63358.7,63720.6,61034.7739403735,66075.97223949974,56378.188677268874,0,0
1783368000,63720.6,64703.2,63577.7,64020,61045.423381864115,66076.46628681029,56397.442618914814,0,0
1783382400,64020,64303,63111.3,63165.1,61057.95972089564,66081.11038652323,56416.643477571284,0,0
1783396800,63165.1,63425.8,62761.6,63062.7,61071.877446398714,66086.35209358031,56437.88916577615,0,0
1783411200,63062.7,63469.8,62953,63378.7,61087.27568273495,66091.5060327648,56461.94911171334,0,0
1783425600,63378.7,64125.5,62635.5,63916.2,61104.347966140944,66102.34368096535,56484.25051897805,0,0
1783440000,63916.2,64234,63354.5,63793.1,61123.22416773722,66115.37060766837,56508.01770180399,0,0
1783454400,63793.1,63883.5,63173.1,63332.5,61143.50263896609,66129.21762580257,56533.67829203743,0,0
1783468800,63332.5,63743.7,62496,62734.2,61164.663977412325,66146.42964485807,56558.09602356337,0,0
1783483200,62734.2,62877.9,62444.1,62855.3,61186.40107386505,66161.98270853548,56584.998258960775,0,0
1783497600,62855.3,62918.1,61680.4,62278.3,61208.25908877649,66180.12060009915,56609.914679925445,0,0
1783512000,62278.3,62400,61500,61673.6,61229.79850525626,66198.35780511366,56634.15754257084,0,0
1783526400,61673.6,62375.7,61661.6,62255.7,61251.241128416805,66215.84128600468,56658.8669253141,0,0
1783540800,62255.7,62331,61920,62256,61272.638582203974,66230.90609562167,56685.56358575289,0,0
1783555200,62256,62629,61667.6,61943.8,61293.88780470397,66246.72046861758,56711.345944972134,0,0
1783569600,61943.8,63266,61927.6,62977.6,61315.58532287045,66266.01473356393,56734.97974191523,0,0
1783584000,62977.6,63072.7,62583,62756.6,61337.76729746746,66283.83543376524,56760.77240276484,0,0
1783598400,62756.6,63249.8,62429.1,62831.5,61360.42292943575,66302.1491191885,56787.02051287756,0,0
1783612800,62831.5,63479.9,62524,63219.2,61383.7342060942,66321.91616583116,56813.23826143704,0,0
1783627200,63219.2,63395,63030.8,63196.8,61407.77622825346,66339.81585970338,56842.40953086226,0,0
1783641600,63196.8,64030,62890.6,63929.4,61432.8778437108,66360.69795691369,56870.988346304825,0,0
1783656000,63929.4,64183.8,63782.1,63966,61459.30579763521,66380.5878596192,56902.87463430283,0,0
1783670400,63966,64499.9,63962.1,64408.2,61487.268495727105,66400.57330257252,56937.52326260656,0,0
1783684800,64408.2,64688.2,63750.1,64021.6,61516.54832142223,66422.73332114544,56972.74905995419,0,0
1783699200,64021.6,64207.9,63713,63901.8,61546.86512484807,66444.27402454567,57010.4296014564,0,0
1783713600,63901.8,64192.8,63635,64141.1,61578.19194428839,66465.60573924104,57050.164230864975,0,0
1783728000,64141.1,64292.1,63942.8,64124.7,61610.57769296994,66485.6688619382,57092.95474704242,0,0
1783742400,64124.7,64260.1,64052.2,64136.7,61643.975037099015,66503.73463027921,57139.34231663964,0,0
1783756800,64136.7,64286.5,64122.2,64183.5,61678.35437847663,66519.67375211061,57189.38750381713,0,0
1783771200,64183.5,64490.9,63855.5,64145.9,61713.61130605142,66536.16937857153,57240.59343970853,0,0
1783785600,64145.9,64373.3,64057.7,64265.5,61749.73911209285,66551.45610590286,57294.468123189996,0,0
1783800000,64265.5,64442,63762.6,63782.3,61786.44737351423,66567.37929831876,57348.88648585361,0,0
1783814400,63782.3,64192,63660,64192,61823.69506073032,66583.09623494498,57404.498845702095,0,0
1783828800,64192,64219.9,63594.3,63857.4,61861.308723715665,66599.00410825186,57460.64176561317,0,0
1783843200,63857.4,64076.7,63730.3,63983,61899.27462223057,66613.54618474218,57518.6342449357,0,0
1783857600,63983,64282.2,63928.1,64150,61937.7198904699,66626.99513116809,57578.48057949862,0,0
1783872000,64150,64250,63975,64205.4,61976.610213062624,66638.96372455666,57640.45535549709,0,0
1783886400,64205.4,64234.5,63625.1,63745,62015.63306053825,66651.11636094979,57702.5405406806,0,0
1783900800,63745,64412,62700,62779,62054.20812934573,66669.12799377333,57758.73875116233,0,0
1783915200,62779,63031.7,62394.5,62947.9,62091.83711451131,66686.16675330672,57814.03286407717,0,0
1783929600,62947.9,63249.7,62811.4,62878.7,62128.70392002832,66701.29474167383,57869.57907986297,0,0
1783944000,62878.7,62969.6,62073,62584.9,62164.38744395665,66716.7945077563,57922.61296116513,0,0
1783958400,62584.9,62606.5,61777.6,62253.3,62198.5858884704,66731.92921321095,57973.20910901446,0,0
1783972800,62253.3,62328.4,61848,62311.4,62231.28103442298,66744.63119184655,58023.12890236515,0,0
1783987200,62311.4,62652.5,62235.4,62545.8,62262.80915693834,66754.93697488775,58072.96927823732,0,0
1784001600,62545.8,62861.8,62480.6,62521.9,62293.327476861516,66762.87215688896,58123.003441503424,0,0
1784016000,62521.9,62900,62464,62812.3,62322.949438687974,66768.95343631064,58172.995484229934,0,0
1784030400,62812.3,65000,62755,64739.7,62353.050367084164,66784.89474221847,58215.30310240009,0,0
1784044800,64739.7,64882.1,64251,64550.9,62383.95255453445,66801.49296382265,58258.54129389063,0,0
1784059200,64550.9,65084.1,64388.5,65013.4,62415.84208021223,66819.32132217157,58302.55778562258,0,0
1784073600,65013.4,65037,64460.9,64765.2,62448.57824626265,66837.5687254796,58347.79749391019,0,0
1784088000,64765.2,65273.7,64449.1,64524,62482.08957881575,66857.5735421808,58392.95851310089,0,0
1784102400,64524,64894.2,64524,64702.4,62516.27275639698,66876.67204314978,58440.17412873868,0,0
1784116800,64702.4,65566.6,64574.4,65384.9,62551.502938192694,66898.79568300505,58486.71085749765,0,0
1784131200,65384.9,65428,64687.6,64951.6,62587.56122658264,66922.24396242632,58533.64424675533,0,0
1784145600,64951.6,65037.4,64641.5,64717.1,62624.17069082635,66944.80673914343,58582.389669080025,0,0
1784160000,64717.1,64821.6,64337.9,64589,62661.07203859523,66966.78554677409,58632.19978333218,0,0
1784174400,64589,64974.7,64051.2,64197.9,62698.05422572641,66990.4804433683,58680.665934547455,0,0
1784188800,64197.9,64333,63848.7,64218.1,62734.820275336,67013.0712802437,58729.70153121441,0,0
1784203200,64218.1,64878.4,63824,64675.3,62771.65179541932,67038.11087024886,58776.719957871675,0,0
1784217600,64675.3,64687.9,63952.6,64236,62808.35404301361,67063.50790283373,58823.18806388973,0,0
1784232000,64236,64248,63701.8,63795.3,62844.540978243,67087.7925390968,58869.671832836764,0,0
1784246400,63795.3,64033.2,63351.2,63537.9,62879.93904791785,67111.49755001142,58915.19156942417,0,0
1784260800,63537.9,63556.4,62673.1,62791.6,62913.94012862367,67135.16949717543,58958.12719553162,0,0
1784275200,62791.6,63331,62609.7,63265.9,62946.630292216316,67157.92853951422,58999.4115559066,0,0
1784289600,63265.9,63498.9,62502,63443.3,62978.109984320996,67181.45989961832,59037.75153328821,0,0
1784304000,63443.3,64360,63277.4,64120.7,63009.13870522997,67206.91015303288,59073.56180093257,0,0
1784318400,64120.7,64189.8,63853,63911.1,63039.76819294894,67229.98675702806,59110.7118343334,0,0
1784332800,63911.1,64012.7,63858.7,63988.1,63069.956338079006,67249.6998388928,59149.99475115402,0,0
1784347200,63988.1,63994.5,63894,63974.3,63099.69421483587,67265.87072140086,59191.55386386816,0,0
1784361600,63974.3,64060,63902,64026.1,63129.012435096956,67279.00435026948,59235.005772118915,0,0
1784376000,64026.1,64232.6,63926.1,64091,63157.98394917126,67290.14844705336,59279.56808807501,0,0
1784390400,64091,64650.5,64054.1,64525.2,63186.90610284171,67301.33968861162,59324.006347007955,0,0
1784404800,64525.2,64847.1,64473.4,64806,63216.03612089554,67311.59688178304,59369.668942141885,0,0
1784419200,64806,64948,64595.7,64689,63245.37106795628,67320.86205680258,59416.60340220338,0,0
1784433600,64689,64794.5,64587.8,64696,63274.825983455994,67328.30068495775,59465.38918263731,0,0
1784448000,64696,64729.4,64410,64446.4,63304.212683889564,67334.45674778528,59515.195296484424,0,0
1784462400,64446.4,64641.7,64250,64548,63333.46008181202,67339.74248327443,59565.525765572165,0,0
1784476800,64548,64734.1,64224.3,64432.2,63362.53084335719,67344.83955782416,59615.70836364029,0,0
1784491200,64432.2,64880.4,64313,64698.2,63391.56321479761,67350.23882729953,59665.5684788283,0,0
1784505600,64698.2,65100,64372.3,64842.1,63420.664684466305,67356.9583751729,59714.40525292554,0,0
1784520000,64842.1,64844.4,63678.8,64247.2,63449.31619827391,67366.92779402371,59759.526786461,0,0
1784534400,64247.2,65053.9,63802.6,64975.9,63477.84624059149,67380.82244283601,59800.946578867246,0,0
1784548800,64975.9,65718,64030,65573.8,63506.702158398475,67401.36298576902,59837.086972366924,0,0
1784563200,65573.8,65769.3,65013.1,65117.5,63536.02415276684,67423.17009385941,59872.98371644834,0,0
1784577600,65117.5,65423.5,65025.3,65221.1,63565.692758677455,67444.10232883868,59910.31322783053,0,0
1784592000,65221.1,65636.7,65114,65537.9,63595.85910796787,67465.07194879679,59948.550840500975,0,0
1784606400,65537.9,66244.9,65446.2,66163.9,63626.961889112914,67488.083517247,59986.74237362269,0,0
1784620800,66163.9,66394,66109.4,66320.1,63659.232381773276,67510.4875864493,60027.67884393162,0,0
1784635200,66320.1,66937.7,66236.1,66640.4,63692.896650948875,67534.89097726747,60069.4696487181,0,0
1784649600,66640.4,66733.7,66026,66411.1,63727.66608034952,67561.02092107588,60111.8125315602,0,0
1784664000,66411.1,66546.7,66170.7,66524,63763.483403935665,67586.97759627298,60156.28987126334,0,0
1784678400,66524,66709.5,66136.7,66175.4,63800.20304755839,67613.75253812327,60201.74529752052,0,0
1784692800,66175.4,66402.9,65666.6,65812.3,63837.39879258791,67641.83458152888,60246.939040247926,0,0
1784707200,65812.3,66131.8,65810.3,65987.3,63875.0305583322,67668.86149860271,60293.8994165303,0,0
1784721600,65987.3,66175.4,65509.8,66008.2,63912.97111233921,67696.69023746284,60340.73249486828,0,0
1784736000,66008.2,66364.7,65647.8,65883.7,63951.23515294954,67725.60289705762,60387.214031955584,0,0
1784750400,65883.7,66100,65757.8,66080.8,63989.786411787805,67753.46339891003,60435.18013120634,0,0
1784764800,66080.8,66285.5,65536.8,65621.7,64028.42201171797,67782.38636894699,60482.36193685872,0,0
1784779200,65621.7,65784.7,65314.9,65402.7,64066.80643268019,67810.44988354108,60529.84006936618,0,0
1784793600,65402.7,65756.7,65369.7,65530.1,64104.962585312904,67837.25137733248,60578.017897663834,0,0
1784808000,65530.1,65558.1,64684,64927.2,64142.39408628249,67865.08026746083,60623.91295944019,0,0
1784822400,64927.2,64932.2,64581.8,64819.5,64178.830104784865,67890.64514914739,60669.952753727346,0,0
1784836800,64819.5,65198.3,64805.2,65065.8,64214.51220142072,67914.49910550346,60716.10085588134,0,0
1784851200,65065.8,65442.3,64712.8,65419.9,64249.59887445785,67938.75766707068,60760.76597923348,0,0
1784865600,65419.9,65784.7,65207.7,65472.8,64284.36378397,67962.79679563387,60805.02307072914,0,0
1784880000,65472.8,65488,64815.1,65047.8,64318.434491595755,67986.78776849182,60848.01402202598,0,0
1784894400,65047.8,65109.8,63700.7,64059.8,64351.01413828587,68014.11757739901,60885.19807543505,0,0
1784908800,64059.8,64255.1,63845,64192.3,64381.94809038289,68038.72958467573,60921.70246586052,0,0
1784923200,64192.3,64249.7,64081,64113,64411.325244757405,68059.37900777116,60958.81097169873,0,0
1784937600,64113,64145,63975,64044.3,64439.09303561027,68076.12850222489,60996.36983786945,0,0
1784952000,64044.3,64171.9,63910,63967.6,64465.25591155418,68089.61797933726,61033.81606581045,0,0
1784966400,63967.6,64072,63750.1,64029.1,64489.79261915625,68100.25508427164,61070.74557819568,0,0
1784980800,64029.1,64241.2,63996,64145.5,64512.92102989075,68107.88776553755,61107.70890643949,0,0
1784995200,64145.5,64422.4,64075.6,64355.3,64534.83110577925,68113.37829699658,61144.29396956067,0,0
1785009600,64355.3,64406.7,64215.9,64335.1,64555.58748595836,68115.95448585,61181.31804969331,0,0
1785024000,64335.1,64550.9,64313.1,64516,64575.35575198064,68116.15046122146,61218.617644413534,0,0
1785038400,64516,64568.9,64256.8,64342.3,64594.09075157944,68114.42244629022,61255.699016068305,0,0
1785052800,64342.3,64550,64318.1,64479.7,64611.87669221236,68110.45817533896,61293.00435687282,0,0
1785067200,64479.7,64800,64375.6,64733.1,64628.91781663997,68105.64355924595,61329.67548447684,0,0
1785081600,64733.1,64912,64634.7,64667.5,64645.3278989131,68099.28094196648,61366.55719932358,0,0
1785096000,64667.5,65559.4,64601.6,65376,64661.5419119154,68095.7317843605,61400.54439339568,0,0
1785110400,65376,65398.1,64868.1,65259.3,64677.549080969555,68092.4509045222,61433.90786427706,0,0
1785124800,65259.3,65749.2,65183.9,65201.4,64693.53716175041,68089.81738614333,61466.661406416184,0,0
1785139200,65201.4,65406.2,65051.2,65072.6,64709.2988903976,68086.42766635375,61499.677783154504,0,0
1785153600,65072.6,65692.9,64374.1,64514.6,64724.52511269607,68087.45902956973,61527.69116034522,0,0
1785168000,64514.6,65069.6,64476.4,64946.7,64739.19563209168,68088.59512578243,61554.5590762705,0,0
1785182400,64946.7,65025.1,63565,63724.5,64752.61628285094,68094.07828592291,61575.1240198655,0,0
1785196800,63724.5,63793.6,63023.1,63310.3,64764.11259852531,68099.07631297165,61592.469498378625,0,0
1785211200,63310.3,63630,63183.4,63465.8,64773.806242171406,68101.77752320241,61608.46497242893,0,0
1785225600,63465.8,63567.5,63250.1,63427.3,64781.75420639269,68101.51682997287,61623.82092803011,0,0
1785240000,63427.3,64048.7,62707.4,63899.8,64788.159065951564,68104.51351015437,61633.294752618625,0,0
1785254400,63899.8,64087.5,63471.3,63872.3,64793.335067751555,68106.65538590326,61641.20445225775,0,0
1785268800,63872.3,64047.8,63525,63901.7,64797.34453105182,68107.45288128244,61648.11163316509,0,0
1785283200,63901.7,64174.2,63622.4,63719.9,64800.247800851845,68107.1398269825,61653.91948214256,0,0
1785297600,63719.9,64540.8,63557.2,64537.9,64802.45455720301,68108.6225609318,61656.77646587996,0,0
1785312000,64537.9,64721.3,64240,64484.7,64804.25538209025,68109.19162189597,61659.688151064096,0,0
1785326400,64484.7,64690.3,63860.2,63941.4,64805.356853233534,68110.56785302151,61660.53828735821,0,0
1785340800,63941.4,64733,63464.8,63556.1,64805.54797129282,68114.99209838035,61656.89693971788,0,0
1785355200,63556.1,64098.8,63176,63952.6,64804.69611163672,68120.2014731203,61650.56102746162,0,0
1785369600,63952.6,64390,63580,64141.4,64803.135961062915,68125.78206421644,61642.54270768651,0,0
1785384000,64141.4,64166,63879.9,63984.1,64800.87334641829,68128.668117499,61635.62715208846,0,0
1785398400,63984.1,64868.6,63950,64758,64798.44279430417,68133.10795325217,61626.98744709601,0,0
1785412800,64758,65186.3,64569.3,64700,64796.13733960553,68137.57780730414,61618.55982034851,0,0
1785427200,64700,64965,64654.3,64776.5,64793.934525274984,68140.31467485898,61611.89556136007,0,0
1785441600,64776.5,65080,64635.3,64751.1,64791.85472010716,68142.1746328803,61606.25868910619,0,0
1785456000,64751.1,65391.6,64139.3,64334.4,64789.700965317985,68147.58744469025,61597.270109998484,0,0
1785470400,64334.4,64458,63785.4,63905.1,64786.92228653059,68152.549777829,61587.502053025324,0,0
1785484800,63905.1,63982.8,63567.3,63773.3,64783.27950090305,68155.3289635716,61578.06537967582,0,0
1785499200,63773.3,63801,62384.9,62691,64778.009091538916,68161.0395614221,61562.888254985846,0,0
1785513600,62691,63268.2,62677,62971.9,64771.200579064986,68164.75201694075,61546.595569082725,0,0